respondent_id,survey_year,enterprise_ai_priority,genai_no_use,genai_free_personal,genai_paid_personal,genai_paid_by_company,genai_copilot,genai_question_available,genai_eligible
year_1_000000,year_1,NOT_AVAILABLE,,,,,,False,False
year_1_000001,year_1,NOT_AVAILABLE,,,,,,False,False
year_1_000002,year_1,NOT_AVAILABLE,,,,,,False,False
year_1_000003,year_1,NOT_AVAILABLE,,,,,,False,False
year_1_000004,year_1,NOT_AVAILABLE,,,,,,False,False
year_1_000005,year_1,NOT_AVAILABLE,,,,,,False,False
year_1_000006,year_1,NOT_AVAILABLE,,,,,,False,False
year_1_000007,year_1,NOT_AVAILABLE,,,,,,False,False
year_1_000008,year_1,NOT_AVAILABLE,,,,,,False,False
year_1_000009,year_1,NOT_AVAILABLE,,,,,,False,False
year_1_000010,year_1,NOT_AVAILABLE,,,,,,False,False
year_1_000011,year_1,NOT_AVAILABLE,,,,,,False,False
year_1_000012,year_1,NOT_AVAILABLE,,,,,,False,False
year_1_000013,year_1,NOT_AVAILABLE,,,,,,False,False
year_1_000014,year_1,NOT_AVAILABLE,,,,,,False,False
year_1_000015,year_1,NOT_AVAILABLE,,,,,,False,False
year_1_000016,year_1,NOT_AVAILABLE,,,,,,False,False
year_1_000017,year_1,NOT_AVAILABLE,,,,,,False,False
year_1_000018,year_1,NOT_AVAILABLE,,,,,,False,False
year_1_000019,year_1,NOT_AVAILABLE,,,,,,False,False
year_1_000020,year_1,NOT_AVAILABLE,,,,,,False,False
year_1_000021,year_1,NOT_AVAILABLE,,,,,,False,False
year_1_000022,year_1,NOT_AVAILABLE,,,,,,False,False
year_1_000023,year_1,NOT_AVAILABLE,,,,,,False,False
year_1_000024,year_1,NOT_AVAILABLE,,,,,,False,False
year_1_000025,year_1,NOT_AVAILABLE,,,,,,False,False
year_1_000026,year_1,NOT_AVAILABLE,,,,,,False,False
year_1_000027,year_1,NOT_AVAILABLE,,,,,,False,False
year_1_000028,year_1,NOT_AVAILABLE,,,,,,False,False
year_1_000029,year_1,NOT_AVAILABLE,,,,,,False,False
year_1_000030,year_1,NOT_AVAILABLE,,,,,,False,False
year_1_000031,year_1,NOT_AVAILABLE,,,,,,False,False
year_1_000032,year_1,NOT_AVAILABLE,,,,,,False,False
year_1_000033,year_1,NOT_AVAILABLE,,,,,,False,False
year_1_000034,year_1,NOT_AVAILABLE,,,,,,False,False
year_1_000035,year_1,NOT_AVAILABLE,,,,,,False,False
year_1_000036,year_1,NOT_AVAILABLE,,,,,,False,False
year_1_000037,year_1,NOT_AVAILABLE,,,,,,False,False
year_1_000038,year_1,NOT_AVAILABLE,,,,,,False,False
year_1_000039,year_1,NOT_AVAILABLE,,,,,,False,False
year_1_000040,year_1,NOT_AVAILABLE,,,,,,False,False
year_1_000041,year_1,NOT_AVAILABLE,,,,,,False,False
year_1_000042,year_1,NOT_AVAILABLE,,,,,,False,False
year_1_000043,year_1,NOT_AVAILABLE,,,,,,False,False
year_1_000044,year_1,NOT_AVAILABLE,,,,,,False,False
year_1_000045,year_1,NOT_AVAILABLE,,,,,,False,False
year_1_000046,year_1,NOT_AVAILABLE,,,,,,False,False
year_1_000047,year_1,NOT_AVAILABLE,,,,,,False,False
year_1_000048,year_1,NOT_AVAILABLE,,,,,,False,False
year_1_000049,year_1,NOT_AVAILABLE,,,,,,False,False
year_1_000050,year_1,NOT_AVAILABLE,,,,,,False,False
year_1_000051,year_1,NOT_AVAILABLE,,,,,,False,False
year_1_000052,year_1,NOT_AVAILABLE,,,,,,False,False
year_1_000053,year_1,NOT_AVAILABLE,,,,,,False,False
year_1_000054,year_1,NOT_AVAILABLE,,,,,,False,False
year_1_000055,year_1,NOT_AVAILABLE,,,,,,False,False
year_1_000056,year_1,NOT_AVAILABLE,,,,,,False,False
year_1_000057,year_1,NOT_AVAILABLE,,,,,,False,False
year_1_000058,year_1,NOT_AVAILABLE,,,,,,False,False
year_1_000059,year_1,NOT_AVAILABLE,,,,,,False,False
year_1_000060,year_1,NOT_AVAILABLE,,,,,,False,False
year_1_000061,year_1,NOT_AVAILABLE,,,,,,False,False
year_1_000062,year_1,NOT_AVAILABLE,,,,,,False,False
year_1_000063,year_1,NOT_AVAILABLE,,,,,,False,False
year_1_000064,year_1,NOT_AVAILABLE,,,,,,False,False
year_1_000065,year_1,NOT_AVAILABLE,,,,,,False,False
year_1_000066,year_1,NOT_AVAILABLE,,,,,,False,False
year_1_000067,year_1,NOT_AVAILABLE,,,,,,False,False
year_1_000068,year_1,NOT_AVAILABLE,,,,,,False,False
year_1_000069,year_1,NOT_AVAILABLE,,,,,,False,False
year_1_000070,year_1,NOT_AVAILABLE,,,,,,False,False
year_1_000071,year_1,NOT_AVAILABLE,,,,,,False,False
year_1_000072,year_1,NOT_AVAILABLE,,,,,,False,False
year_1_000073,year_1,NOT_AVAILABLE,,,,,,False,False
year_1_000074,year_1,NOT_AVAILABLE,,,,,,False,False
year_1_000075,year_1,NOT_AVAILABLE,,,,,,False,False
year_1_000076,year_1,NOT_AVAILABLE,,,,,,False,False
year_1_000077,year_1,NOT_AVAILABLE,,,,,,False,False
year_1_000078,year_1,NOT_AVAILABLE,,,,,,False,False
year_1_000079,year_1,NOT_AVAILABLE,,,,,,False,False
year_1_000080,year_1,NOT_AVAILABLE,,,,,,False,False
year_1_000081,year_1,NOT_AVAILABLE,,,,,,False,False
year_1_000082,year_1,NOT_AVAILABLE,,,,,,False,False
year_1_000083,year_1,NOT_AVAILABLE,,,,,,False,False
year_1_000084,year_1,NOT_AVAILABLE,,,,,,False,False
year_1_000085,year_1,NOT_AVAILABLE,,,,,,False,False
year_1_000086,year_1,NOT_AVAILABLE,,,,,,False,False
year_1_000087,year_1,NOT_AVAILABLE,,,,,,False,False
year_1_000088,year_1,NOT_AVAILABLE,,,,,,False,False
year_1_000089,year_1,NOT_AVAILABLE,,,,,,False,False
year_1_000090,year_1,NOT_AVAILABLE,,,,,,False,False
year_1_000091,year_1,NOT_AVAILABLE,,,,,,False,False
year_1_000092,year_1,NOT_AVAILABLE,,,,,,False,False
year_1_000093,year_1,NOT_AVAILABLE,,,,,,False,False
year_1_000094,year_1,NOT_AVAILABLE,,,,,,False,False
year_1_000095,year_1,NOT_AVAILABLE,,,,,,False,False
year_1_000096,year_1,NOT_AVAILABLE,,,,,,False,False
year_1_000097,year_1,NOT_AVAILABLE,,,,,,False,False
year_1_000098,year_1,NOT_AVAILABLE,,,,,,False,False
year_1_000099,year_1,NOT_AVAILABLE,,,,,,False,False
year_1_000100,year_1,NOT_AVAILABLE,,,,,,False,False
year_1_000101,year_1,NOT_AVAILABLE,,,,,,False,False
year_1_000102,year_1,NOT_AVAILABLE,,,,,,False,False
year_1_000103,year_1,NOT_AVAILABLE,,,,,,False,False
year_1_000104,year_1,NOT_AVAILABLE,,,,,,False,False
year_1_000105,year_1,NOT_AVAILABLE,,,,,,False,False
year_1_000106,year_1,NOT_AVAILABLE,,,,,,False,False
year_1_000107,year_1,NOT_AVAILABLE,,,,,,False,False
year_1_000108,year_1,NOT_AVAILABLE,,,,,,False,False
year_1_000109,year_1,NOT_AVAILABLE,,,,,,False,False
year_1_000110,year_1,NOT_AVAILABLE,,,,,,False,False
year_1_000111,year_1,NOT_AVAILABLE,,,,,,False,False
year_1_000112,year_1,NOT_AVAILABLE,,,,,,False,False
year_1_000113,year_1,NOT_AVAILABLE,,,,,,False,False
year_1_000114,year_1,NOT_AVAILABLE,,,,,,False,False
year_1_000115,year_1,NOT_AVAILABLE,,,,,,False,False
year_1_000116,year_1,NOT_AVAILABLE,,,,,,False,False
year_1_000117,year_1,NOT_AVAILABLE,,,,,,False,False
year_1_000118,year_1,NOT_AVAILABLE,,,,,,False,False
year_1_000119,year_1,NOT_AVAILABLE,,,,,,False,False
year_1_000120,year_1,NOT_AVAILABLE,,,,,,False,False
year_1_000121,year_1,NOT_AVAILABLE,,,,,,False,False
year_1_000122,year_1,NOT_AVAILABLE,,,,,,False,False
year_1_000123,year_1,NOT_AVAILABLE,,,,,,False,False
year_1_000124,year_1,NOT_AVAILABLE,,,,,,False,False
year_1_000125,year_1,NOT_AVAILABLE,,,,,,False,False
year_1_000126,year_1,NOT_AVAILABLE,,,,,,False,False
year_1_000127,year_1,NOT_AVAILABLE,,,,,,False,False
year_1_000128,year_1,NOT_AVAILABLE,,,,,,False,False
year_1_000129,year_1,NOT_AVAILABLE,,,,,,False,False
year_1_000130,year_1,NOT_AVAILABLE,,,,,,False,False
year_1_000131,year_1,NOT_AVAILABLE,,,,,,False,False
year_1_000132,year_1,NOT_AVAILABLE,,,,,,False,False
year_1_000133,year_1,NOT_AVAILABLE,,,,,,False,False
year_1_000134,year_1,NOT_AVAILABLE,,,,,,False,False
year_1_000135,year_1,NOT_AVAILABLE,,,,,,False,False
year_1_000136,year_1,NOT_AVAILABLE,,,,,,False,False
year_1_000137,year_1,NOT_AVAILABLE,,,,,,False,False
year_1_000138,year_1,NOT_AVAILABLE,,,,,,False,False
year_1_000139,year_1,NOT_AVAILABLE,,,,,,False,False
year_1_000140,year_1,NOT_AVAILABLE,,,,,,False,False
year_1_000141,year_1,NOT_AVAILABLE,,,,,,False,False
year_1_000142,year_1,NOT_AVAILABLE,,,,,,False,False
year_1_000143,year_1,NOT_AVAILABLE,,,,,,False,False
year_1_000144,year_1,NOT_AVAILABLE,,,,,,False,False
year_1_000145,year_1,NOT_AVAILABLE,,,,,,False,False
year_1_000146,year_1,NOT_AVAILABLE,,,,,,False,False
year_1_000147,year_1,NOT_AVAILABLE,,,,,,False,False
year_1_000148,year_1,NOT_AVAILABLE,,,,,,False,False
year_1_000149,year_1,NOT_AVAILABLE,,,,,,False,False
year_1_000150,year_1,NOT_AVAILABLE,,,,,,False,False
year_1_000151,year_1,NOT_AVAILABLE,,,,,,False,False
year_1_000152,year_1,NOT_AVAILABLE,,,,,,False,False
year_1_000153,year_1,NOT_AVAILABLE,,,,,,False,False
year_1_000154,year_1,NOT_AVAILABLE,,,,,,False,False
year_1_000155,year_1,NOT_AVAILABLE,,,,,,False,False
year_1_000156,year_1,NOT_AVAILABLE,,,,,,False,False
year_1_000157,year_1,NOT_AVAILABLE,,,,,,False,False
year_1_000158,year_1,NOT_AVAILABLE,,,,,,False,False
year_1_000159,year_1,NOT_AVAILABLE,,,,,,False,False
year_1_000160,year_1,NOT_AVAILABLE,,,,,,False,False
year_1_000161,year_1,NOT_AVAILABLE,,,,,,False,False
year_1_000162,year_1,NOT_AVAILABLE,,,,,,False,False
year_1_000163,year_1,NOT_AVAILABLE,,,,,,False,False
year_1_000164,year_1,NOT_AVAILABLE,,,,,,False,False
year_1_000165,year_1,NOT_AVAILABLE,,,,,,False,False
year_1_000166,year_1,NOT_AVAILABLE,,,,,,False,False
year_1_000167,year_1,NOT_AVAILABLE,,,,,,False,False
year_1_000168,year_1,NOT_AVAILABLE,,,,,,False,False
year_1_000169,year_1,NOT_AVAILABLE,,,,,,False,False
year_1_000170,year_1,NOT_AVAILABLE,,,,,,False,False
year_1_000171,year_1,NOT_AVAILABLE,,,,,,False,False
year_1_000172,year_1,NOT_AVAILABLE,,,,,,False,False
year_1_000173,year_1,NOT_AVAILABLE,,,,,,False,False
year_1_000174,year_1,NOT_AVAILABLE,,,,,,False,False
year_1_000175,year_1,NOT_AVAILABLE,,,,,,False,False
year_1_000176,year_1,NOT_AVAILABLE,,,,,,False,False
year_1_000177,year_1,NOT_AVAILABLE,,,,,,False,False
year_1_000178,year_1,NOT_AVAILABLE,,,,,,False,False
year_1_000179,year_1,NOT_AVAILABLE,,,,,,False,False
year_1_000180,year_1,NOT_AVAILABLE,,,,,,False,False
year_1_000181,year_1,NOT_AVAILABLE,,,,,,False,False
year_1_000182,year_1,NOT_AVAILABLE,,,,,,False,False
year_1_000183,year_1,NOT_AVAILABLE,,,,,,False,False
year_1_000184,year_1,NOT_AVAILABLE,,,,,,False,False
year_1_000185,year_1,NOT_AVAILABLE,,,,,,False,False
year_1_000186,year_1,NOT_AVAILABLE,,,,,,False,False
year_1_000187,year_1,NOT_AVAILABLE,,,,,,False,False
year_1_000188,year_1,NOT_AVAILABLE,,,,,,False,False
year_1_000189,year_1,NOT_AVAILABLE,,,,,,False,False
year_1_000190,year_1,NOT_AVAILABLE,,,,,,False,False
year_1_000191,year_1,NOT_AVAILABLE,,,,,,False,False
year_1_000192,year_1,NOT_AVAILABLE,,,,,,False,False
year_1_000193,year_1,NOT_AVAILABLE,,,,,,False,False
year_1_000194,year_1,NOT_AVAILABLE,,,,,,False,False
year_1_000195,year_1,NOT_AVAILABLE,,,,,,False,False
year_1_000196,year_1,NOT_AVAILABLE,,,,,,False,False
year_1_000197,year_1,NOT_AVAILABLE,,,,,,False,False
year_1_000198,year_1,NOT_AVAILABLE,,,,,,False,False
year_1_000199,year_1,NOT_AVAILABLE,,,,,,False,False
year_1_000200,year_1,NOT_AVAILABLE,,,,,,False,False
year_1_000201,year_1,NOT_AVAILABLE,,,,,,False,False
year_1_000202,year_1,NOT_AVAILABLE,,,,,,False,False
year_1_000203,year_1,NOT_AVAILABLE,,,,,,False,False
year_1_000204,year_1,NOT_AVAILABLE,,,,,,False,False
year_1_000205,year_1,NOT_AVAILABLE,,,,,,False,False
year_1_000206,year_1,NOT_AVAILABLE,,,,,,False,False
year_1_000207,year_1,NOT_AVAILABLE,,,,,,False,False
year_1_000208,year_1,NOT_AVAILABLE,,,,,,False,False
year_1_000209,year_1,NOT_AVAILABLE,,,,,,False,False
year_1_000210,year_1,NOT_AVAILABLE,,,,,,False,False
year_1_000211,year_1,NOT_AVAILABLE,,,,,,False,False
year_1_000212,year_1,NOT_AVAILABLE,,,,,,False,False
year_1_000213,year_1,NOT_AVAILABLE,,,,,,False,False
year_1_000214,year_1,NOT_AVAILABLE,,,,,,False,False
year_1_000215,year_1,NOT_AVAILABLE,,,,,,False,False
year_1_000216,year_1,NOT_AVAILABLE,,,,,,False,False
year_1_000217,year_1,NOT_AVAILABLE,,,,,,False,False
year_1_000218,year_1,NOT_AVAILABLE,,,,,,False,False
year_1_000219,year_1,NOT_AVAILABLE,,,,,,False,False
year_1_000220,year_1,NOT_AVAILABLE,,,,,,False,False
year_1_000221,year_1,NOT_AVAILABLE,,,,,,False,False
year_1_000222,year_1,NOT_AVAILABLE,,,,,,False,False
year_1_000223,year_1,NOT_AVAILABLE,,,,,,False,False
year_1_000224,year_1,NOT_AVAILABLE,,,,,,False,False
year_1_000225,year_1,NOT_AVAILABLE,,,,,,False,False
year_1_000226,year_1,NOT_AVAILABLE,,,,,,False,False
year_1_000227,year_1,NOT_AVAILABLE,,,,,,False,False
year_1_000228,year_1,NOT_AVAILABLE,,,,,,False,False
year_1_000229,year_1,NOT_AVAILABLE,,,,,,False,False
year_1_000230,year_1,NOT_AVAILABLE,,,,,,False,False
year_1_000231,year_1,NOT_AVAILABLE,,,,,,False,False
year_1_000232,year_1,NOT_AVAILABLE,,,,,,False,False
year_1_000233,year_1,NOT_AVAILABLE,,,,,,False,False
year_1_000234,year_1,NOT_AVAILABLE,,,,,,False,False
year_1_000235,year_1,NOT_AVAILABLE,,,,,,False,False
year_1_000236,year_1,NOT_AVAILABLE,,,,,,False,False
year_1_000237,year_1,NOT_AVAILABLE,,,,,,False,False
year_1_000238,year_1,NOT_AVAILABLE,,,,,,False,False
year_1_000239,year_1,NOT_AVAILABLE,,,,,,False,False
year_1_000240,year_1,NOT_AVAILABLE,,,,,,False,False
year_1_000241,year_1,NOT_AVAILABLE,,,,,,False,False
year_1_000242,year_1,NOT_AVAILABLE,,,,,,False,False
year_1_000243,year_1,NOT_AVAILABLE,,,,,,False,False
year_1_000244,year_1,NOT_AVAILABLE,,,,,,False,False
year_1_000245,year_1,NOT_AVAILABLE,,,,,,False,False
year_1_000246,year_1,NOT_AVAILABLE,,,,,,False,False
year_1_000247,year_1,NOT_AVAILABLE,,,,,,False,False
year_1_000248,year_1,NOT_AVAILABLE,,,,,,False,False
year_1_000249,year_1,NOT_AVAILABLE,,,,,,False,False
year_1_000250,year_1,NOT_AVAILABLE,,,,,,False,False
year_1_000251,year_1,NOT_AVAILABLE,,,,,,False,False
year_1_000252,year_1,NOT_AVAILABLE,,,,,,False,False
year_1_000253,year_1,NOT_AVAILABLE,,,,,,False,False
year_1_000254,year_1,NOT_AVAILABLE,,,,,,False,False
year_1_000255,year_1,NOT_AVAILABLE,,,,,,False,False
year_1_000256,year_1,NOT_AVAILABLE,,,,,,False,False
year_1_000257,year_1,NOT_AVAILABLE,,,,,,False,False
year_1_000258,year_1,NOT_AVAILABLE,,,,,,False,False
year_1_000259,year_1,NOT_AVAILABLE,,,,,,False,False
year_1_000260,year_1,NOT_AVAILABLE,,,,,,False,False
year_1_000261,year_1,NOT_AVAILABLE,,,,,,False,False
year_1_000262,year_1,NOT_AVAILABLE,,,,,,False,False
year_1_000263,year_1,NOT_AVAILABLE,,,,,,False,False
year_1_000264,year_1,NOT_AVAILABLE,,,,,,False,False
year_1_000265,year_1,NOT_AVAILABLE,,,,,,False,False
year_1_000266,year_1,NOT_AVAILABLE,,,,,,False,False
year_1_000267,year_1,NOT_AVAILABLE,,,,,,False,False
year_1_000268,year_1,NOT_AVAILABLE,,,,,,False,False
year_1_000269,year_1,NOT_AVAILABLE,,,,,,False,False
year_1_000270,year_1,NOT_AVAILABLE,,,,,,False,False
year_1_000271,year_1,NOT_AVAILABLE,,,,,,False,False
year_1_000272,year_1,NOT_AVAILABLE,,,,,,False,False
year_1_000273,year_1,NOT_AVAILABLE,,,,,,False,False
year_1_000274,year_1,NOT_AVAILABLE,,,,,,False,False
year_1_000275,year_1,NOT_AVAILABLE,,,,,,False,False
year_1_000276,year_1,NOT_AVAILABLE,,,,,,False,False
year_1_000277,year_1,NOT_AVAILABLE,,,,,,False,False
year_1_000278,year_1,NOT_AVAILABLE,,,,,,False,False
year_1_000279,year_1,NOT_AVAILABLE,,,,,,False,False
year_1_000280,year_1,NOT_AVAILABLE,,,,,,False,False
year_1_000281,year_1,NOT_AVAILABLE,,,,,,False,False
year_1_000282,year_1,NOT_AVAILABLE,,,,,,False,False
year_1_000283,year_1,NOT_AVAILABLE,,,,,,False,False
year_1_000284,year_1,NOT_AVAILABLE,,,,,,False,False
year_1_000285,year_1,NOT_AVAILABLE,,,,,,False,False
year_1_000286,year_1,NOT_AVAILABLE,,,,,,False,False
year_1_000287,year_1,NOT_AVAILABLE,,,,,,False,False
year_1_000288,year_1,NOT_AVAILABLE,,,,,,False,False
year_1_000289,year_1,NOT_AVAILABLE,,,,,,False,False
year_1_000290,year_1,NOT_AVAILABLE,,,,,,False,False
year_1_000291,year_1,NOT_AVAILABLE,,,,,,False,False
year_1_000292,year_1,NOT_AVAILABLE,,,,,,False,False
year_1_000293,year_1,NOT_AVAILABLE,,,,,,False,False
year_1_000294,year_1,NOT_AVAILABLE,,,,,,False,False
year_1_000295,year_1,NOT_AVAILABLE,,,,,,False,False
year_1_000296,year_1,NOT_AVAILABLE,,,,,,False,False
year_1_000297,year_1,NOT_AVAILABLE,,,,,,False,False
year_1_000298,year_1,NOT_AVAILABLE,,,,,,False,False
year_1_000299,year_1,NOT_AVAILABLE,,,,,,False,False
year_1_000300,year_1,NOT_AVAILABLE,,,,,,False,False
year_1_000301,year_1,NOT_AVAILABLE,,,,,,False,False
year_1_000302,year_1,NOT_AVAILABLE,,,,,,False,False
year_1_000303,year_1,NOT_AVAILABLE,,,,,,False,False
year_1_000304,year_1,NOT_AVAILABLE,,,,,,False,False
year_1_000305,year_1,NOT_AVAILABLE,,,,,,False,False
year_1_000306,year_1,NOT_AVAILABLE,,,,,,False,False
year_1_000307,year_1,NOT_AVAILABLE,,,,,,False,False
year_1_000308,year_1,NOT_AVAILABLE,,,,,,False,False
year_1_000309,year_1,NOT_AVAILABLE,,,,,,False,False
year_1_000310,year_1,NOT_AVAILABLE,,,,,,False,False
year_1_000311,year_1,NOT_AVAILABLE,,,,,,False,False
year_1_000312,year_1,NOT_AVAILABLE,,,,,,False,False
year_1_000313,year_1,NOT_AVAILABLE,,,,,,False,False
year_1_000314,year_1,NOT_AVAILABLE,,,,,,False,False
year_1_000315,year_1,NOT_AVAILABLE,,,,,,False,False
year_1_000316,year_1,NOT_AVAILABLE,,,,,,False,False
year_1_000317,year_1,NOT_AVAILABLE,,,,,,False,False
year_1_000318,year_1,NOT_AVAILABLE,,,,,,False,False
year_1_000319,year_1,NOT_AVAILABLE,,,,,,False,False
year_1_000320,year_1,NOT_AVAILABLE,,,,,,False,False
year_1_000321,year_1,NOT_AVAILABLE,,,,,,False,False
year_1_000322,year_1,NOT_AVAILABLE,,,,,,False,False
year_1_000323,year_1,NOT_AVAILABLE,,,,,,False,False
year_1_000324,year_1,NOT_AVAILABLE,,,,,,False,False
year_1_000325,year_1,NOT_AVAILABLE,,,,,,False,False
year_1_000326,year_1,NOT_AVAILABLE,,,,,,False,False
year_1_000327,year_1,NOT_AVAILABLE,,,,,,False,False
year_1_000328,year_1,NOT_AVAILABLE,,,,,,False,False
year_1_000329,year_1,NOT_AVAILABLE,,,,,,False,False
year_1_000330,year_1,NOT_AVAILABLE,,,,,,False,False
year_1_000331,year_1,NOT_AVAILABLE,,,,,,False,False
year_1_000332,year_1,NOT_AVAILABLE,,,,,,False,False
year_1_000333,year_1,NOT_AVAILABLE,,,,,,False,False
year_1_000334,year_1,NOT_AVAILABLE,,,,,,False,False
year_1_000335,year_1,NOT_AVAILABLE,,,,,,False,False
year_1_000336,year_1,NOT_AVAILABLE,,,,,,False,False
year_1_000337,year_1,NOT_AVAILABLE,,,,,,False,False
year_1_000338,year_1,NOT_AVAILABLE,,,,,,False,False
year_1_000339,year_1,NOT_AVAILABLE,,,,,,False,False
year_1_000340,year_1,NOT_AVAILABLE,,,,,,False,False
year_1_000341,year_1,NOT_AVAILABLE,,,,,,False,False
year_1_000342,year_1,NOT_AVAILABLE,,,,,,False,False
year_1_000343,year_1,NOT_AVAILABLE,,,,,,False,False
year_1_000344,year_1,NOT_AVAILABLE,,,,,,False,False
year_1_000345,year_1,NOT_AVAILABLE,,,,,,False,False
year_1_000346,year_1,NOT_AVAILABLE,,,,,,False,False
year_1_000347,year_1,NOT_AVAILABLE,,,,,,False,False
year_1_000348,year_1,NOT_AVAILABLE,,,,,,False,False
year_1_000349,year_1,NOT_AVAILABLE,,,,,,False,False
year_1_000350,year_1,NOT_AVAILABLE,,,,,,False,False
year_1_000351,year_1,NOT_AVAILABLE,,,,,,False,False
year_1_000352,year_1,NOT_AVAILABLE,,,,,,False,False
year_1_000353,year_1,NOT_AVAILABLE,,,,,,False,False
year_1_000354,year_1,NOT_AVAILABLE,,,,,,False,False
year_1_000355,year_1,NOT_AVAILABLE,,,,,,False,False
year_1_000356,year_1,NOT_AVAILABLE,,,,,,False,False
year_1_000357,year_1,NOT_AVAILABLE,,,,,,False,False
year_1_000358,year_1,NOT_AVAILABLE,,,,,,False,False
year_1_000359,year_1,NOT_AVAILABLE,,,,,,False,False
year_1_000360,year_1,NOT_AVAILABLE,,,,,,False,False
year_1_000361,year_1,NOT_AVAILABLE,,,,,,False,False
year_1_000362,year_1,NOT_AVAILABLE,,,,,,False,False
year_1_000363,year_1,NOT_AVAILABLE,,,,,,False,False
year_1_000364,year_1,NOT_AVAILABLE,,,,,,False,False
year_1_000365,year_1,NOT_AVAILABLE,,,,,,False,False
year_1_000366,year_1,NOT_AVAILABLE,,,,,,False,False
year_1_000367,year_1,NOT_AVAILABLE,,,,,,False,False
year_1_000368,year_1,NOT_AVAILABLE,,,,,,False,False
year_1_000369,year_1,NOT_AVAILABLE,,,,,,False,False
year_1_000370,year_1,NOT_AVAILABLE,,,,,,False,False
year_1_000371,year_1,NOT_AVAILABLE,,,,,,False,False
year_1_000372,year_1,NOT_AVAILABLE,,,,,,False,False
year_1_000373,year_1,NOT_AVAILABLE,,,,,,False,False
year_1_000374,year_1,NOT_AVAILABLE,,,,,,False,False
year_1_000375,year_1,NOT_AVAILABLE,,,,,,False,False
year_1_000376,year_1,NOT_AVAILABLE,,,,,,False,False
year_1_000377,year_1,NOT_AVAILABLE,,,,,,False,False
year_1_000378,year_1,NOT_AVAILABLE,,,,,,False,False
year_1_000379,year_1,NOT_AVAILABLE,,,,,,False,False
year_1_000380,year_1,NOT_AVAILABLE,,,,,,False,False
year_1_000381,year_1,NOT_AVAILABLE,,,,,,False,False
year_1_000382,year_1,NOT_AVAILABLE,,,,,,False,False
year_1_000383,year_1,NOT_AVAILABLE,,,,,,False,False
year_1_000384,year_1,NOT_AVAILABLE,,,,,,False,False
year_1_000385,year_1,NOT_AVAILABLE,,,,,,False,False
year_1_000386,year_1,NOT_AVAILABLE,,,,,,False,False
year_1_000387,year_1,NOT_AVAILABLE,,,,,,False,False
year_1_000388,year_1,NOT_AVAILABLE,,,,,,False,False
year_1_000389,year_1,NOT_AVAILABLE,,,,,,False,False
year_1_000390,year_1,NOT_AVAILABLE,,,,,,False,False
year_1_000391,year_1,NOT_AVAILABLE,,,,,,False,False
year_1_000392,year_1,NOT_AVAILABLE,,,,,,False,False
year_1_000393,year_1,NOT_AVAILABLE,,,,,,False,False
year_1_000394,year_1,NOT_AVAILABLE,,,,,,False,False
year_1_000395,year_1,NOT_AVAILABLE,,,,,,False,False
year_1_000396,year_1,NOT_AVAILABLE,,,,,,False,False
year_1_000397,year_1,NOT_AVAILABLE,,,,,,False,False
year_1_000398,year_1,NOT_AVAILABLE,,,,,,False,False
year_1_000399,year_1,NOT_AVAILABLE,,,,,,False,False
year_1_000400,year_1,NOT_AVAILABLE,,,,,,False,False
year_1_000401,year_1,NOT_AVAILABLE,,,,,,False,False
year_1_000402,year_1,NOT_AVAILABLE,,,,,,False,False
year_1_000403,year_1,NOT_AVAILABLE,,,,,,False,False
year_1_000404,year_1,NOT_AVAILABLE,,,,,,False,False
year_1_000405,year_1,NOT_AVAILABLE,,,,,,False,False
year_1_000406,year_1,NOT_AVAILABLE,,,,,,False,False
year_1_000407,year_1,NOT_AVAILABLE,,,,,,False,False
year_1_000408,year_1,NOT_AVAILABLE,,,,,,False,False
year_1_000409,year_1,NOT_AVAILABLE,,,,,,False,False
year_1_000410,year_1,NOT_AVAILABLE,,,,,,False,False
year_1_000411,year_1,NOT_AVAILABLE,,,,,,False,False
year_1_000412,year_1,NOT_AVAILABLE,,,,,,False,False
year_1_000413,year_1,NOT_AVAILABLE,,,,,,False,False
year_1_000414,year_1,NOT_AVAILABLE,,,,,,False,False
year_1_000415,year_1,NOT_AVAILABLE,,,,,,False,False
year_1_000416,year_1,NOT_AVAILABLE,,,,,,False,False
year_1_000417,year_1,NOT_AVAILABLE,,,,,,False,False
year_1_000418,year_1,NOT_AVAILABLE,,,,,,False,False
year_1_000419,year_1,NOT_AVAILABLE,,,,,,False,False
year_1_000420,year_1,NOT_AVAILABLE,,,,,,False,False
year_1_000421,year_1,NOT_AVAILABLE,,,,,,False,False
year_1_000422,year_1,NOT_AVAILABLE,,,,,,False,False
year_1_000423,year_1,NOT_AVAILABLE,,,,,,False,False
year_1_000424,year_1,NOT_AVAILABLE,,,,,,False,False
year_1_000425,year_1,NOT_AVAILABLE,,,,,,False,False
year_1_000426,year_1,NOT_AVAILABLE,,,,,,False,False
year_1_000427,year_1,NOT_AVAILABLE,,,,,,False,False
year_1_000428,year_1,NOT_AVAILABLE,,,,,,False,False
year_1_000429,year_1,NOT_AVAILABLE,,,,,,False,False
year_1_000430,year_1,NOT_AVAILABLE,,,,,,False,False
year_1_000431,year_1,NOT_AVAILABLE,,,,,,False,False
year_1_000432,year_1,NOT_AVAILABLE,,,,,,False,False
year_1_000433,year_1,NOT_AVAILABLE,,,,,,False,False
year_1_000434,year_1,NOT_AVAILABLE,,,,,,False,False
year_1_000435,year_1,NOT_AVAILABLE,,,,,,False,False
year_1_000436,year_1,NOT_AVAILABLE,,,,,,False,False
year_1_000437,year_1,NOT_AVAILABLE,,,,,,False,False
year_1_000438,year_1,NOT_AVAILABLE,,,,,,False,False
year_1_000439,year_1,NOT_AVAILABLE,,,,,,False,False
year_1_000440,year_1,NOT_AVAILABLE,,,,,,False,False
year_1_000441,year_1,NOT_AVAILABLE,,,,,,False,False
year_1_000442,year_1,NOT_AVAILABLE,,,,,,False,False
year_1_000443,year_1,NOT_AVAILABLE,,,,,,False,False
year_1_000444,year_1,NOT_AVAILABLE,,,,,,False,False
year_1_000445,year_1,NOT_AVAILABLE,,,,,,False,False
year_1_000446,year_1,NOT_AVAILABLE,,,,,,False,False
year_1_000447,year_1,NOT_AVAILABLE,,,,,,False,False
year_1_000448,year_1,NOT_AVAILABLE,,,,,,False,False
year_1_000449,year_1,NOT_AVAILABLE,,,,,,False,False
year_1_000450,year_1,NOT_AVAILABLE,,,,,,False,False
year_1_000451,year_1,NOT_AVAILABLE,,,,,,False,False
year_1_000452,year_1,NOT_AVAILABLE,,,,,,False,False
year_1_000453,year_1,NOT_AVAILABLE,,,,,,False,False
year_1_000454,year_1,NOT_AVAILABLE,,,,,,False,False
year_1_000455,year_1,NOT_AVAILABLE,,,,,,False,False
year_1_000456,year_1,NOT_AVAILABLE,,,,,,False,False
year_1_000457,year_1,NOT_AVAILABLE,,,,,,False,False
year_1_000458,year_1,NOT_AVAILABLE,,,,,,False,False
year_1_000459,year_1,NOT_AVAILABLE,,,,,,False,False
year_1_000460,year_1,NOT_AVAILABLE,,,,,,False,False
year_1_000461,year_1,NOT_AVAILABLE,,,,,,False,False
year_1_000462,year_1,NOT_AVAILABLE,,,,,,False,False
year_1_000463,year_1,NOT_AVAILABLE,,,,,,False,False
year_1_000464,year_1,NOT_AVAILABLE,,,,,,False,False
year_1_000465,year_1,NOT_AVAILABLE,,,,,,False,False
year_1_000466,year_1,NOT_AVAILABLE,,,,,,False,False
year_1_000467,year_1,NOT_AVAILABLE,,,,,,False,False
year_1_000468,year_1,NOT_AVAILABLE,,,,,,False,False
year_1_000469,year_1,NOT_AVAILABLE,,,,,,False,False
year_1_000470,year_1,NOT_AVAILABLE,,,,,,False,False
year_1_000471,year_1,NOT_AVAILABLE,,,,,,False,False
year_1_000472,year_1,NOT_AVAILABLE,,,,,,False,False
year_1_000473,year_1,NOT_AVAILABLE,,,,,,False,False
year_1_000474,year_1,NOT_AVAILABLE,,,,,,False,False
year_1_000475,year_1,NOT_AVAILABLE,,,,,,False,False
year_1_000476,year_1,NOT_AVAILABLE,,,,,,False,False
year_1_000477,year_1,NOT_AVAILABLE,,,,,,False,False
year_1_000478,year_1,NOT_AVAILABLE,,,,,,False,False
year_1_000479,year_1,NOT_AVAILABLE,,,,,,False,False
year_1_000480,year_1,NOT_AVAILABLE,,,,,,False,False
year_1_000481,year_1,NOT_AVAILABLE,,,,,,False,False
year_1_000482,year_1,NOT_AVAILABLE,,,,,,False,False
year_1_000483,year_1,NOT_AVAILABLE,,,,,,False,False
year_1_000484,year_1,NOT_AVAILABLE,,,,,,False,False
year_1_000485,year_1,NOT_AVAILABLE,,,,,,False,False
year_1_000486,year_1,NOT_AVAILABLE,,,,,,False,False
year_1_000487,year_1,NOT_AVAILABLE,,,,,,False,False
year_1_000488,year_1,NOT_AVAILABLE,,,,,,False,False
year_1_000489,year_1,NOT_AVAILABLE,,,,,,False,False
year_1_000490,year_1,NOT_AVAILABLE,,,,,,False,False
year_1_000491,year_1,NOT_AVAILABLE,,,,,,False,False
year_1_000492,year_1,NOT_AVAILABLE,,,,,,False,False
year_1_000493,year_1,NOT_AVAILABLE,,,,,,False,False
year_1_000494,year_1,NOT_AVAILABLE,,,,,,False,False
year_1_000495,year_1,NOT_AVAILABLE,,,,,,False,False
year_1_000496,year_1,NOT_AVAILABLE,,,,,,False,False
year_1_000497,year_1,NOT_AVAILABLE,,,,,,False,False
year_1_000498,year_1,NOT_AVAILABLE,,,,,,False,False
year_1_000499,year_1,NOT_AVAILABLE,,,,,,False,False
year_1_000500,year_1,NOT_AVAILABLE,,,,,,False,False
year_1_000501,year_1,NOT_AVAILABLE,,,,,,False,False
year_1_000502,year_1,NOT_AVAILABLE,,,,,,False,False
year_1_000503,year_1,NOT_AVAILABLE,,,,,,False,False
year_1_000504,year_1,NOT_AVAILABLE,,,,,,False,False
year_1_000505,year_1,NOT_AVAILABLE,,,,,,False,False
year_1_000506,year_1,NOT_AVAILABLE,,,,,,False,False
year_1_000507,year_1,NOT_AVAILABLE,,,,,,False,False
year_1_000508,year_1,NOT_AVAILABLE,,,,,,False,False
year_1_000509,year_1,NOT_AVAILABLE,,,,,,False,False
year_1_000510,year_1,NOT_AVAILABLE,,,,,,False,False
year_1_000511,year_1,NOT_AVAILABLE,,,,,,False,False
year_1_000512,year_1,NOT_AVAILABLE,,,,,,False,False
year_1_000513,year_1,NOT_AVAILABLE,,,,,,False,False
year_1_000514,year_1,NOT_AVAILABLE,,,,,,False,False
year_1_000515,year_1,NOT_AVAILABLE,,,,,,False,False
year_1_000516,year_1,NOT_AVAILABLE,,,,,,False,False
year_1_000517,year_1,NOT_AVAILABLE,,,,,,False,False
year_1_000518,year_1,NOT_AVAILABLE,,,,,,False,False
year_1_000519,year_1,NOT_AVAILABLE,,,,,,False,False
year_1_000520,year_1,NOT_AVAILABLE,,,,,,False,False
year_1_000521,year_1,NOT_AVAILABLE,,,,,,False,False
year_1_000522,year_1,NOT_AVAILABLE,,,,,,False,False
year_1_000523,year_1,NOT_AVAILABLE,,,,,,False,False
year_1_000524,year_1,NOT_AVAILABLE,,,,,,False,False
year_1_000525,year_1,NOT_AVAILABLE,,,,,,False,False
year_1_000526,year_1,NOT_AVAILABLE,,,,,,False,False
year_1_000527,year_1,NOT_AVAILABLE,,,,,,False,False
year_1_000528,year_1,NOT_AVAILABLE,,,,,,False,False
year_1_000529,year_1,NOT_AVAILABLE,,,,,,False,False
year_1_000530,year_1,NOT_AVAILABLE,,,,,,False,False
year_1_000531,year_1,NOT_AVAILABLE,,,,,,False,False
year_1_000532,year_1,NOT_AVAILABLE,,,,,,False,False
year_1_000533,year_1,NOT_AVAILABLE,,,,,,False,False
year_1_000534,year_1,NOT_AVAILABLE,,,,,,False,False
year_1_000535,year_1,NOT_AVAILABLE,,,,,,False,False
year_1_000536,year_1,NOT_AVAILABLE,,,,,,False,False
year_1_000537,year_1,NOT_AVAILABLE,,,,,,False,False
year_1_000538,year_1,NOT_AVAILABLE,,,,,,False,False
year_1_000539,year_1,NOT_AVAILABLE,,,,,,False,False
year_1_000540,year_1,NOT_AVAILABLE,,,,,,False,False
year_1_000541,year_1,NOT_AVAILABLE,,,,,,False,False
year_1_000542,year_1,NOT_AVAILABLE,,,,,,False,False
year_1_000543,year_1,NOT_AVAILABLE,,,,,,False,False
year_1_000544,year_1,NOT_AVAILABLE,,,,,,False,False
year_1_000545,year_1,NOT_AVAILABLE,,,,,,False,False
year_1_000546,year_1,NOT_AVAILABLE,,,,,,False,False
year_1_000547,year_1,NOT_AVAILABLE,,,,,,False,False
year_1_000548,year_1,NOT_AVAILABLE,,,,,,False,False
year_1_000549,year_1,NOT_AVAILABLE,,,,,,False,False
year_1_000550,year_1,NOT_AVAILABLE,,,,,,False,False
year_1_000551,year_1,NOT_AVAILABLE,,,,,,False,False
year_1_000552,year_1,NOT_AVAILABLE,,,,,,False,False
year_1_000553,year_1,NOT_AVAILABLE,,,,,,False,False
year_1_000554,year_1,NOT_AVAILABLE,,,,,,False,False
year_1_000555,year_1,NOT_AVAILABLE,,,,,,False,False
year_1_000556,year_1,NOT_AVAILABLE,,,,,,False,False
year_1_000557,year_1,NOT_AVAILABLE,,,,,,False,False
year_1_000558,year_1,NOT_AVAILABLE,,,,,,False,False
year_1_000559,year_1,NOT_AVAILABLE,,,,,,False,False
year_1_000560,year_1,NOT_AVAILABLE,,,,,,False,False
year_1_000561,year_1,NOT_AVAILABLE,,,,,,False,False
year_1_000562,year_1,NOT_AVAILABLE,,,,,,False,False
year_1_000563,year_1,NOT_AVAILABLE,,,,,,False,False
year_1_000564,year_1,NOT_AVAILABLE,,,,,,False,False
year_1_000565,year_1,NOT_AVAILABLE,,,,,,False,False
year_1_000566,year_1,NOT_AVAILABLE,,,,,,False,False
year_1_000567,year_1,NOT_AVAILABLE,,,,,,False,False
year_1_000568,year_1,NOT_AVAILABLE,,,,,,False,False
year_1_000569,year_1,NOT_AVAILABLE,,,,,,False,False
year_1_000570,year_1,NOT_AVAILABLE,,,,,,False,False
year_1_000571,year_1,NOT_AVAILABLE,,,,,,False,False
year_1_000572,year_1,NOT_AVAILABLE,,,,,,False,False
year_1_000573,year_1,NOT_AVAILABLE,,,,,,False,False
year_1_000574,year_1,NOT_AVAILABLE,,,,,,False,False
year_1_000575,year_1,NOT_AVAILABLE,,,,,,False,False
year_1_000576,year_1,NOT_AVAILABLE,,,,,,False,False
year_1_000577,year_1,NOT_AVAILABLE,,,,,,False,False
year_1_000578,year_1,NOT_AVAILABLE,,,,,,False,False
year_1_000579,year_1,NOT_AVAILABLE,,,,,,False,False
year_1_000580,year_1,NOT_AVAILABLE,,,,,,False,False
year_1_000581,year_1,NOT_AVAILABLE,,,,,,False,False
year_1_000582,year_1,NOT_AVAILABLE,,,,,,False,False
year_1_000583,year_1,NOT_AVAILABLE,,,,,,False,False
year_1_000584,year_1,NOT_AVAILABLE,,,,,,False,False
year_1_000585,year_1,NOT_AVAILABLE,,,,,,False,False
year_1_000586,year_1,NOT_AVAILABLE,,,,,,False,False
year_1_000587,year_1,NOT_AVAILABLE,,,,,,False,False
year_1_000588,year_1,NOT_AVAILABLE,,,,,,False,False
year_1_000589,year_1,NOT_AVAILABLE,,,,,,False,False
year_1_000590,year_1,NOT_AVAILABLE,,,,,,False,False
year_1_000591,year_1,NOT_AVAILABLE,,,,,,False,False
year_1_000592,year_1,NOT_AVAILABLE,,,,,,False,False
year_1_000593,year_1,NOT_AVAILABLE,,,,,,False,False
year_1_000594,year_1,NOT_AVAILABLE,,,,,,False,False
year_1_000595,year_1,NOT_AVAILABLE,,,,,,False,False
year_1_000596,year_1,NOT_AVAILABLE,,,,,,False,False
year_1_000597,year_1,NOT_AVAILABLE,,,,,,False,False
year_1_000598,year_1,NOT_AVAILABLE,,,,,,False,False
year_1_000599,year_1,NOT_AVAILABLE,,,,,,False,False
year_1_000600,year_1,NOT_AVAILABLE,,,,,,False,False
year_1_000601,year_1,NOT_AVAILABLE,,,,,,False,False
year_1_000602,year_1,NOT_AVAILABLE,,,,,,False,False
year_1_000603,year_1,NOT_AVAILABLE,,,,,,False,False
year_1_000604,year_1,NOT_AVAILABLE,,,,,,False,False
year_1_000605,year_1,NOT_AVAILABLE,,,,,,False,False
year_1_000606,year_1,NOT_AVAILABLE,,,,,,False,False
year_1_000607,year_1,NOT_AVAILABLE,,,,,,False,False
year_1_000608,year_1,NOT_AVAILABLE,,,,,,False,False
year_1_000609,year_1,NOT_AVAILABLE,,,,,,False,False
year_1_000610,year_1,NOT_AVAILABLE,,,,,,False,False
year_1_000611,year_1,NOT_AVAILABLE,,,,,,False,False
year_1_000612,year_1,NOT_AVAILABLE,,,,,,False,False
year_1_000613,year_1,NOT_AVAILABLE,,,,,,False,False
year_1_000614,year_1,NOT_AVAILABLE,,,,,,False,False
year_1_000615,year_1,NOT_AVAILABLE,,,,,,False,False
year_1_000616,year_1,NOT_AVAILABLE,,,,,,False,False
year_1_000617,year_1,NOT_AVAILABLE,,,,,,False,False
year_1_000618,year_1,NOT_AVAILABLE,,,,,,False,False
year_1_000619,year_1,NOT_AVAILABLE,,,,,,False,False
year_1_000620,year_1,NOT_AVAILABLE,,,,,,False,False
year_1_000621,year_1,NOT_AVAILABLE,,,,,,False,False
year_1_000622,year_1,NOT_AVAILABLE,,,,,,False,False
year_1_000623,year_1,NOT_AVAILABLE,,,,,,False,False
year_1_000624,year_1,NOT_AVAILABLE,,,,,,False,False
year_1_000625,year_1,NOT_AVAILABLE,,,,,,False,False
year_1_000626,year_1,NOT_AVAILABLE,,,,,,False,False
year_1_000627,year_1,NOT_AVAILABLE,,,,,,False,False
year_1_000628,year_1,NOT_AVAILABLE,,,,,,False,False
year_1_000629,year_1,NOT_AVAILABLE,,,,,,False,False
year_1_000630,year_1,NOT_AVAILABLE,,,,,,False,False
year_1_000631,year_1,NOT_AVAILABLE,,,,,,False,False
year_1_000632,year_1,NOT_AVAILABLE,,,,,,False,False
year_1_000633,year_1,NOT_AVAILABLE,,,,,,False,False
year_1_000634,year_1,NOT_AVAILABLE,,,,,,False,False
year_1_000635,year_1,NOT_AVAILABLE,,,,,,False,False
year_1_000636,year_1,NOT_AVAILABLE,,,,,,False,False
year_1_000637,year_1,NOT_AVAILABLE,,,,,,False,False
year_1_000638,year_1,NOT_AVAILABLE,,,,,,False,False
year_1_000639,year_1,NOT_AVAILABLE,,,,,,False,False
year_1_000640,year_1,NOT_AVAILABLE,,,,,,False,False
year_1_000641,year_1,NOT_AVAILABLE,,,,,,False,False
year_1_000642,year_1,NOT_AVAILABLE,,,,,,False,False
year_1_000643,year_1,NOT_AVAILABLE,,,,,,False,False
year_1_000644,year_1,NOT_AVAILABLE,,,,,,False,False
year_1_000645,year_1,NOT_AVAILABLE,,,,,,False,False
year_1_000646,year_1,NOT_AVAILABLE,,,,,,False,False
year_1_000647,year_1,NOT_AVAILABLE,,,,,,False,False
year_1_000648,year_1,NOT_AVAILABLE,,,,,,False,False
year_1_000649,year_1,NOT_AVAILABLE,,,,,,False,False
year_1_000650,year_1,NOT_AVAILABLE,,,,,,False,False
year_1_000651,year_1,NOT_AVAILABLE,,,,,,False,False
year_1_000652,year_1,NOT_AVAILABLE,,,,,,False,False
year_1_000653,year_1,NOT_AVAILABLE,,,,,,False,False
year_1_000654,year_1,NOT_AVAILABLE,,,,,,False,False
year_1_000655,year_1,NOT_AVAILABLE,,,,,,False,False
year_1_000656,year_1,NOT_AVAILABLE,,,,,,False,False
year_1_000657,year_1,NOT_AVAILABLE,,,,,,False,False
year_1_000658,year_1,NOT_AVAILABLE,,,,,,False,False
year_1_000659,year_1,NOT_AVAILABLE,,,,,,False,False
year_1_000660,year_1,NOT_AVAILABLE,,,,,,False,False
year_1_000661,year_1,NOT_AVAILABLE,,,,,,False,False
year_1_000662,year_1,NOT_AVAILABLE,,,,,,False,False
year_1_000663,year_1,NOT_AVAILABLE,,,,,,False,False
year_1_000664,year_1,NOT_AVAILABLE,,,,,,False,False
year_1_000665,year_1,NOT_AVAILABLE,,,,,,False,False
year_1_000666,year_1,NOT_AVAILABLE,,,,,,False,False
year_1_000667,year_1,NOT_AVAILABLE,,,,,,False,False
year_1_000668,year_1,NOT_AVAILABLE,,,,,,False,False
year_1_000669,year_1,NOT_AVAILABLE,,,,,,False,False
year_1_000670,year_1,NOT_AVAILABLE,,,,,,False,False
year_1_000671,year_1,NOT_AVAILABLE,,,,,,False,False
year_1_000672,year_1,NOT_AVAILABLE,,,,,,False,False
year_1_000673,year_1,NOT_AVAILABLE,,,,,,False,False
year_1_000674,year_1,NOT_AVAILABLE,,,,,,False,False
year_1_000675,year_1,NOT_AVAILABLE,,,,,,False,False
year_1_000676,year_1,NOT_AVAILABLE,,,,,,False,False
year_1_000677,year_1,NOT_AVAILABLE,,,,,,False,False
year_1_000678,year_1,NOT_AVAILABLE,,,,,,False,False
year_1_000679,year_1,NOT_AVAILABLE,,,,,,False,False
year_1_000680,year_1,NOT_AVAILABLE,,,,,,False,False
year_1_000681,year_1,NOT_AVAILABLE,,,,,,False,False
year_1_000682,year_1,NOT_AVAILABLE,,,,,,False,False
year_1_000683,year_1,NOT_AVAILABLE,,,,,,False,False
year_1_000684,year_1,NOT_AVAILABLE,,,,,,False,False
year_1_000685,year_1,NOT_AVAILABLE,,,,,,False,False
year_1_000686,year_1,NOT_AVAILABLE,,,,,,False,False
year_1_000687,year_1,NOT_AVAILABLE,,,,,,False,False
year_1_000688,year_1,NOT_AVAILABLE,,,,,,False,False
year_1_000689,year_1,NOT_AVAILABLE,,,,,,False,False
year_1_000690,year_1,NOT_AVAILABLE,,,,,,False,False
year_1_000691,year_1,NOT_AVAILABLE,,,,,,False,False
year_1_000692,year_1,NOT_AVAILABLE,,,,,,False,False
year_1_000693,year_1,NOT_AVAILABLE,,,,,,False,False
year_1_000694,year_1,NOT_AVAILABLE,,,,,,False,False
year_1_000695,year_1,NOT_AVAILABLE,,,,,,False,False
year_1_000696,year_1,NOT_AVAILABLE,,,,,,False,False
year_1_000697,year_1,NOT_AVAILABLE,,,,,,False,False
year_1_000698,year_1,NOT_AVAILABLE,,,,,,False,False
year_1_000699,year_1,NOT_AVAILABLE,,,,,,False,False
year_1_000700,year_1,NOT_AVAILABLE,,,,,,False,False
year_1_000701,year_1,NOT_AVAILABLE,,,,,,False,False
year_1_000702,year_1,NOT_AVAILABLE,,,,,,False,False
year_1_000703,year_1,NOT_AVAILABLE,,,,,,False,False
year_1_000704,year_1,NOT_AVAILABLE,,,,,,False,False
year_1_000705,year_1,NOT_AVAILABLE,,,,,,False,False
year_1_000706,year_1,NOT_AVAILABLE,,,,,,False,False
year_1_000707,year_1,NOT_AVAILABLE,,,,,,False,False
year_1_000708,year_1,NOT_AVAILABLE,,,,,,False,False
year_1_000709,year_1,NOT_AVAILABLE,,,,,,False,False
year_1_000710,year_1,NOT_AVAILABLE,,,,,,False,False
year_1_000711,year_1,NOT_AVAILABLE,,,,,,False,False
year_1_000712,year_1,NOT_AVAILABLE,,,,,,False,False
year_1_000713,year_1,NOT_AVAILABLE,,,,,,False,False
year_1_000714,year_1,NOT_AVAILABLE,,,,,,False,False
year_1_000715,year_1,NOT_AVAILABLE,,,,,,False,False
year_1_000716,year_1,NOT_AVAILABLE,,,,,,False,False
year_1_000717,year_1,NOT_AVAILABLE,,,,,,False,False
year_1_000718,year_1,NOT_AVAILABLE,,,,,,False,False
year_1_000719,year_1,NOT_AVAILABLE,,,,,,False,False
year_1_000720,year_1,NOT_AVAILABLE,,,,,,False,False
year_1_000721,year_1,NOT_AVAILABLE,,,,,,False,False
year_1_000722,year_1,NOT_AVAILABLE,,,,,,False,False
year_1_000723,year_1,NOT_AVAILABLE,,,,,,False,False
year_1_000724,year_1,NOT_AVAILABLE,,,,,,False,False
year_1_000725,year_1,NOT_AVAILABLE,,,,,,False,False
year_1_000726,year_1,NOT_AVAILABLE,,,,,,False,False
year_1_000727,year_1,NOT_AVAILABLE,,,,,,False,False
year_1_000728,year_1,NOT_AVAILABLE,,,,,,False,False
year_1_000729,year_1,NOT_AVAILABLE,,,,,,False,False
year_1_000730,year_1,NOT_AVAILABLE,,,,,,False,False
year_1_000731,year_1,NOT_AVAILABLE,,,,,,False,False
year_1_000732,year_1,NOT_AVAILABLE,,,,,,False,False
year_1_000733,year_1,NOT_AVAILABLE,,,,,,False,False
year_1_000734,year_1,NOT_AVAILABLE,,,,,,False,False
year_1_000735,year_1,NOT_AVAILABLE,,,,,,False,False
year_1_000736,year_1,NOT_AVAILABLE,,,,,,False,False
year_1_000737,year_1,NOT_AVAILABLE,,,,,,False,False
year_1_000738,year_1,NOT_AVAILABLE,,,,,,False,False
year_1_000739,year_1,NOT_AVAILABLE,,,,,,False,False
year_1_000740,year_1,NOT_AVAILABLE,,,,,,False,False
year_1_000741,year_1,NOT_AVAILABLE,,,,,,False,False
year_1_000742,year_1,NOT_AVAILABLE,,,,,,False,False
year_1_000743,year_1,NOT_AVAILABLE,,,,,,False,False
year_1_000744,year_1,NOT_AVAILABLE,,,,,,False,False
year_1_000745,year_1,NOT_AVAILABLE,,,,,,False,False
year_1_000746,year_1,NOT_AVAILABLE,,,,,,False,False
year_1_000747,year_1,NOT_AVAILABLE,,,,,,False,False
year_1_000748,year_1,NOT_AVAILABLE,,,,,,False,False
year_1_000749,year_1,NOT_AVAILABLE,,,,,,False,False
year_1_000750,year_1,NOT_AVAILABLE,,,,,,False,False
year_1_000751,year_1,NOT_AVAILABLE,,,,,,False,False
year_1_000752,year_1,NOT_AVAILABLE,,,,,,False,False
year_1_000753,year_1,NOT_AVAILABLE,,,,,,False,False
year_1_000754,year_1,NOT_AVAILABLE,,,,,,False,False
year_1_000755,year_1,NOT_AVAILABLE,,,,,,False,False
year_1_000756,year_1,NOT_AVAILABLE,,,,,,False,False
year_1_000757,year_1,NOT_AVAILABLE,,,,,,False,False
year_1_000758,year_1,NOT_AVAILABLE,,,,,,False,False
year_1_000759,year_1,NOT_AVAILABLE,,,,,,False,False
year_1_000760,year_1,NOT_AVAILABLE,,,,,,False,False
year_1_000761,year_1,NOT_AVAILABLE,,,,,,False,False
year_1_000762,year_1,NOT_AVAILABLE,,,,,,False,False
year_1_000763,year_1,NOT_AVAILABLE,,,,,,False,False
year_1_000764,year_1,NOT_AVAILABLE,,,,,,False,False
year_1_000765,year_1,NOT_AVAILABLE,,,,,,False,False
year_1_000766,year_1,NOT_AVAILABLE,,,,,,False,False
year_1_000767,year_1,NOT_AVAILABLE,,,,,,False,False
year_1_000768,year_1,NOT_AVAILABLE,,,,,,False,False
year_1_000769,year_1,NOT_AVAILABLE,,,,,,False,False
year_1_000770,year_1,NOT_AVAILABLE,,,,,,False,False
year_1_000771,year_1,NOT_AVAILABLE,,,,,,False,False
year_1_000772,year_1,NOT_AVAILABLE,,,,,,False,False
year_1_000773,year_1,NOT_AVAILABLE,,,,,,False,False
year_1_000774,year_1,NOT_AVAILABLE,,,,,,False,False
year_1_000775,year_1,NOT_AVAILABLE,,,,,,False,False
year_1_000776,year_1,NOT_AVAILABLE,,,,,,False,False
year_1_000777,year_1,NOT_AVAILABLE,,,,,,False,False
year_1_000778,year_1,NOT_AVAILABLE,,,,,,False,False
year_1_000779,year_1,NOT_AVAILABLE,,,,,,False,False
year_1_000780,year_1,NOT_AVAILABLE,,,,,,False,False
year_1_000781,year_1,NOT_AVAILABLE,,,,,,False,False
year_1_000782,year_1,NOT_AVAILABLE,,,,,,False,False
year_1_000783,year_1,NOT_AVAILABLE,,,,,,False,False
year_1_000784,year_1,NOT_AVAILABLE,,,,,,False,False
year_1_000785,year_1,NOT_AVAILABLE,,,,,,False,False
year_1_000786,year_1,NOT_AVAILABLE,,,,,,False,False
year_1_000787,year_1,NOT_AVAILABLE,,,,,,False,False
year_1_000788,year_1,NOT_AVAILABLE,,,,,,False,False
year_1_000789,year_1,NOT_AVAILABLE,,,,,,False,False
year_1_000790,year_1,NOT_AVAILABLE,,,,,,False,False
year_1_000791,year_1,NOT_AVAILABLE,,,,,,False,False
year_1_000792,year_1,NOT_AVAILABLE,,,,,,False,False
year_1_000793,year_1,NOT_AVAILABLE,,,,,,False,False
year_1_000794,year_1,NOT_AVAILABLE,,,,,,False,False
year_1_000795,year_1,NOT_AVAILABLE,,,,,,False,False
year_1_000796,year_1,NOT_AVAILABLE,,,,,,False,False
year_1_000797,year_1,NOT_AVAILABLE,,,,,,False,False
year_1_000798,year_1,NOT_AVAILABLE,,,,,,False,False
year_1_000799,year_1,NOT_AVAILABLE,,,,,,False,False
year_1_000800,year_1,NOT_AVAILABLE,,,,,,False,False
year_1_000801,year_1,NOT_AVAILABLE,,,,,,False,False
year_1_000802,year_1,NOT_AVAILABLE,,,,,,False,False
year_1_000803,year_1,NOT_AVAILABLE,,,,,,False,False
year_1_000804,year_1,NOT_AVAILABLE,,,,,,False,False
year_1_000805,year_1,NOT_AVAILABLE,,,,,,False,False
year_1_000806,year_1,NOT_AVAILABLE,,,,,,False,False
year_1_000807,year_1,NOT_AVAILABLE,,,,,,False,False
year_1_000808,year_1,NOT_AVAILABLE,,,,,,False,False
year_1_000809,year_1,NOT_AVAILABLE,,,,,,False,False
year_1_000810,year_1,NOT_AVAILABLE,,,,,,False,False
year_1_000811,year_1,NOT_AVAILABLE,,,,,,False,False
year_1_000812,year_1,NOT_AVAILABLE,,,,,,False,False
year_1_000813,year_1,NOT_AVAILABLE,,,,,,False,False
year_1_000814,year_1,NOT_AVAILABLE,,,,,,False,False
year_1_000815,year_1,NOT_AVAILABLE,,,,,,False,False
year_1_000816,year_1,NOT_AVAILABLE,,,,,,False,False
year_1_000817,year_1,NOT_AVAILABLE,,,,,,False,False
year_1_000818,year_1,NOT_AVAILABLE,,,,,,False,False
year_1_000819,year_1,NOT_AVAILABLE,,,,,,False,False
year_1_000820,year_1,NOT_AVAILABLE,,,,,,False,False
year_1_000821,year_1,NOT_AVAILABLE,,,,,,False,False
year_1_000822,year_1,NOT_AVAILABLE,,,,,,False,False
year_1_000823,year_1,NOT_AVAILABLE,,,,,,False,False
year_1_000824,year_1,NOT_AVAILABLE,,,,,,False,False
year_1_000825,year_1,NOT_AVAILABLE,,,,,,False,False
year_1_000826,year_1,NOT_AVAILABLE,,,,,,False,False
year_1_000827,year_1,NOT_AVAILABLE,,,,,,False,False
year_1_000828,year_1,NOT_AVAILABLE,,,,,,False,False
year_1_000829,year_1,NOT_AVAILABLE,,,,,,False,False
year_1_000830,year_1,NOT_AVAILABLE,,,,,,False,False
year_1_000831,year_1,NOT_AVAILABLE,,,,,,False,False
year_1_000832,year_1,NOT_AVAILABLE,,,,,,False,False
year_1_000833,year_1,NOT_AVAILABLE,,,,,,False,False
year_1_000834,year_1,NOT_AVAILABLE,,,,,,False,False
year_1_000835,year_1,NOT_AVAILABLE,,,,,,False,False
year_1_000836,year_1,NOT_AVAILABLE,,,,,,False,False
year_1_000837,year_1,NOT_AVAILABLE,,,,,,False,False
year_1_000838,year_1,NOT_AVAILABLE,,,,,,False,False
year_1_000839,year_1,NOT_AVAILABLE,,,,,,False,False
year_1_000840,year_1,NOT_AVAILABLE,,,,,,False,False
year_1_000841,year_1,NOT_AVAILABLE,,,,,,False,False
year_1_000842,year_1,NOT_AVAILABLE,,,,,,False,False
year_1_000843,year_1,NOT_AVAILABLE,,,,,,False,False
year_1_000844,year_1,NOT_AVAILABLE,,,,,,False,False
year_1_000845,year_1,NOT_AVAILABLE,,,,,,False,False
year_1_000846,year_1,NOT_AVAILABLE,,,,,,False,False
year_1_000847,year_1,NOT_AVAILABLE,,,,,,False,False
year_1_000848,year_1,NOT_AVAILABLE,,,,,,False,False
year_1_000849,year_1,NOT_AVAILABLE,,,,,,False,False
year_1_000850,year_1,NOT_AVAILABLE,,,,,,False,False
year_1_000851,year_1,NOT_AVAILABLE,,,,,,False,False
year_1_000852,year_1,NOT_AVAILABLE,,,,,,False,False
year_1_000853,year_1,NOT_AVAILABLE,,,,,,False,False
year_1_000854,year_1,NOT_AVAILABLE,,,,,,False,False
year_1_000855,year_1,NOT_AVAILABLE,,,,,,False,False
year_1_000856,year_1,NOT_AVAILABLE,,,,,,False,False
year_1_000857,year_1,NOT_AVAILABLE,,,,,,False,False
year_1_000858,year_1,NOT_AVAILABLE,,,,,,False,False
year_1_000859,year_1,NOT_AVAILABLE,,,,,,False,False
year_1_000860,year_1,NOT_AVAILABLE,,,,,,False,False
year_1_000861,year_1,NOT_AVAILABLE,,,,,,False,False
year_1_000862,year_1,NOT_AVAILABLE,,,,,,False,False
year_1_000863,year_1,NOT_AVAILABLE,,,,,,False,False
year_1_000864,year_1,NOT_AVAILABLE,,,,,,False,False
year_1_000865,year_1,NOT_AVAILABLE,,,,,,False,False
year_1_000866,year_1,NOT_AVAILABLE,,,,,,False,False
year_1_000867,year_1,NOT_AVAILABLE,,,,,,False,False
year_1_000868,year_1,NOT_AVAILABLE,,,,,,False,False
year_1_000869,year_1,NOT_AVAILABLE,,,,,,False,False
year_1_000870,year_1,NOT_AVAILABLE,,,,,,False,False
year_1_000871,year_1,NOT_AVAILABLE,,,,,,False,False
year_1_000872,year_1,NOT_AVAILABLE,,,,,,False,False
year_1_000873,year_1,NOT_AVAILABLE,,,,,,False,False
year_1_000874,year_1,NOT_AVAILABLE,,,,,,False,False
year_1_000875,year_1,NOT_AVAILABLE,,,,,,False,False
year_1_000876,year_1,NOT_AVAILABLE,,,,,,False,False
year_1_000877,year_1,NOT_AVAILABLE,,,,,,False,False
year_1_000878,year_1,NOT_AVAILABLE,,,,,,False,False
year_1_000879,year_1,NOT_AVAILABLE,,,,,,False,False
year_1_000880,year_1,NOT_AVAILABLE,,,,,,False,False
year_1_000881,year_1,NOT_AVAILABLE,,,,,,False,False
year_1_000882,year_1,NOT_AVAILABLE,,,,,,False,False
year_1_000883,year_1,NOT_AVAILABLE,,,,,,False,False
year_1_000884,year_1,NOT_AVAILABLE,,,,,,False,False
year_1_000885,year_1,NOT_AVAILABLE,,,,,,False,False
year_1_000886,year_1,NOT_AVAILABLE,,,,,,False,False
year_1_000887,year_1,NOT_AVAILABLE,,,,,,False,False
year_1_000888,year_1,NOT_AVAILABLE,,,,,,False,False
year_1_000889,year_1,NOT_AVAILABLE,,,,,,False,False
year_1_000890,year_1,NOT_AVAILABLE,,,,,,False,False
year_1_000891,year_1,NOT_AVAILABLE,,,,,,False,False
year_1_000892,year_1,NOT_AVAILABLE,,,,,,False,False
year_1_000893,year_1,NOT_AVAILABLE,,,,,,False,False
year_1_000894,year_1,NOT_AVAILABLE,,,,,,False,False
year_1_000895,year_1,NOT_AVAILABLE,,,,,,False,False
year_1_000896,year_1,NOT_AVAILABLE,,,,,,False,False
year_1_000897,year_1,NOT_AVAILABLE,,,,,,False,False
year_1_000898,year_1,NOT_AVAILABLE,,,,,,False,False
year_1_000899,year_1,NOT_AVAILABLE,,,,,,False,False
year_1_000900,year_1,NOT_AVAILABLE,,,,,,False,False
year_1_000901,year_1,NOT_AVAILABLE,,,,,,False,False
year_1_000902,year_1,NOT_AVAILABLE,,,,,,False,False
year_1_000903,year_1,NOT_AVAILABLE,,,,,,False,False
year_1_000904,year_1,NOT_AVAILABLE,,,,,,False,False
year_1_000905,year_1,NOT_AVAILABLE,,,,,,False,False
year_1_000906,year_1,NOT_AVAILABLE,,,,,,False,False
year_1_000907,year_1,NOT_AVAILABLE,,,,,,False,False
year_1_000908,year_1,NOT_AVAILABLE,,,,,,False,False
year_1_000909,year_1,NOT_AVAILABLE,,,,,,False,False
year_1_000910,year_1,NOT_AVAILABLE,,,,,,False,False
year_1_000911,year_1,NOT_AVAILABLE,,,,,,False,False
year_1_000912,year_1,NOT_AVAILABLE,,,,,,False,False
year_1_000913,year_1,NOT_AVAILABLE,,,,,,False,False
year_1_000914,year_1,NOT_AVAILABLE,,,,,,False,False
year_1_000915,year_1,NOT_AVAILABLE,,,,,,False,False
year_1_000916,year_1,NOT_AVAILABLE,,,,,,False,False
year_1_000917,year_1,NOT_AVAILABLE,,,,,,False,False
year_1_000918,year_1,NOT_AVAILABLE,,,,,,False,False
year_1_000919,year_1,NOT_AVAILABLE,,,,,,False,False
year_1_000920,year_1,NOT_AVAILABLE,,,,,,False,False
year_1_000921,year_1,NOT_AVAILABLE,,,,,,False,False
year_1_000922,year_1,NOT_AVAILABLE,,,,,,False,False
year_1_000923,year_1,NOT_AVAILABLE,,,,,,False,False
year_1_000924,year_1,NOT_AVAILABLE,,,,,,False,False
year_1_000925,year_1,NOT_AVAILABLE,,,,,,False,False
year_1_000926,year_1,NOT_AVAILABLE,,,,,,False,False
year_1_000927,year_1,NOT_AVAILABLE,,,,,,False,False
year_1_000928,year_1,NOT_AVAILABLE,,,,,,False,False
year_1_000929,year_1,NOT_AVAILABLE,,,,,,False,False
year_1_000930,year_1,NOT_AVAILABLE,,,,,,False,False
year_1_000931,year_1,NOT_AVAILABLE,,,,,,False,False
year_1_000932,year_1,NOT_AVAILABLE,,,,,,False,False
year_1_000933,year_1,NOT_AVAILABLE,,,,,,False,False
year_1_000934,year_1,NOT_AVAILABLE,,,,,,False,False
year_1_000935,year_1,NOT_AVAILABLE,,,,,,False,False
year_1_000936,year_1,NOT_AVAILABLE,,,,,,False,False
year_1_000937,year_1,NOT_AVAILABLE,,,,,,False,False
year_1_000938,year_1,NOT_AVAILABLE,,,,,,False,False
year_1_000939,year_1,NOT_AVAILABLE,,,,,,False,False
year_1_000940,year_1,NOT_AVAILABLE,,,,,,False,False
year_1_000941,year_1,NOT_AVAILABLE,,,,,,False,False
year_1_000942,year_1,NOT_AVAILABLE,,,,,,False,False
year_1_000943,year_1,NOT_AVAILABLE,,,,,,False,False
year_1_000944,year_1,NOT_AVAILABLE,,,,,,False,False
year_1_000945,year_1,NOT_AVAILABLE,,,,,,False,False
year_1_000946,year_1,NOT_AVAILABLE,,,,,,False,False
year_1_000947,year_1,NOT_AVAILABLE,,,,,,False,False
year_1_000948,year_1,NOT_AVAILABLE,,,,,,False,False
year_1_000949,year_1,NOT_AVAILABLE,,,,,,False,False
year_1_000950,year_1,NOT_AVAILABLE,,,,,,False,False
year_1_000951,year_1,NOT_AVAILABLE,,,,,,False,False
year_1_000952,year_1,NOT_AVAILABLE,,,,,,False,False
year_1_000953,year_1,NOT_AVAILABLE,,,,,,False,False
year_1_000954,year_1,NOT_AVAILABLE,,,,,,False,False
year_1_000955,year_1,NOT_AVAILABLE,,,,,,False,False
year_1_000956,year_1,NOT_AVAILABLE,,,,,,False,False
year_1_000957,year_1,NOT_AVAILABLE,,,,,,False,False
year_1_000958,year_1,NOT_AVAILABLE,,,,,,False,False
year_1_000959,year_1,NOT_AVAILABLE,,,,,,False,False
year_1_000960,year_1,NOT_AVAILABLE,,,,,,False,False
year_1_000961,year_1,NOT_AVAILABLE,,,,,,False,False
year_1_000962,year_1,NOT_AVAILABLE,,,,,,False,False
year_1_000963,year_1,NOT_AVAILABLE,,,,,,False,False
year_1_000964,year_1,NOT_AVAILABLE,,,,,,False,False
year_1_000965,year_1,NOT_AVAILABLE,,,,,,False,False
year_1_000966,year_1,NOT_AVAILABLE,,,,,,False,False
year_1_000967,year_1,NOT_AVAILABLE,,,,,,False,False
year_1_000968,year_1,NOT_AVAILABLE,,,,,,False,False
year_1_000969,year_1,NOT_AVAILABLE,,,,,,False,False
year_1_000970,year_1,NOT_AVAILABLE,,,,,,False,False
year_1_000971,year_1,NOT_AVAILABLE,,,,,,False,False
year_1_000972,year_1,NOT_AVAILABLE,,,,,,False,False
year_1_000973,year_1,NOT_AVAILABLE,,,,,,False,False
year_1_000974,year_1,NOT_AVAILABLE,,,,,,False,False
year_1_000975,year_1,NOT_AVAILABLE,,,,,,False,False
year_1_000976,year_1,NOT_AVAILABLE,,,,,,False,False
year_1_000977,year_1,NOT_AVAILABLE,,,,,,False,False
year_1_000978,year_1,NOT_AVAILABLE,,,,,,False,False
year_1_000979,year_1,NOT_AVAILABLE,,,,,,False,False
year_1_000980,year_1,NOT_AVAILABLE,,,,,,False,False
year_1_000981,year_1,NOT_AVAILABLE,,,,,,False,False
year_1_000982,year_1,NOT_AVAILABLE,,,,,,False,False
year_1_000983,year_1,NOT_AVAILABLE,,,,,,False,False
year_1_000984,year_1,NOT_AVAILABLE,,,,,,False,False
year_1_000985,year_1,NOT_AVAILABLE,,,,,,False,False
year_1_000986,year_1,NOT_AVAILABLE,,,,,,False,False
year_1_000987,year_1,NOT_AVAILABLE,,,,,,False,False
year_1_000988,year_1,NOT_AVAILABLE,,,,,,False,False
year_1_000989,year_1,NOT_AVAILABLE,,,,,,False,False
year_1_000990,year_1,NOT_AVAILABLE,,,,,,False,False
year_1_000991,year_1,NOT_AVAILABLE,,,,,,False,False
year_1_000992,year_1,NOT_AVAILABLE,,,,,,False,False
year_1_000993,year_1,NOT_AVAILABLE,,,,,,False,False
year_1_000994,year_1,NOT_AVAILABLE,,,,,,False,False
year_1_000995,year_1,NOT_AVAILABLE,,,,,,False,False
year_1_000996,year_1,NOT_AVAILABLE,,,,,,False,False
year_1_000997,year_1,NOT_AVAILABLE,,,,,,False,False
year_1_000998,year_1,NOT_AVAILABLE,,,,,,False,False
year_1_000999,year_1,NOT_AVAILABLE,,,,,,False,False
year_1_001000,year_1,NOT_AVAILABLE,,,,,,False,False
year_1_001001,year_1,NOT_AVAILABLE,,,,,,False,False
year_1_001002,year_1,NOT_AVAILABLE,,,,,,False,False
year_1_001003,year_1,NOT_AVAILABLE,,,,,,False,False
year_1_001004,year_1,NOT_AVAILABLE,,,,,,False,False
year_1_001005,year_1,NOT_AVAILABLE,,,,,,False,False
year_1_001006,year_1,NOT_AVAILABLE,,,,,,False,False
year_1_001007,year_1,NOT_AVAILABLE,,,,,,False,False
year_1_001008,year_1,NOT_AVAILABLE,,,,,,False,False
year_1_001009,year_1,NOT_AVAILABLE,,,,,,False,False
year_1_001010,year_1,NOT_AVAILABLE,,,,,,False,False
year_1_001011,year_1,NOT_AVAILABLE,,,,,,False,False
year_1_001012,year_1,NOT_AVAILABLE,,,,,,False,False
year_1_001013,year_1,NOT_AVAILABLE,,,,,,False,False
year_1_001014,year_1,NOT_AVAILABLE,,,,,,False,False
year_1_001015,year_1,NOT_AVAILABLE,,,,,,False,False
year_1_001016,year_1,NOT_AVAILABLE,,,,,,False,False
year_1_001017,year_1,NOT_AVAILABLE,,,,,,False,False
year_1_001018,year_1,NOT_AVAILABLE,,,,,,False,False
year_1_001019,year_1,NOT_AVAILABLE,,,,,,False,False
year_1_001020,year_1,NOT_AVAILABLE,,,,,,False,False
year_1_001021,year_1,NOT_AVAILABLE,,,,,,False,False
year_1_001022,year_1,NOT_AVAILABLE,,,,,,False,False
year_1_001023,year_1,NOT_AVAILABLE,,,,,,False,False
year_1_001024,year_1,NOT_AVAILABLE,,,,,,False,False
year_1_001025,year_1,NOT_AVAILABLE,,,,,,False,False
year_1_001026,year_1,NOT_AVAILABLE,,,,,,False,False
year_1_001027,year_1,NOT_AVAILABLE,,,,,,False,False
year_1_001028,year_1,NOT_AVAILABLE,,,,,,False,False
year_1_001029,year_1,NOT_AVAILABLE,,,,,,False,False
year_1_001030,year_1,NOT_AVAILABLE,,,,,,False,False
year_1_001031,year_1,NOT_AVAILABLE,,,,,,False,False
year_1_001032,year_1,NOT_AVAILABLE,,,,,,False,False
year_1_001033,year_1,NOT_AVAILABLE,,,,,,False,False
year_1_001034,year_1,NOT_AVAILABLE,,,,,,False,False
year_1_001035,year_1,NOT_AVAILABLE,,,,,,False,False
year_1_001036,year_1,NOT_AVAILABLE,,,,,,False,False
year_1_001037,year_1,NOT_AVAILABLE,,,,,,False,False
year_1_001038,year_1,NOT_AVAILABLE,,,,,,False,False
year_1_001039,year_1,NOT_AVAILABLE,,,,,,False,False
year_1_001040,year_1,NOT_AVAILABLE,,,,,,False,False
year_1_001041,year_1,NOT_AVAILABLE,,,,,,False,False
year_1_001042,year_1,NOT_AVAILABLE,,,,,,False,False
year_1_001043,year_1,NOT_AVAILABLE,,,,,,False,False
year_1_001044,year_1,NOT_AVAILABLE,,,,,,False,False
year_1_001045,year_1,NOT_AVAILABLE,,,,,,False,False
year_1_001046,year_1,NOT_AVAILABLE,,,,,,False,False
year_1_001047,year_1,NOT_AVAILABLE,,,,,,False,False
year_1_001048,year_1,NOT_AVAILABLE,,,,,,False,False
year_1_001049,year_1,NOT_AVAILABLE,,,,,,False,False
year_1_001050,year_1,NOT_AVAILABLE,,,,,,False,False
year_1_001051,year_1,NOT_AVAILABLE,,,,,,False,False
year_1_001052,year_1,NOT_AVAILABLE,,,,,,False,False
year_1_001053,year_1,NOT_AVAILABLE,,,,,,False,False
year_1_001054,year_1,NOT_AVAILABLE,,,,,,False,False
year_1_001055,year_1,NOT_AVAILABLE,,,,,,False,False
year_1_001056,year_1,NOT_AVAILABLE,,,,,,False,False
year_1_001057,year_1,NOT_AVAILABLE,,,,,,False,False
year_1_001058,year_1,NOT_AVAILABLE,,,,,,False,False
year_1_001059,year_1,NOT_AVAILABLE,,,,,,False,False
year_1_001060,year_1,NOT_AVAILABLE,,,,,,False,False
year_1_001061,year_1,NOT_AVAILABLE,,,,,,False,False
year_1_001062,year_1,NOT_AVAILABLE,,,,,,False,False
year_1_001063,year_1,NOT_AVAILABLE,,,,,,False,False
year_1_001064,year_1,NOT_AVAILABLE,,,,,,False,False
year_1_001065,year_1,NOT_AVAILABLE,,,,,,False,False
year_1_001066,year_1,NOT_AVAILABLE,,,,,,False,False
year_1_001067,year_1,NOT_AVAILABLE,,,,,,False,False
year_1_001068,year_1,NOT_AVAILABLE,,,,,,False,False
year_1_001069,year_1,NOT_AVAILABLE,,,,,,False,False
year_1_001070,year_1,NOT_AVAILABLE,,,,,,False,False
year_1_001071,year_1,NOT_AVAILABLE,,,,,,False,False
year_1_001072,year_1,NOT_AVAILABLE,,,,,,False,False
year_1_001073,year_1,NOT_AVAILABLE,,,,,,False,False
year_1_001074,year_1,NOT_AVAILABLE,,,,,,False,False
year_1_001075,year_1,NOT_AVAILABLE,,,,,,False,False
year_1_001076,year_1,NOT_AVAILABLE,,,,,,False,False
year_1_001077,year_1,NOT_AVAILABLE,,,,,,False,False
year_1_001078,year_1,NOT_AVAILABLE,,,,,,False,False
year_1_001079,year_1,NOT_AVAILABLE,,,,,,False,False
year_1_001080,year_1,NOT_AVAILABLE,,,,,,False,False
year_1_001081,year_1,NOT_AVAILABLE,,,,,,False,False
year_1_001082,year_1,NOT_AVAILABLE,,,,,,False,False
year_1_001083,year_1,NOT_AVAILABLE,,,,,,False,False
year_1_001084,year_1,NOT_AVAILABLE,,,,,,False,False
year_1_001085,year_1,NOT_AVAILABLE,,,,,,False,False
year_1_001086,year_1,NOT_AVAILABLE,,,,,,False,False
year_1_001087,year_1,NOT_AVAILABLE,,,,,,False,False
year_1_001088,year_1,NOT_AVAILABLE,,,,,,False,False
year_1_001089,year_1,NOT_AVAILABLE,,,,,,False,False
year_1_001090,year_1,NOT_AVAILABLE,,,,,,False,False
year_1_001091,year_1,NOT_AVAILABLE,,,,,,False,False
year_1_001092,year_1,NOT_AVAILABLE,,,,,,False,False
year_1_001093,year_1,NOT_AVAILABLE,,,,,,False,False
year_1_001094,year_1,NOT_AVAILABLE,,,,,,False,False
year_1_001095,year_1,NOT_AVAILABLE,,,,,,False,False
year_1_001096,year_1,NOT_AVAILABLE,,,,,,False,False
year_1_001097,year_1,NOT_AVAILABLE,,,,,,False,False
year_1_001098,year_1,NOT_AVAILABLE,,,,,,False,False
year_1_001099,year_1,NOT_AVAILABLE,,,,,,False,False
year_1_001100,year_1,NOT_AVAILABLE,,,,,,False,False
year_1_001101,year_1,NOT_AVAILABLE,,,,,,False,False
year_1_001102,year_1,NOT_AVAILABLE,,,,,,False,False
year_1_001103,year_1,NOT_AVAILABLE,,,,,,False,False
year_1_001104,year_1,NOT_AVAILABLE,,,,,,False,False
year_1_001105,year_1,NOT_AVAILABLE,,,,,,False,False
year_1_001106,year_1,NOT_AVAILABLE,,,,,,False,False
year_1_001107,year_1,NOT_AVAILABLE,,,,,,False,False
year_1_001108,year_1,NOT_AVAILABLE,,,,,,False,False
year_1_001109,year_1,NOT_AVAILABLE,,,,,,False,False
year_1_001110,year_1,NOT_AVAILABLE,,,,,,False,False
year_1_001111,year_1,NOT_AVAILABLE,,,,,,False,False
year_1_001112,year_1,NOT_AVAILABLE,,,,,,False,False
year_1_001113,year_1,NOT_AVAILABLE,,,,,,False,False
year_1_001114,year_1,NOT_AVAILABLE,,,,,,False,False
year_1_001115,year_1,NOT_AVAILABLE,,,,,,False,False
year_1_001116,year_1,NOT_AVAILABLE,,,,,,False,False
year_1_001117,year_1,NOT_AVAILABLE,,,,,,False,False
year_1_001118,year_1,NOT_AVAILABLE,,,,,,False,False
year_1_001119,year_1,NOT_AVAILABLE,,,,,,False,False
year_1_001120,year_1,NOT_AVAILABLE,,,,,,False,False
year_1_001121,year_1,NOT_AVAILABLE,,,,,,False,False
year_1_001122,year_1,NOT_AVAILABLE,,,,,,False,False
year_1_001123,year_1,NOT_AVAILABLE,,,,,,False,False
year_1_001124,year_1,NOT_AVAILABLE,,,,,,False,False
year_1_001125,year_1,NOT_AVAILABLE,,,,,,False,False
year_1_001126,year_1,NOT_AVAILABLE,,,,,,False,False
year_1_001127,year_1,NOT_AVAILABLE,,,,,,False,False
year_1_001128,year_1,NOT_AVAILABLE,,,,,,False,False
year_1_001129,year_1,NOT_AVAILABLE,,,,,,False,False
year_1_001130,year_1,NOT_AVAILABLE,,,,,,False,False
year_1_001131,year_1,NOT_AVAILABLE,,,,,,False,False
year_1_001132,year_1,NOT_AVAILABLE,,,,,,False,False
year_1_001133,year_1,NOT_AVAILABLE,,,,,,False,False
year_1_001134,year_1,NOT_AVAILABLE,,,,,,False,False
year_1_001135,year_1,NOT_AVAILABLE,,,,,,False,False
year_1_001136,year_1,NOT_AVAILABLE,,,,,,False,False
year_1_001137,year_1,NOT_AVAILABLE,,,,,,False,False
year_1_001138,year_1,NOT_AVAILABLE,,,,,,False,False
year_1_001139,year_1,NOT_AVAILABLE,,,,,,False,False
year_1_001140,year_1,NOT_AVAILABLE,,,,,,False,False
year_1_001141,year_1,NOT_AVAILABLE,,,,,,False,False
year_1_001142,year_1,NOT_AVAILABLE,,,,,,False,False
year_1_001143,year_1,NOT_AVAILABLE,,,,,,False,False
year_1_001144,year_1,NOT_AVAILABLE,,,,,,False,False
year_1_001145,year_1,NOT_AVAILABLE,,,,,,False,False
year_1_001146,year_1,NOT_AVAILABLE,,,,,,False,False
year_1_001147,year_1,NOT_AVAILABLE,,,,,,False,False
year_1_001148,year_1,NOT_AVAILABLE,,,,,,False,False
year_1_001149,year_1,NOT_AVAILABLE,,,,,,False,False
year_1_001150,year_1,NOT_AVAILABLE,,,,,,False,False
year_1_001151,year_1,NOT_AVAILABLE,,,,,,False,False
year_1_001152,year_1,NOT_AVAILABLE,,,,,,False,False
year_1_001153,year_1,NOT_AVAILABLE,,,,,,False,False
year_1_001154,year_1,NOT_AVAILABLE,,,,,,False,False
year_1_001155,year_1,NOT_AVAILABLE,,,,,,False,False
year_1_001156,year_1,NOT_AVAILABLE,,,,,,False,False
year_1_001157,year_1,NOT_AVAILABLE,,,,,,False,False
year_1_001158,year_1,NOT_AVAILABLE,,,,,,False,False
year_1_001159,year_1,NOT_AVAILABLE,,,,,,False,False
year_1_001160,year_1,NOT_AVAILABLE,,,,,,False,False
year_1_001161,year_1,NOT_AVAILABLE,,,,,,False,False
year_1_001162,year_1,NOT_AVAILABLE,,,,,,False,False
year_1_001163,year_1,NOT_AVAILABLE,,,,,,False,False
year_1_001164,year_1,NOT_AVAILABLE,,,,,,False,False
year_1_001165,year_1,NOT_AVAILABLE,,,,,,False,False
year_1_001166,year_1,NOT_AVAILABLE,,,,,,False,False
year_1_001167,year_1,NOT_AVAILABLE,,,,,,False,False
year_1_001168,year_1,NOT_AVAILABLE,,,,,,False,False
year_1_001169,year_1,NOT_AVAILABLE,,,,,,False,False
year_1_001170,year_1,NOT_AVAILABLE,,,,,,False,False
year_1_001171,year_1,NOT_AVAILABLE,,,,,,False,False
year_1_001172,year_1,NOT_AVAILABLE,,,,,,False,False
year_1_001173,year_1,NOT_AVAILABLE,,,,,,False,False
year_1_001174,year_1,NOT_AVAILABLE,,,,,,False,False
year_1_001175,year_1,NOT_AVAILABLE,,,,,,False,False
year_1_001176,year_1,NOT_AVAILABLE,,,,,,False,False
year_1_001177,year_1,NOT_AVAILABLE,,,,,,False,False
year_1_001178,year_1,NOT_AVAILABLE,,,,,,False,False
year_1_001179,year_1,NOT_AVAILABLE,,,,,,False,False
year_1_001180,year_1,NOT_AVAILABLE,,,,,,False,False
year_1_001181,year_1,NOT_AVAILABLE,,,,,,False,False
year_1_001182,year_1,NOT_AVAILABLE,,,,,,False,False
year_1_001183,year_1,NOT_AVAILABLE,,,,,,False,False
year_1_001184,year_1,NOT_AVAILABLE,,,,,,False,False
year_1_001185,year_1,NOT_AVAILABLE,,,,,,False,False
year_1_001186,year_1,NOT_AVAILABLE,,,,,,False,False
year_1_001187,year_1,NOT_AVAILABLE,,,,,,False,False
year_1_001188,year_1,NOT_AVAILABLE,,,,,,False,False
year_1_001189,year_1,NOT_AVAILABLE,,,,,,False,False
year_1_001190,year_1,NOT_AVAILABLE,,,,,,False,False
year_1_001191,year_1,NOT_AVAILABLE,,,,,,False,False
year_1_001192,year_1,NOT_AVAILABLE,,,,,,False,False
year_1_001193,year_1,NOT_AVAILABLE,,,,,,False,False
year_1_001194,year_1,NOT_AVAILABLE,,,,,,False,False
year_1_001195,year_1,NOT_AVAILABLE,,,,,,False,False
year_1_001196,year_1,NOT_AVAILABLE,,,,,,False,False
year_1_001197,year_1,NOT_AVAILABLE,,,,,,False,False
year_1_001198,year_1,NOT_AVAILABLE,,,,,,False,False
year_1_001199,year_1,NOT_AVAILABLE,,,,,,False,False
year_1_001200,year_1,NOT_AVAILABLE,,,,,,False,False
year_1_001201,year_1,NOT_AVAILABLE,,,,,,False,False
year_1_001202,year_1,NOT_AVAILABLE,,,,,,False,False
year_1_001203,year_1,NOT_AVAILABLE,,,,,,False,False
year_1_001204,year_1,NOT_AVAILABLE,,,,,,False,False
year_1_001205,year_1,NOT_AVAILABLE,,,,,,False,False
year_1_001206,year_1,NOT_AVAILABLE,,,,,,False,False
year_1_001207,year_1,NOT_AVAILABLE,,,,,,False,False
year_1_001208,year_1,NOT_AVAILABLE,,,,,,False,False
year_1_001209,year_1,NOT_AVAILABLE,,,,,,False,False
year_1_001210,year_1,NOT_AVAILABLE,,,,,,False,False
year_1_001211,year_1,NOT_AVAILABLE,,,,,,False,False
year_1_001212,year_1,NOT_AVAILABLE,,,,,,False,False
year_1_001213,year_1,NOT_AVAILABLE,,,,,,False,False
year_1_001214,year_1,NOT_AVAILABLE,,,,,,False,False
year_1_001215,year_1,NOT_AVAILABLE,,,,,,False,False
year_1_001216,year_1,NOT_AVAILABLE,,,,,,False,False
year_1_001217,year_1,NOT_AVAILABLE,,,,,,False,False
year_1_001218,year_1,NOT_AVAILABLE,,,,,,False,False
year_1_001219,year_1,NOT_AVAILABLE,,,,,,False,False
year_1_001220,year_1,NOT_AVAILABLE,,,,,,False,False
year_1_001221,year_1,NOT_AVAILABLE,,,,,,False,False
year_1_001222,year_1,NOT_AVAILABLE,,,,,,False,False
year_1_001223,year_1,NOT_AVAILABLE,,,,,,False,False
year_1_001224,year_1,NOT_AVAILABLE,,,,,,False,False
year_1_001225,year_1,NOT_AVAILABLE,,,,,,False,False
year_1_001226,year_1,NOT_AVAILABLE,,,,,,False,False
year_1_001227,year_1,NOT_AVAILABLE,,,,,,False,False
year_1_001228,year_1,NOT_AVAILABLE,,,,,,False,False
year_1_001229,year_1,NOT_AVAILABLE,,,,,,False,False
year_1_001230,year_1,NOT_AVAILABLE,,,,,,False,False
year_1_001231,year_1,NOT_AVAILABLE,,,,,,False,False
year_1_001232,year_1,NOT_AVAILABLE,,,,,,False,False
year_1_001233,year_1,NOT_AVAILABLE,,,,,,False,False
year_1_001234,year_1,NOT_AVAILABLE,,,,,,False,False
year_1_001235,year_1,NOT_AVAILABLE,,,,,,False,False
year_1_001236,year_1,NOT_AVAILABLE,,,,,,False,False
year_1_001237,year_1,NOT_AVAILABLE,,,,,,False,False
year_1_001238,year_1,NOT_AVAILABLE,,,,,,False,False
year_1_001239,year_1,NOT_AVAILABLE,,,,,,False,False
year_1_001240,year_1,NOT_AVAILABLE,,,,,,False,False
year_1_001241,year_1,NOT_AVAILABLE,,,,,,False,False
year_1_001242,year_1,NOT_AVAILABLE,,,,,,False,False
year_1_001243,year_1,NOT_AVAILABLE,,,,,,False,False
year_1_001244,year_1,NOT_AVAILABLE,,,,,,False,False
year_1_001245,year_1,NOT_AVAILABLE,,,,,,False,False
year_1_001246,year_1,NOT_AVAILABLE,,,,,,False,False
year_1_001247,year_1,NOT_AVAILABLE,,,,,,False,False
year_1_001248,year_1,NOT_AVAILABLE,,,,,,False,False
year_1_001249,year_1,NOT_AVAILABLE,,,,,,False,False
year_1_001250,year_1,NOT_AVAILABLE,,,,,,False,False
year_1_001251,year_1,NOT_AVAILABLE,,,,,,False,False
year_1_001252,year_1,NOT_AVAILABLE,,,,,,False,False
year_1_001253,year_1,NOT_AVAILABLE,,,,,,False,False
year_1_001254,year_1,NOT_AVAILABLE,,,,,,False,False
year_1_001255,year_1,NOT_AVAILABLE,,,,,,False,False
year_1_001256,year_1,NOT_AVAILABLE,,,,,,False,False
year_1_001257,year_1,NOT_AVAILABLE,,,,,,False,False
year_1_001258,year_1,NOT_AVAILABLE,,,,,,False,False
year_1_001259,year_1,NOT_AVAILABLE,,,,,,False,False
year_1_001260,year_1,NOT_AVAILABLE,,,,,,False,False
year_1_001261,year_1,NOT_AVAILABLE,,,,,,False,False
year_1_001262,year_1,NOT_AVAILABLE,,,,,,False,False
year_1_001263,year_1,NOT_AVAILABLE,,,,,,False,False
year_1_001264,year_1,NOT_AVAILABLE,,,,,,False,False
year_1_001265,year_1,NOT_AVAILABLE,,,,,,False,False
year_1_001266,year_1,NOT_AVAILABLE,,,,,,False,False
year_1_001267,year_1,NOT_AVAILABLE,,,,,,False,False
year_1_001268,year_1,NOT_AVAILABLE,,,,,,False,False
year_1_001269,year_1,NOT_AVAILABLE,,,,,,False,False
year_1_001270,year_1,NOT_AVAILABLE,,,,,,False,False
year_1_001271,year_1,NOT_AVAILABLE,,,,,,False,False
year_1_001272,year_1,NOT_AVAILABLE,,,,,,False,False
year_1_001273,year_1,NOT_AVAILABLE,,,,,,False,False
year_1_001274,year_1,NOT_AVAILABLE,,,,,,False,False
year_1_001275,year_1,NOT_AVAILABLE,,,,,,False,False
year_1_001276,year_1,NOT_AVAILABLE,,,,,,False,False
year_1_001277,year_1,NOT_AVAILABLE,,,,,,False,False
year_1_001278,year_1,NOT_AVAILABLE,,,,,,False,False
year_1_001279,year_1,NOT_AVAILABLE,,,,,,False,False
year_1_001280,year_1,NOT_AVAILABLE,,,,,,False,False
year_1_001281,year_1,NOT_AVAILABLE,,,,,,False,False
year_1_001282,year_1,NOT_AVAILABLE,,,,,,False,False
year_1_001283,year_1,NOT_AVAILABLE,,,,,,False,False
year_1_001284,year_1,NOT_AVAILABLE,,,,,,False,False
year_1_001285,year_1,NOT_AVAILABLE,,,,,,False,False
year_1_001286,year_1,NOT_AVAILABLE,,,,,,False,False
year_1_001287,year_1,NOT_AVAILABLE,,,,,,False,False
year_1_001288,year_1,NOT_AVAILABLE,,,,,,False,False
year_1_001289,year_1,NOT_AVAILABLE,,,,,,False,False
year_1_001290,year_1,NOT_AVAILABLE,,,,,,False,False
year_1_001291,year_1,NOT_AVAILABLE,,,,,,False,False
year_1_001292,year_1,NOT_AVAILABLE,,,,,,False,False
year_1_001293,year_1,NOT_AVAILABLE,,,,,,False,False
year_1_001294,year_1,NOT_AVAILABLE,,,,,,False,False
year_1_001295,year_1,NOT_AVAILABLE,,,,,,False,False
year_1_001296,year_1,NOT_AVAILABLE,,,,,,False,False
year_1_001297,year_1,NOT_AVAILABLE,,,,,,False,False
year_1_001298,year_1,NOT_AVAILABLE,,,,,,False,False
year_1_001299,year_1,NOT_AVAILABLE,,,,,,False,False
year_1_001300,year_1,NOT_AVAILABLE,,,,,,False,False
year_1_001301,year_1,NOT_AVAILABLE,,,,,,False,False
year_1_001302,year_1,NOT_AVAILABLE,,,,,,False,False
year_1_001303,year_1,NOT_AVAILABLE,,,,,,False,False
year_1_001304,year_1,NOT_AVAILABLE,,,,,,False,False
year_1_001305,year_1,NOT_AVAILABLE,,,,,,False,False
year_1_001306,year_1,NOT_AVAILABLE,,,,,,False,False
year_1_001307,year_1,NOT_AVAILABLE,,,,,,False,False
year_1_001308,year_1,NOT_AVAILABLE,,,,,,False,False
year_1_001309,year_1,NOT_AVAILABLE,,,,,,False,False
year_1_001310,year_1,NOT_AVAILABLE,,,,,,False,False
year_1_001311,year_1,NOT_AVAILABLE,,,,,,False,False
year_1_001312,year_1,NOT_AVAILABLE,,,,,,False,False
year_1_001313,year_1,NOT_AVAILABLE,,,,,,False,False
year_1_001314,year_1,NOT_AVAILABLE,,,,,,False,False
year_1_001315,year_1,NOT_AVAILABLE,,,,,,False,False
year_1_001316,year_1,NOT_AVAILABLE,,,,,,False,False
year_1_001317,year_1,NOT_AVAILABLE,,,,,,False,False
year_1_001318,year_1,NOT_AVAILABLE,,,,,,False,False
year_1_001319,year_1,NOT_AVAILABLE,,,,,,False,False
year_1_001320,year_1,NOT_AVAILABLE,,,,,,False,False
year_1_001321,year_1,NOT_AVAILABLE,,,,,,False,False
year_1_001322,year_1,NOT_AVAILABLE,,,,,,False,False
year_1_001323,year_1,NOT_AVAILABLE,,,,,,False,False
year_1_001324,year_1,NOT_AVAILABLE,,,,,,False,False
year_1_001325,year_1,NOT_AVAILABLE,,,,,,False,False
year_1_001326,year_1,NOT_AVAILABLE,,,,,,False,False
year_1_001327,year_1,NOT_AVAILABLE,,,,,,False,False
year_1_001328,year_1,NOT_AVAILABLE,,,,,,False,False
year_1_001329,year_1,NOT_AVAILABLE,,,,,,False,False
year_1_001330,year_1,NOT_AVAILABLE,,,,,,False,False
year_1_001331,year_1,NOT_AVAILABLE,,,,,,False,False
year_1_001332,year_1,NOT_AVAILABLE,,,,,,False,False
year_1_001333,year_1,NOT_AVAILABLE,,,,,,False,False
year_1_001334,year_1,NOT_AVAILABLE,,,,,,False,False
year_1_001335,year_1,NOT_AVAILABLE,,,,,,False,False
year_1_001336,year_1,NOT_AVAILABLE,,,,,,False,False
year_1_001337,year_1,NOT_AVAILABLE,,,,,,False,False
year_1_001338,year_1,NOT_AVAILABLE,,,,,,False,False
year_1_001339,year_1,NOT_AVAILABLE,,,,,,False,False
year_1_001340,year_1,NOT_AVAILABLE,,,,,,False,False
year_1_001341,year_1,NOT_AVAILABLE,,,,,,False,False
year_1_001342,year_1,NOT_AVAILABLE,,,,,,False,False
year_1_001343,year_1,NOT_AVAILABLE,,,,,,False,False
year_1_001344,year_1,NOT_AVAILABLE,,,,,,False,False
year_1_001345,year_1,NOT_AVAILABLE,,,,,,False,False
year_1_001346,year_1,NOT_AVAILABLE,,,,,,False,False
year_1_001347,year_1,NOT_AVAILABLE,,,,,,False,False
year_1_001348,year_1,NOT_AVAILABLE,,,,,,False,False
year_1_001349,year_1,NOT_AVAILABLE,,,,,,False,False
year_1_001350,year_1,NOT_AVAILABLE,,,,,,False,False
year_1_001351,year_1,NOT_AVAILABLE,,,,,,False,False
year_1_001352,year_1,NOT_AVAILABLE,,,,,,False,False
year_1_001353,year_1,NOT_AVAILABLE,,,,,,False,False
year_1_001354,year_1,NOT_AVAILABLE,,,,,,False,False
year_1_001355,year_1,NOT_AVAILABLE,,,,,,False,False
year_1_001356,year_1,NOT_AVAILABLE,,,,,,False,False
year_1_001357,year_1,NOT_AVAILABLE,,,,,,False,False
year_1_001358,year_1,NOT_AVAILABLE,,,,,,False,False
year_1_001359,year_1,NOT_AVAILABLE,,,,,,False,False
year_1_001360,year_1,NOT_AVAILABLE,,,,,,False,False
year_1_001361,year_1,NOT_AVAILABLE,,,,,,False,False
year_1_001362,year_1,NOT_AVAILABLE,,,,,,False,False
year_1_001363,year_1,NOT_AVAILABLE,,,,,,False,False
year_1_001364,year_1,NOT_AVAILABLE,,,,,,False,False
year_1_001365,year_1,NOT_AVAILABLE,,,,,,False,False
year_1_001366,year_1,NOT_AVAILABLE,,,,,,False,False
year_1_001367,year_1,NOT_AVAILABLE,,,,,,False,False
year_1_001368,year_1,NOT_AVAILABLE,,,,,,False,False
year_1_001369,year_1,NOT_AVAILABLE,,,,,,False,False
year_1_001370,year_1,NOT_AVAILABLE,,,,,,False,False
year_1_001371,year_1,NOT_AVAILABLE,,,,,,False,False
year_1_001372,year_1,NOT_AVAILABLE,,,,,,False,False
year_1_001373,year_1,NOT_AVAILABLE,,,,,,False,False
year_1_001374,year_1,NOT_AVAILABLE,,,,,,False,False
year_1_001375,year_1,NOT_AVAILABLE,,,,,,False,False
year_1_001376,year_1,NOT_AVAILABLE,,,,,,False,False
year_1_001377,year_1,NOT_AVAILABLE,,,,,,False,False
year_1_001378,year_1,NOT_AVAILABLE,,,,,,False,False
year_1_001379,year_1,NOT_AVAILABLE,,,,,,False,False
year_1_001380,year_1,NOT_AVAILABLE,,,,,,False,False
year_1_001381,year_1,NOT_AVAILABLE,,,,,,False,False
year_1_001382,year_1,NOT_AVAILABLE,,,,,,False,False
year_1_001383,year_1,NOT_AVAILABLE,,,,,,False,False
year_1_001384,year_1,NOT_AVAILABLE,,,,,,False,False
year_1_001385,year_1,NOT_AVAILABLE,,,,,,False,False
year_1_001386,year_1,NOT_AVAILABLE,,,,,,False,False
year_1_001387,year_1,NOT_AVAILABLE,,,,,,False,False
year_1_001388,year_1,NOT_AVAILABLE,,,,,,False,False
year_1_001389,year_1,NOT_AVAILABLE,,,,,,False,False
year_1_001390,year_1,NOT_AVAILABLE,,,,,,False,False
year_1_001391,year_1,NOT_AVAILABLE,,,,,,False,False
year_1_001392,year_1,NOT_AVAILABLE,,,,,,False,False
year_1_001393,year_1,NOT_AVAILABLE,,,,,,False,False
year_1_001394,year_1,NOT_AVAILABLE,,,,,,False,False
year_1_001395,year_1,NOT_AVAILABLE,,,,,,False,False
year_1_001396,year_1,NOT_AVAILABLE,,,,,,False,False
year_1_001397,year_1,NOT_AVAILABLE,,,,,,False,False
year_1_001398,year_1,NOT_AVAILABLE,,,,,,False,False
year_1_001399,year_1,NOT_AVAILABLE,,,,,,False,False
year_1_001400,year_1,NOT_AVAILABLE,,,,,,False,False
year_1_001401,year_1,NOT_AVAILABLE,,,,,,False,False
year_1_001402,year_1,NOT_AVAILABLE,,,,,,False,False
year_1_001403,year_1,NOT_AVAILABLE,,,,,,False,False
year_1_001404,year_1,NOT_AVAILABLE,,,,,,False,False
year_1_001405,year_1,NOT_AVAILABLE,,,,,,False,False
year_1_001406,year_1,NOT_AVAILABLE,,,,,,False,False
year_1_001407,year_1,NOT_AVAILABLE,,,,,,False,False
year_1_001408,year_1,NOT_AVAILABLE,,,,,,False,False
year_1_001409,year_1,NOT_AVAILABLE,,,,,,False,False
year_1_001410,year_1,NOT_AVAILABLE,,,,,,False,False
year_1_001411,year_1,NOT_AVAILABLE,,,,,,False,False
year_1_001412,year_1,NOT_AVAILABLE,,,,,,False,False
year_1_001413,year_1,NOT_AVAILABLE,,,,,,False,False
year_1_001414,year_1,NOT_AVAILABLE,,,,,,False,False
year_1_001415,year_1,NOT_AVAILABLE,,,,,,False,False
year_1_001416,year_1,NOT_AVAILABLE,,,,,,False,False
year_1_001417,year_1,NOT_AVAILABLE,,,,,,False,False
year_1_001418,year_1,NOT_AVAILABLE,,,,,,False,False
year_1_001419,year_1,NOT_AVAILABLE,,,,,,False,False
year_1_001420,year_1,NOT_AVAILABLE,,,,,,False,False
year_1_001421,year_1,NOT_AVAILABLE,,,,,,False,False
year_1_001422,year_1,NOT_AVAILABLE,,,,,,False,False
year_1_001423,year_1,NOT_AVAILABLE,,,,,,False,False
year_1_001424,year_1,NOT_AVAILABLE,,,,,,False,False
year_1_001425,year_1,NOT_AVAILABLE,,,,,,False,False
year_1_001426,year_1,NOT_AVAILABLE,,,,,,False,False
year_1_001427,year_1,NOT_AVAILABLE,,,,,,False,False
year_1_001428,year_1,NOT_AVAILABLE,,,,,,False,False
year_1_001429,year_1,NOT_AVAILABLE,,,,,,False,False
year_1_001430,year_1,NOT_AVAILABLE,,,,,,False,False
year_1_001431,year_1,NOT_AVAILABLE,,,,,,False,False
year_1_001432,year_1,NOT_AVAILABLE,,,,,,False,False
year_1_001433,year_1,NOT_AVAILABLE,,,,,,False,False
year_1_001434,year_1,NOT_AVAILABLE,,,,,,False,False
year_1_001435,year_1,NOT_AVAILABLE,,,,,,False,False
year_1_001436,year_1,NOT_AVAILABLE,,,,,,False,False
year_1_001437,year_1,NOT_AVAILABLE,,,,,,False,False
year_1_001438,year_1,NOT_AVAILABLE,,,,,,False,False
year_1_001439,year_1,NOT_AVAILABLE,,,,,,False,False
year_1_001440,year_1,NOT_AVAILABLE,,,,,,False,False
year_1_001441,year_1,NOT_AVAILABLE,,,,,,False,False
year_1_001442,year_1,NOT_AVAILABLE,,,,,,False,False
year_1_001443,year_1,NOT_AVAILABLE,,,,,,False,False
year_1_001444,year_1,NOT_AVAILABLE,,,,,,False,False
year_1_001445,year_1,NOT_AVAILABLE,,,,,,False,False
year_1_001446,year_1,NOT_AVAILABLE,,,,,,False,False
year_1_001447,year_1,NOT_AVAILABLE,,,,,,False,False
year_1_001448,year_1,NOT_AVAILABLE,,,,,,False,False
year_1_001449,year_1,NOT_AVAILABLE,,,,,,False,False
year_1_001450,year_1,NOT_AVAILABLE,,,,,,False,False
year_1_001451,year_1,NOT_AVAILABLE,,,,,,False,False
year_1_001452,year_1,NOT_AVAILABLE,,,,,,False,False
year_1_001453,year_1,NOT_AVAILABLE,,,,,,False,False
year_1_001454,year_1,NOT_AVAILABLE,,,,,,False,False
year_1_001455,year_1,NOT_AVAILABLE,,,,,,False,False
year_1_001456,year_1,NOT_AVAILABLE,,,,,,False,False
year_1_001457,year_1,NOT_AVAILABLE,,,,,,False,False
year_1_001458,year_1,NOT_AVAILABLE,,,,,,False,False
year_1_001459,year_1,NOT_AVAILABLE,,,,,,False,False
year_1_001460,year_1,NOT_AVAILABLE,,,,,,False,False
year_1_001461,year_1,NOT_AVAILABLE,,,,,,False,False
year_1_001462,year_1,NOT_AVAILABLE,,,,,,False,False
year_1_001463,year_1,NOT_AVAILABLE,,,,,,False,False
year_1_001464,year_1,NOT_AVAILABLE,,,,,,False,False
year_1_001465,year_1,NOT_AVAILABLE,,,,,,False,False
year_1_001466,year_1,NOT_AVAILABLE,,,,,,False,False
year_1_001467,year_1,NOT_AVAILABLE,,,,,,False,False
year_1_001468,year_1,NOT_AVAILABLE,,,,,,False,False
year_1_001469,year_1,NOT_AVAILABLE,,,,,,False,False
year_1_001470,year_1,NOT_AVAILABLE,,,,,,False,False
year_1_001471,year_1,NOT_AVAILABLE,,,,,,False,False
year_1_001472,year_1,NOT_AVAILABLE,,,,,,False,False
year_1_001473,year_1,NOT_AVAILABLE,,,,,,False,False
year_1_001474,year_1,NOT_AVAILABLE,,,,,,False,False
year_1_001475,year_1,NOT_AVAILABLE,,,,,,False,False
year_1_001476,year_1,NOT_AVAILABLE,,,,,,False,False
year_1_001477,year_1,NOT_AVAILABLE,,,,,,False,False
year_1_001478,year_1,NOT_AVAILABLE,,,,,,False,False
year_1_001479,year_1,NOT_AVAILABLE,,,,,,False,False
year_1_001480,year_1,NOT_AVAILABLE,,,,,,False,False
year_1_001481,year_1,NOT_AVAILABLE,,,,,,False,False
year_1_001482,year_1,NOT_AVAILABLE,,,,,,False,False
year_1_001483,year_1,NOT_AVAILABLE,,,,,,False,False
year_1_001484,year_1,NOT_AVAILABLE,,,,,,False,False
year_1_001485,year_1,NOT_AVAILABLE,,,,,,False,False
year_1_001486,year_1,NOT_AVAILABLE,,,,,,False,False
year_1_001487,year_1,NOT_AVAILABLE,,,,,,False,False
year_1_001488,year_1,NOT_AVAILABLE,,,,,,False,False
year_1_001489,year_1,NOT_AVAILABLE,,,,,,False,False
year_1_001490,year_1,NOT_AVAILABLE,,,,,,False,False
year_1_001491,year_1,NOT_AVAILABLE,,,,,,False,False
year_1_001492,year_1,NOT_AVAILABLE,,,,,,False,False
year_1_001493,year_1,NOT_AVAILABLE,,,,,,False,False
year_1_001494,year_1,NOT_AVAILABLE,,,,,,False,False
year_1_001495,year_1,NOT_AVAILABLE,,,,,,False,False
year_1_001496,year_1,NOT_AVAILABLE,,,,,,False,False
year_1_001497,year_1,NOT_AVAILABLE,,,,,,False,False
year_1_001498,year_1,NOT_AVAILABLE,,,,,,False,False
year_1_001499,year_1,NOT_AVAILABLE,,,,,,False,False
year_1_001500,year_1,NOT_AVAILABLE,,,,,,False,False
year_1_001501,year_1,NOT_AVAILABLE,,,,,,False,False
year_1_001502,year_1,NOT_AVAILABLE,,,,,,False,False
year_1_001503,year_1,NOT_AVAILABLE,,,,,,False,False
year_1_001504,year_1,NOT_AVAILABLE,,,,,,False,False
year_1_001505,year_1,NOT_AVAILABLE,,,,,,False,False
year_1_001506,year_1,NOT_AVAILABLE,,,,,,False,False
year_1_001507,year_1,NOT_AVAILABLE,,,,,,False,False
year_1_001508,year_1,NOT_AVAILABLE,,,,,,False,False
year_1_001509,year_1,NOT_AVAILABLE,,,,,,False,False
year_1_001510,year_1,NOT_AVAILABLE,,,,,,False,False
year_1_001511,year_1,NOT_AVAILABLE,,,,,,False,False
year_1_001512,year_1,NOT_AVAILABLE,,,,,,False,False
year_1_001513,year_1,NOT_AVAILABLE,,,,,,False,False
year_1_001514,year_1,NOT_AVAILABLE,,,,,,False,False
year_1_001515,year_1,NOT_AVAILABLE,,,,,,False,False
year_1_001516,year_1,NOT_AVAILABLE,,,,,,False,False
year_1_001517,year_1,NOT_AVAILABLE,,,,,,False,False
year_1_001518,year_1,NOT_AVAILABLE,,,,,,False,False
year_1_001519,year_1,NOT_AVAILABLE,,,,,,False,False
year_1_001520,year_1,NOT_AVAILABLE,,,,,,False,False
year_1_001521,year_1,NOT_AVAILABLE,,,,,,False,False
year_1_001522,year_1,NOT_AVAILABLE,,,,,,False,False
year_1_001523,year_1,NOT_AVAILABLE,,,,,,False,False
year_1_001524,year_1,NOT_AVAILABLE,,,,,,False,False
year_1_001525,year_1,NOT_AVAILABLE,,,,,,False,False
year_1_001526,year_1,NOT_AVAILABLE,,,,,,False,False
year_1_001527,year_1,NOT_AVAILABLE,,,,,,False,False
year_1_001528,year_1,NOT_AVAILABLE,,,,,,False,False
year_1_001529,year_1,NOT_AVAILABLE,,,,,,False,False
year_1_001530,year_1,NOT_AVAILABLE,,,,,,False,False
year_1_001531,year_1,NOT_AVAILABLE,,,,,,False,False
year_1_001532,year_1,NOT_AVAILABLE,,,,,,False,False
year_1_001533,year_1,NOT_AVAILABLE,,,,,,False,False
year_1_001534,year_1,NOT_AVAILABLE,,,,,,False,False
year_1_001535,year_1,NOT_AVAILABLE,,,,,,False,False
year_1_001536,year_1,NOT_AVAILABLE,,,,,,False,False
year_1_001537,year_1,NOT_AVAILABLE,,,,,,False,False
year_1_001538,year_1,NOT_AVAILABLE,,,,,,False,False
year_1_001539,year_1,NOT_AVAILABLE,,,,,,False,False
year_1_001540,year_1,NOT_AVAILABLE,,,,,,False,False
year_1_001541,year_1,NOT_AVAILABLE,,,,,,False,False
year_1_001542,year_1,NOT_AVAILABLE,,,,,,False,False
year_1_001543,year_1,NOT_AVAILABLE,,,,,,False,False
year_1_001544,year_1,NOT_AVAILABLE,,,,,,False,False
year_1_001545,year_1,NOT_AVAILABLE,,,,,,False,False
year_1_001546,year_1,NOT_AVAILABLE,,,,,,False,False
year_1_001547,year_1,NOT_AVAILABLE,,,,,,False,False
year_1_001548,year_1,NOT_AVAILABLE,,,,,,False,False
year_1_001549,year_1,NOT_AVAILABLE,,,,,,False,False
year_1_001550,year_1,NOT_AVAILABLE,,,,,,False,False
year_1_001551,year_1,NOT_AVAILABLE,,,,,,False,False
year_1_001552,year_1,NOT_AVAILABLE,,,,,,False,False
year_1_001553,year_1,NOT_AVAILABLE,,,,,,False,False
year_1_001554,year_1,NOT_AVAILABLE,,,,,,False,False
year_1_001555,year_1,NOT_AVAILABLE,,,,,,False,False
year_1_001556,year_1,NOT_AVAILABLE,,,,,,False,False
year_1_001557,year_1,NOT_AVAILABLE,,,,,,False,False
year_1_001558,year_1,NOT_AVAILABLE,,,,,,False,False
year_1_001559,year_1,NOT_AVAILABLE,,,,,,False,False
year_1_001560,year_1,NOT_AVAILABLE,,,,,,False,False
year_1_001561,year_1,NOT_AVAILABLE,,,,,,False,False
year_1_001562,year_1,NOT_AVAILABLE,,,,,,False,False
year_1_001563,year_1,NOT_AVAILABLE,,,,,,False,False
year_1_001564,year_1,NOT_AVAILABLE,,,,,,False,False
year_1_001565,year_1,NOT_AVAILABLE,,,,,,False,False
year_1_001566,year_1,NOT_AVAILABLE,,,,,,False,False
year_1_001567,year_1,NOT_AVAILABLE,,,,,,False,False
year_1_001568,year_1,NOT_AVAILABLE,,,,,,False,False
year_1_001569,year_1,NOT_AVAILABLE,,,,,,False,False
year_1_001570,year_1,NOT_AVAILABLE,,,,,,False,False
year_1_001571,year_1,NOT_AVAILABLE,,,,,,False,False
year_1_001572,year_1,NOT_AVAILABLE,,,,,,False,False
year_1_001573,year_1,NOT_AVAILABLE,,,,,,False,False
year_1_001574,year_1,NOT_AVAILABLE,,,,,,False,False
year_1_001575,year_1,NOT_AVAILABLE,,,,,,False,False
year_1_001576,year_1,NOT_AVAILABLE,,,,,,False,False
year_1_001577,year_1,NOT_AVAILABLE,,,,,,False,False
year_1_001578,year_1,NOT_AVAILABLE,,,,,,False,False
year_1_001579,year_1,NOT_AVAILABLE,,,,,,False,False
year_1_001580,year_1,NOT_AVAILABLE,,,,,,False,False
year_1_001581,year_1,NOT_AVAILABLE,,,,,,False,False
year_1_001582,year_1,NOT_AVAILABLE,,,,,,False,False
year_1_001583,year_1,NOT_AVAILABLE,,,,,,False,False
year_1_001584,year_1,NOT_AVAILABLE,,,,,,False,False
year_1_001585,year_1,NOT_AVAILABLE,,,,,,False,False
year_1_001586,year_1,NOT_AVAILABLE,,,,,,False,False
year_1_001587,year_1,NOT_AVAILABLE,,,,,,False,False
year_1_001588,year_1,NOT_AVAILABLE,,,,,,False,False
year_1_001589,year_1,NOT_AVAILABLE,,,,,,False,False
year_1_001590,year_1,NOT_AVAILABLE,,,,,,False,False
year_1_001591,year_1,NOT_AVAILABLE,,,,,,False,False
year_1_001592,year_1,NOT_AVAILABLE,,,,,,False,False
year_1_001593,year_1,NOT_AVAILABLE,,,,,,False,False
year_1_001594,year_1,NOT_AVAILABLE,,,,,,False,False
year_1_001595,year_1,NOT_AVAILABLE,,,,,,False,False
year_1_001596,year_1,NOT_AVAILABLE,,,,,,False,False
year_1_001597,year_1,NOT_AVAILABLE,,,,,,False,False
year_1_001598,year_1,NOT_AVAILABLE,,,,,,False,False
year_1_001599,year_1,NOT_AVAILABLE,,,,,,False,False
year_1_001600,year_1,NOT_AVAILABLE,,,,,,False,False
year_1_001601,year_1,NOT_AVAILABLE,,,,,,False,False
year_1_001602,year_1,NOT_AVAILABLE,,,,,,False,False
year_1_001603,year_1,NOT_AVAILABLE,,,,,,False,False
year_1_001604,year_1,NOT_AVAILABLE,,,,,,False,False
year_1_001605,year_1,NOT_AVAILABLE,,,,,,False,False
year_1_001606,year_1,NOT_AVAILABLE,,,,,,False,False
year_1_001607,year_1,NOT_AVAILABLE,,,,,,False,False
year_1_001608,year_1,NOT_AVAILABLE,,,,,,False,False
year_1_001609,year_1,NOT_AVAILABLE,,,,,,False,False
year_1_001610,year_1,NOT_AVAILABLE,,,,,,False,False
year_1_001611,year_1,NOT_AVAILABLE,,,,,,False,False
year_1_001612,year_1,NOT_AVAILABLE,,,,,,False,False
year_1_001613,year_1,NOT_AVAILABLE,,,,,,False,False
year_1_001614,year_1,NOT_AVAILABLE,,,,,,False,False
year_1_001615,year_1,NOT_AVAILABLE,,,,,,False,False
year_1_001616,year_1,NOT_AVAILABLE,,,,,,False,False
year_1_001617,year_1,NOT_AVAILABLE,,,,,,False,False
year_1_001618,year_1,NOT_AVAILABLE,,,,,,False,False
year_1_001619,year_1,NOT_AVAILABLE,,,,,,False,False
year_1_001620,year_1,NOT_AVAILABLE,,,,,,False,False
year_1_001621,year_1,NOT_AVAILABLE,,,,,,False,False
year_1_001622,year_1,NOT_AVAILABLE,,,,,,False,False
year_1_001623,year_1,NOT_AVAILABLE,,,,,,False,False
year_1_001624,year_1,NOT_AVAILABLE,,,,,,False,False
year_1_001625,year_1,NOT_AVAILABLE,,,,,,False,False
year_1_001626,year_1,NOT_AVAILABLE,,,,,,False,False
year_1_001627,year_1,NOT_AVAILABLE,,,,,,False,False
year_1_001628,year_1,NOT_AVAILABLE,,,,,,False,False
year_1_001629,year_1,NOT_AVAILABLE,,,,,,False,False
year_1_001630,year_1,NOT_AVAILABLE,,,,,,False,False
year_1_001631,year_1,NOT_AVAILABLE,,,,,,False,False
year_1_001632,year_1,NOT_AVAILABLE,,,,,,False,False
year_1_001633,year_1,NOT_AVAILABLE,,,,,,False,False
year_1_001634,year_1,NOT_AVAILABLE,,,,,,False,False
year_1_001635,year_1,NOT_AVAILABLE,,,,,,False,False
year_1_001636,year_1,NOT_AVAILABLE,,,,,,False,False
year_1_001637,year_1,NOT_AVAILABLE,,,,,,False,False
year_1_001638,year_1,NOT_AVAILABLE,,,,,,False,False
year_1_001639,year_1,NOT_AVAILABLE,,,,,,False,False
year_1_001640,year_1,NOT_AVAILABLE,,,,,,False,False
year_1_001641,year_1,NOT_AVAILABLE,,,,,,False,False
year_1_001642,year_1,NOT_AVAILABLE,,,,,,False,False
year_1_001643,year_1,NOT_AVAILABLE,,,,,,False,False
year_1_001644,year_1,NOT_AVAILABLE,,,,,,False,False
year_1_001645,year_1,NOT_AVAILABLE,,,,,,False,False
year_1_001646,year_1,NOT_AVAILABLE,,,,,,False,False
year_1_001647,year_1,NOT_AVAILABLE,,,,,,False,False
year_1_001648,year_1,NOT_AVAILABLE,,,,,,False,False
year_1_001649,year_1,NOT_AVAILABLE,,,,,,False,False
year_1_001650,year_1,NOT_AVAILABLE,,,,,,False,False
year_1_001651,year_1,NOT_AVAILABLE,,,,,,False,False
year_1_001652,year_1,NOT_AVAILABLE,,,,,,False,False
year_1_001653,year_1,NOT_AVAILABLE,,,,,,False,False
year_1_001654,year_1,NOT_AVAILABLE,,,,,,False,False
year_1_001655,year_1,NOT_AVAILABLE,,,,,,False,False
year_1_001656,year_1,NOT_AVAILABLE,,,,,,False,False
year_1_001657,year_1,NOT_AVAILABLE,,,,,,False,False
year_1_001658,year_1,NOT_AVAILABLE,,,,,,False,False
year_1_001659,year_1,NOT_AVAILABLE,,,,,,False,False
year_1_001660,year_1,NOT_AVAILABLE,,,,,,False,False
year_1_001661,year_1,NOT_AVAILABLE,,,,,,False,False
year_1_001662,year_1,NOT_AVAILABLE,,,,,,False,False
year_1_001663,year_1,NOT_AVAILABLE,,,,,,False,False
year_1_001664,year_1,NOT_AVAILABLE,,,,,,False,False
year_1_001665,year_1,NOT_AVAILABLE,,,,,,False,False
year_1_001666,year_1,NOT_AVAILABLE,,,,,,False,False
year_1_001667,year_1,NOT_AVAILABLE,,,,,,False,False
year_1_001668,year_1,NOT_AVAILABLE,,,,,,False,False
year_1_001669,year_1,NOT_AVAILABLE,,,,,,False,False
year_1_001670,year_1,NOT_AVAILABLE,,,,,,False,False
year_1_001671,year_1,NOT_AVAILABLE,,,,,,False,False
year_1_001672,year_1,NOT_AVAILABLE,,,,,,False,False
year_1_001673,year_1,NOT_AVAILABLE,,,,,,False,False
year_1_001674,year_1,NOT_AVAILABLE,,,,,,False,False
year_1_001675,year_1,NOT_AVAILABLE,,,,,,False,False
year_1_001676,year_1,NOT_AVAILABLE,,,,,,False,False
year_1_001677,year_1,NOT_AVAILABLE,,,,,,False,False
year_1_001678,year_1,NOT_AVAILABLE,,,,,,False,False
year_1_001679,year_1,NOT_AVAILABLE,,,,,,False,False
year_1_001680,year_1,NOT_AVAILABLE,,,,,,False,False
year_1_001681,year_1,NOT_AVAILABLE,,,,,,False,False
year_1_001682,year_1,NOT_AVAILABLE,,,,,,False,False
year_1_001683,year_1,NOT_AVAILABLE,,,,,,False,False
year_1_001684,year_1,NOT_AVAILABLE,,,,,,False,False
year_1_001685,year_1,NOT_AVAILABLE,,,,,,False,False
year_1_001686,year_1,NOT_AVAILABLE,,,,,,False,False
year_1_001687,year_1,NOT_AVAILABLE,,,,,,False,False
year_1_001688,year_1,NOT_AVAILABLE,,,,,,False,False
year_1_001689,year_1,NOT_AVAILABLE,,,,,,False,False
year_1_001690,year_1,NOT_AVAILABLE,,,,,,False,False
year_1_001691,year_1,NOT_AVAILABLE,,,,,,False,False
year_1_001692,year_1,NOT_AVAILABLE,,,,,,False,False
year_1_001693,year_1,NOT_AVAILABLE,,,,,,False,False
year_1_001694,year_1,NOT_AVAILABLE,,,,,,False,False
year_1_001695,year_1,NOT_AVAILABLE,,,,,,False,False
year_1_001696,year_1,NOT_AVAILABLE,,,,,,False,False
year_1_001697,year_1,NOT_AVAILABLE,,,,,,False,False
year_1_001698,year_1,NOT_AVAILABLE,,,,,,False,False
year_1_001699,year_1,NOT_AVAILABLE,,,,,,False,False
year_1_001700,year_1,NOT_AVAILABLE,,,,,,False,False
year_1_001701,year_1,NOT_AVAILABLE,,,,,,False,False
year_1_001702,year_1,NOT_AVAILABLE,,,,,,False,False
year_1_001703,year_1,NOT_AVAILABLE,,,,,,False,False
year_1_001704,year_1,NOT_AVAILABLE,,,,,,False,False
year_1_001705,year_1,NOT_AVAILABLE,,,,,,False,False
year_1_001706,year_1,NOT_AVAILABLE,,,,,,False,False
year_1_001707,year_1,NOT_AVAILABLE,,,,,,False,False
year_1_001708,year_1,NOT_AVAILABLE,,,,,,False,False
year_1_001709,year_1,NOT_AVAILABLE,,,,,,False,False
year_1_001710,year_1,NOT_AVAILABLE,,,,,,False,False
year_1_001711,year_1,NOT_AVAILABLE,,,,,,False,False
year_1_001712,year_1,NOT_AVAILABLE,,,,,,False,False
year_1_001713,year_1,NOT_AVAILABLE,,,,,,False,False
year_1_001714,year_1,NOT_AVAILABLE,,,,,,False,False
year_1_001715,year_1,NOT_AVAILABLE,,,,,,False,False
year_1_001716,year_1,NOT_AVAILABLE,,,,,,False,False
year_1_001717,year_1,NOT_AVAILABLE,,,,,,False,False
year_1_001718,year_1,NOT_AVAILABLE,,,,,,False,False
year_1_001719,year_1,NOT_AVAILABLE,,,,,,False,False
year_1_001720,year_1,NOT_AVAILABLE,,,,,,False,False
year_1_001721,year_1,NOT_AVAILABLE,,,,,,False,False
year_1_001722,year_1,NOT_AVAILABLE,,,,,,False,False
year_1_001723,year_1,NOT_AVAILABLE,,,,,,False,False
year_1_001724,year_1,NOT_AVAILABLE,,,,,,False,False
year_1_001725,year_1,NOT_AVAILABLE,,,,,,False,False
year_1_001726,year_1,NOT_AVAILABLE,,,,,,False,False
year_1_001727,year_1,NOT_AVAILABLE,,,,,,False,False
year_1_001728,year_1,NOT_AVAILABLE,,,,,,False,False
year_1_001729,year_1,NOT_AVAILABLE,,,,,,False,False
year_1_001730,year_1,NOT_AVAILABLE,,,,,,False,False
year_1_001731,year_1,NOT_AVAILABLE,,,,,,False,False
year_1_001732,year_1,NOT_AVAILABLE,,,,,,False,False
year_1_001733,year_1,NOT_AVAILABLE,,,,,,False,False
year_1_001734,year_1,NOT_AVAILABLE,,,,,,False,False
year_1_001735,year_1,NOT_AVAILABLE,,,,,,False,False
year_1_001736,year_1,NOT_AVAILABLE,,,,,,False,False
year_1_001737,year_1,NOT_AVAILABLE,,,,,,False,False
year_1_001738,year_1,NOT_AVAILABLE,,,,,,False,False
year_1_001739,year_1,NOT_AVAILABLE,,,,,,False,False
year_1_001740,year_1,NOT_AVAILABLE,,,,,,False,False
year_1_001741,year_1,NOT_AVAILABLE,,,,,,False,False
year_1_001742,year_1,NOT_AVAILABLE,,,,,,False,False
year_1_001743,year_1,NOT_AVAILABLE,,,,,,False,False
year_1_001744,year_1,NOT_AVAILABLE,,,,,,False,False
year_1_001745,year_1,NOT_AVAILABLE,,,,,,False,False
year_1_001746,year_1,NOT_AVAILABLE,,,,,,False,False
year_1_001747,year_1,NOT_AVAILABLE,,,,,,False,False
year_1_001748,year_1,NOT_AVAILABLE,,,,,,False,False
year_1_001749,year_1,NOT_AVAILABLE,,,,,,False,False
year_1_001750,year_1,NOT_AVAILABLE,,,,,,False,False
year_1_001751,year_1,NOT_AVAILABLE,,,,,,False,False
year_1_001752,year_1,NOT_AVAILABLE,,,,,,False,False
year_1_001753,year_1,NOT_AVAILABLE,,,,,,False,False
year_1_001754,year_1,NOT_AVAILABLE,,,,,,False,False
year_1_001755,year_1,NOT_AVAILABLE,,,,,,False,False
year_1_001756,year_1,NOT_AVAILABLE,,,,,,False,False
year_1_001757,year_1,NOT_AVAILABLE,,,,,,False,False
year_1_001758,year_1,NOT_AVAILABLE,,,,,,False,False
year_1_001759,year_1,NOT_AVAILABLE,,,,,,False,False
year_1_001760,year_1,NOT_AVAILABLE,,,,,,False,False
year_1_001761,year_1,NOT_AVAILABLE,,,,,,False,False
year_1_001762,year_1,NOT_AVAILABLE,,,,,,False,False
year_1_001763,year_1,NOT_AVAILABLE,,,,,,False,False
year_1_001764,year_1,NOT_AVAILABLE,,,,,,False,False
year_1_001765,year_1,NOT_AVAILABLE,,,,,,False,False
year_1_001766,year_1,NOT_AVAILABLE,,,,,,False,False
year_1_001767,year_1,NOT_AVAILABLE,,,,,,False,False
year_1_001768,year_1,NOT_AVAILABLE,,,,,,False,False
year_1_001769,year_1,NOT_AVAILABLE,,,,,,False,False
year_1_001770,year_1,NOT_AVAILABLE,,,,,,False,False
year_1_001771,year_1,NOT_AVAILABLE,,,,,,False,False
year_1_001772,year_1,NOT_AVAILABLE,,,,,,False,False
year_1_001773,year_1,NOT_AVAILABLE,,,,,,False,False
year_1_001774,year_1,NOT_AVAILABLE,,,,,,False,False
year_1_001775,year_1,NOT_AVAILABLE,,,,,,False,False
year_1_001776,year_1,NOT_AVAILABLE,,,,,,False,False
year_1_001777,year_1,NOT_AVAILABLE,,,,,,False,False
year_1_001778,year_1,NOT_AVAILABLE,,,,,,False,False
year_1_001779,year_1,NOT_AVAILABLE,,,,,,False,False
year_1_001780,year_1,NOT_AVAILABLE,,,,,,False,False
year_1_001781,year_1,NOT_AVAILABLE,,,,,,False,False
year_1_001782,year_1,NOT_AVAILABLE,,,,,,False,False
year_1_001783,year_1,NOT_AVAILABLE,,,,,,False,False
year_1_001784,year_1,NOT_AVAILABLE,,,,,,False,False
year_1_001785,year_1,NOT_AVAILABLE,,,,,,False,False
year_1_001786,year_1,NOT_AVAILABLE,,,,,,False,False
year_1_001787,year_1,NOT_AVAILABLE,,,,,,False,False
year_1_001788,year_1,NOT_AVAILABLE,,,,,,False,False
year_1_001789,year_1,NOT_AVAILABLE,,,,,,False,False
year_1_001790,year_1,NOT_AVAILABLE,,,,,,False,False
year_1_001791,year_1,NOT_AVAILABLE,,,,,,False,False
year_1_001792,year_1,NOT_AVAILABLE,,,,,,False,False
year_1_001793,year_1,NOT_AVAILABLE,,,,,,False,False
year_1_001794,year_1,NOT_AVAILABLE,,,,,,False,False
year_1_001795,year_1,NOT_AVAILABLE,,,,,,False,False
year_1_001796,year_1,NOT_AVAILABLE,,,,,,False,False
year_1_001797,year_1,NOT_AVAILABLE,,,,,,False,False
year_1_001798,year_1,NOT_AVAILABLE,,,,,,False,False
year_1_001799,year_1,NOT_AVAILABLE,,,,,,False,False
year_1_001800,year_1,NOT_AVAILABLE,,,,,,False,False
year_1_001801,year_1,NOT_AVAILABLE,,,,,,False,False
year_1_001802,year_1,NOT_AVAILABLE,,,,,,False,False
year_1_001803,year_1,NOT_AVAILABLE,,,,,,False,False
year_1_001804,year_1,NOT_AVAILABLE,,,,,,False,False
year_1_001805,year_1,NOT_AVAILABLE,,,,,,False,False
year_1_001806,year_1,NOT_AVAILABLE,,,,,,False,False
year_1_001807,year_1,NOT_AVAILABLE,,,,,,False,False
year_1_001808,year_1,NOT_AVAILABLE,,,,,,False,False
year_1_001809,year_1,NOT_AVAILABLE,,,,,,False,False
year_1_001810,year_1,NOT_AVAILABLE,,,,,,False,False
year_1_001811,year_1,NOT_AVAILABLE,,,,,,False,False
year_1_001812,year_1,NOT_AVAILABLE,,,,,,False,False
year_1_001813,year_1,NOT_AVAILABLE,,,,,,False,False
year_1_001814,year_1,NOT_AVAILABLE,,,,,,False,False
year_1_001815,year_1,NOT_AVAILABLE,,,,,,False,False
year_1_001816,year_1,NOT_AVAILABLE,,,,,,False,False
year_1_001817,year_1,NOT_AVAILABLE,,,,,,False,False
year_1_001818,year_1,NOT_AVAILABLE,,,,,,False,False
year_1_001819,year_1,NOT_AVAILABLE,,,,,,False,False
year_1_001820,year_1,NOT_AVAILABLE,,,,,,False,False
year_1_001821,year_1,NOT_AVAILABLE,,,,,,False,False
year_1_001822,year_1,NOT_AVAILABLE,,,,,,False,False
year_1_001823,year_1,NOT_AVAILABLE,,,,,,False,False
year_1_001824,year_1,NOT_AVAILABLE,,,,,,False,False
year_1_001825,year_1,NOT_AVAILABLE,,,,,,False,False
year_1_001826,year_1,NOT_AVAILABLE,,,,,,False,False
year_1_001827,year_1,NOT_AVAILABLE,,,,,,False,False
year_1_001828,year_1,NOT_AVAILABLE,,,,,,False,False
year_1_001829,year_1,NOT_AVAILABLE,,,,,,False,False
year_1_001830,year_1,NOT_AVAILABLE,,,,,,False,False
year_1_001831,year_1,NOT_AVAILABLE,,,,,,False,False
year_1_001832,year_1,NOT_AVAILABLE,,,,,,False,False
year_1_001833,year_1,NOT_AVAILABLE,,,,,,False,False
year_1_001834,year_1,NOT_AVAILABLE,,,,,,False,False
year_1_001835,year_1,NOT_AVAILABLE,,,,,,False,False
year_1_001836,year_1,NOT_AVAILABLE,,,,,,False,False
year_1_001837,year_1,NOT_AVAILABLE,,,,,,False,False
year_1_001838,year_1,NOT_AVAILABLE,,,,,,False,False
year_1_001839,year_1,NOT_AVAILABLE,,,,,,False,False
year_1_001840,year_1,NOT_AVAILABLE,,,,,,False,False
year_1_001841,year_1,NOT_AVAILABLE,,,,,,False,False
year_1_001842,year_1,NOT_AVAILABLE,,,,,,False,False
year_1_001843,year_1,NOT_AVAILABLE,,,,,,False,False
year_1_001844,year_1,NOT_AVAILABLE,,,,,,False,False
year_1_001845,year_1,NOT_AVAILABLE,,,,,,False,False
year_1_001846,year_1,NOT_AVAILABLE,,,,,,False,False
year_1_001847,year_1,NOT_AVAILABLE,,,,,,False,False
year_1_001848,year_1,NOT_AVAILABLE,,,,,,False,False
year_1_001849,year_1,NOT_AVAILABLE,,,,,,False,False
year_1_001850,year_1,NOT_AVAILABLE,,,,,,False,False
year_1_001851,year_1,NOT_AVAILABLE,,,,,,False,False
year_1_001852,year_1,NOT_AVAILABLE,,,,,,False,False
year_1_001853,year_1,NOT_AVAILABLE,,,,,,False,False
year_1_001854,year_1,NOT_AVAILABLE,,,,,,False,False
year_1_001855,year_1,NOT_AVAILABLE,,,,,,False,False
year_1_001856,year_1,NOT_AVAILABLE,,,,,,False,False
year_1_001857,year_1,NOT_AVAILABLE,,,,,,False,False
year_1_001858,year_1,NOT_AVAILABLE,,,,,,False,False
year_1_001859,year_1,NOT_AVAILABLE,,,,,,False,False
year_1_001860,year_1,NOT_AVAILABLE,,,,,,False,False
year_1_001861,year_1,NOT_AVAILABLE,,,,,,False,False
year_1_001862,year_1,NOT_AVAILABLE,,,,,,False,False
year_1_001863,year_1,NOT_AVAILABLE,,,,,,False,False
year_1_001864,year_1,NOT_AVAILABLE,,,,,,False,False
year_1_001865,year_1,NOT_AVAILABLE,,,,,,False,False
year_1_001866,year_1,NOT_AVAILABLE,,,,,,False,False
year_1_001867,year_1,NOT_AVAILABLE,,,,,,False,False
year_1_001868,year_1,NOT_AVAILABLE,,,,,,False,False
year_1_001869,year_1,NOT_AVAILABLE,,,,,,False,False
year_1_001870,year_1,NOT_AVAILABLE,,,,,,False,False
year_1_001871,year_1,NOT_AVAILABLE,,,,,,False,False
year_1_001872,year_1,NOT_AVAILABLE,,,,,,False,False
year_1_001873,year_1,NOT_AVAILABLE,,,,,,False,False
year_1_001874,year_1,NOT_AVAILABLE,,,,,,False,False
year_1_001875,year_1,NOT_AVAILABLE,,,,,,False,False
year_1_001876,year_1,NOT_AVAILABLE,,,,,,False,False
year_1_001877,year_1,NOT_AVAILABLE,,,,,,False,False
year_1_001878,year_1,NOT_AVAILABLE,,,,,,False,False
year_1_001879,year_1,NOT_AVAILABLE,,,,,,False,False
year_1_001880,year_1,NOT_AVAILABLE,,,,,,False,False
year_1_001881,year_1,NOT_AVAILABLE,,,,,,False,False
year_1_001882,year_1,NOT_AVAILABLE,,,,,,False,False
year_1_001883,year_1,NOT_AVAILABLE,,,,,,False,False
year_1_001884,year_1,NOT_AVAILABLE,,,,,,False,False
year_1_001885,year_1,NOT_AVAILABLE,,,,,,False,False
year_1_001886,year_1,NOT_AVAILABLE,,,,,,False,False
year_1_001887,year_1,NOT_AVAILABLE,,,,,,False,False
year_1_001888,year_1,NOT_AVAILABLE,,,,,,False,False
year_1_001889,year_1,NOT_AVAILABLE,,,,,,False,False
year_1_001890,year_1,NOT_AVAILABLE,,,,,,False,False
year_1_001891,year_1,NOT_AVAILABLE,,,,,,False,False
year_1_001892,year_1,NOT_AVAILABLE,,,,,,False,False
year_1_001893,year_1,NOT_AVAILABLE,,,,,,False,False
year_1_001894,year_1,NOT_AVAILABLE,,,,,,False,False
year_1_001895,year_1,NOT_AVAILABLE,,,,,,False,False
year_1_001896,year_1,NOT_AVAILABLE,,,,,,False,False
year_1_001897,year_1,NOT_AVAILABLE,,,,,,False,False
year_1_001898,year_1,NOT_AVAILABLE,,,,,,False,False
year_1_001899,year_1,NOT_AVAILABLE,,,,,,False,False
year_1_001900,year_1,NOT_AVAILABLE,,,,,,False,False
year_1_001901,year_1,NOT_AVAILABLE,,,,,,False,False
year_1_001902,year_1,NOT_AVAILABLE,,,,,,False,False
year_1_001903,year_1,NOT_AVAILABLE,,,,,,False,False
year_1_001904,year_1,NOT_AVAILABLE,,,,,,False,False
year_1_001905,year_1,NOT_AVAILABLE,,,,,,False,False
year_1_001906,year_1,NOT_AVAILABLE,,,,,,False,False
year_1_001907,year_1,NOT_AVAILABLE,,,,,,False,False
year_1_001908,year_1,NOT_AVAILABLE,,,,,,False,False
year_1_001909,year_1,NOT_AVAILABLE,,,,,,False,False
year_1_001910,year_1,NOT_AVAILABLE,,,,,,False,False
year_1_001911,year_1,NOT_AVAILABLE,,,,,,False,False
year_1_001912,year_1,NOT_AVAILABLE,,,,,,False,False
year_1_001913,year_1,NOT_AVAILABLE,,,,,,False,False
year_1_001914,year_1,NOT_AVAILABLE,,,,,,False,False
year_1_001915,year_1,NOT_AVAILABLE,,,,,,False,False
year_1_001916,year_1,NOT_AVAILABLE,,,,,,False,False
year_1_001917,year_1,NOT_AVAILABLE,,,,,,False,False
year_1_001918,year_1,NOT_AVAILABLE,,,,,,False,False
year_1_001919,year_1,NOT_AVAILABLE,,,,,,False,False
year_1_001920,year_1,NOT_AVAILABLE,,,,,,False,False
year_1_001921,year_1,NOT_AVAILABLE,,,,,,False,False
year_1_001922,year_1,NOT_AVAILABLE,,,,,,False,False
year_1_001923,year_1,NOT_AVAILABLE,,,,,,False,False
year_1_001924,year_1,NOT_AVAILABLE,,,,,,False,False
year_1_001925,year_1,NOT_AVAILABLE,,,,,,False,False
year_1_001926,year_1,NOT_AVAILABLE,,,,,,False,False
year_1_001927,year_1,NOT_AVAILABLE,,,,,,False,False
year_1_001928,year_1,NOT_AVAILABLE,,,,,,False,False
year_1_001929,year_1,NOT_AVAILABLE,,,,,,False,False
year_1_001930,year_1,NOT_AVAILABLE,,,,,,False,False
year_1_001931,year_1,NOT_AVAILABLE,,,,,,False,False
year_1_001932,year_1,NOT_AVAILABLE,,,,,,False,False
year_1_001933,year_1,NOT_AVAILABLE,,,,,,False,False
year_1_001934,year_1,NOT_AVAILABLE,,,,,,False,False
year_1_001935,year_1,NOT_AVAILABLE,,,,,,False,False
year_1_001936,year_1,NOT_AVAILABLE,,,,,,False,False
year_1_001937,year_1,NOT_AVAILABLE,,,,,,False,False
year_1_001938,year_1,NOT_AVAILABLE,,,,,,False,False
year_1_001939,year_1,NOT_AVAILABLE,,,,,,False,False
year_1_001940,year_1,NOT_AVAILABLE,,,,,,False,False
year_1_001941,year_1,NOT_AVAILABLE,,,,,,False,False
year_1_001942,year_1,NOT_AVAILABLE,,,,,,False,False
year_1_001943,year_1,NOT_AVAILABLE,,,,,,False,False
year_1_001944,year_1,NOT_AVAILABLE,,,,,,False,False
year_1_001945,year_1,NOT_AVAILABLE,,,,,,False,False
year_1_001946,year_1,NOT_AVAILABLE,,,,,,False,False
year_1_001947,year_1,NOT_AVAILABLE,,,,,,False,False
year_1_001948,year_1,NOT_AVAILABLE,,,,,,False,False
year_1_001949,year_1,NOT_AVAILABLE,,,,,,False,False
year_1_001950,year_1,NOT_AVAILABLE,,,,,,False,False
year_1_001951,year_1,NOT_AVAILABLE,,,,,,False,False
year_1_001952,year_1,NOT_AVAILABLE,,,,,,False,False
year_1_001953,year_1,NOT_AVAILABLE,,,,,,False,False
year_1_001954,year_1,NOT_AVAILABLE,,,,,,False,False
year_1_001955,year_1,NOT_AVAILABLE,,,,,,False,False
year_1_001956,year_1,NOT_AVAILABLE,,,,,,False,False
year_1_001957,year_1,NOT_AVAILABLE,,,,,,False,False
year_1_001958,year_1,NOT_AVAILABLE,,,,,,False,False
year_1_001959,year_1,NOT_AVAILABLE,,,,,,False,False
year_1_001960,year_1,NOT_AVAILABLE,,,,,,False,False
year_1_001961,year_1,NOT_AVAILABLE,,,,,,False,False
year_1_001962,year_1,NOT_AVAILABLE,,,,,,False,False
year_1_001963,year_1,NOT_AVAILABLE,,,,,,False,False
year_1_001964,year_1,NOT_AVAILABLE,,,,,,False,False
year_1_001965,year_1,NOT_AVAILABLE,,,,,,False,False
year_1_001966,year_1,NOT_AVAILABLE,,,,,,False,False
year_1_001967,year_1,NOT_AVAILABLE,,,,,,False,False
year_1_001968,year_1,NOT_AVAILABLE,,,,,,False,False
year_1_001969,year_1,NOT_AVAILABLE,,,,,,False,False
year_1_001970,year_1,NOT_AVAILABLE,,,,,,False,False
year_1_001971,year_1,NOT_AVAILABLE,,,,,,False,False
year_1_001972,year_1,NOT_AVAILABLE,,,,,,False,False
year_1_001973,year_1,NOT_AVAILABLE,,,,,,False,False
year_1_001974,year_1,NOT_AVAILABLE,,,,,,False,False
year_1_001975,year_1,NOT_AVAILABLE,,,,,,False,False
year_1_001976,year_1,NOT_AVAILABLE,,,,,,False,False
year_1_001977,year_1,NOT_AVAILABLE,,,,,,False,False
year_1_001978,year_1,NOT_AVAILABLE,,,,,,False,False
year_1_001979,year_1,NOT_AVAILABLE,,,,,,False,False
year_1_001980,year_1,NOT_AVAILABLE,,,,,,False,False
year_1_001981,year_1,NOT_AVAILABLE,,,,,,False,False
year_1_001982,year_1,NOT_AVAILABLE,,,,,,False,False
year_1_001983,year_1,NOT_AVAILABLE,,,,,,False,False
year_1_001984,year_1,NOT_AVAILABLE,,,,,,False,False
year_1_001985,year_1,NOT_AVAILABLE,,,,,,False,False
year_1_001986,year_1,NOT_AVAILABLE,,,,,,False,False
year_1_001987,year_1,NOT_AVAILABLE,,,,,,False,False
year_1_001988,year_1,NOT_AVAILABLE,,,,,,False,False
year_1_001989,year_1,NOT_AVAILABLE,,,,,,False,False
year_1_001990,year_1,NOT_AVAILABLE,,,,,,False,False
year_1_001991,year_1,NOT_AVAILABLE,,,,,,False,False
year_1_001992,year_1,NOT_AVAILABLE,,,,,,False,False
year_1_001993,year_1,NOT_AVAILABLE,,,,,,False,False
year_1_001994,year_1,NOT_AVAILABLE,,,,,,False,False
year_1_001995,year_1,NOT_AVAILABLE,,,,,,False,False
year_1_001996,year_1,NOT_AVAILABLE,,,,,,False,False
year_1_001997,year_1,NOT_AVAILABLE,,,,,,False,False
year_1_001998,year_1,NOT_AVAILABLE,,,,,,False,False
year_1_001999,year_1,NOT_AVAILABLE,,,,,,False,False
year_1_002000,year_1,NOT_AVAILABLE,,,,,,False,False
year_1_002001,year_1,NOT_AVAILABLE,,,,,,False,False
year_1_002002,year_1,NOT_AVAILABLE,,,,,,False,False
year_1_002003,year_1,NOT_AVAILABLE,,,,,,False,False
year_1_002004,year_1,NOT_AVAILABLE,,,,,,False,False
year_1_002005,year_1,NOT_AVAILABLE,,,,,,False,False
year_1_002006,year_1,NOT_AVAILABLE,,,,,,False,False
year_1_002007,year_1,NOT_AVAILABLE,,,,,,False,False
year_1_002008,year_1,NOT_AVAILABLE,,,,,,False,False
year_1_002009,year_1,NOT_AVAILABLE,,,,,,False,False
year_1_002010,year_1,NOT_AVAILABLE,,,,,,False,False
year_1_002011,year_1,NOT_AVAILABLE,,,,,,False,False
year_1_002012,year_1,NOT_AVAILABLE,,,,,,False,False
year_1_002013,year_1,NOT_AVAILABLE,,,,,,False,False
year_1_002014,year_1,NOT_AVAILABLE,,,,,,False,False
year_1_002015,year_1,NOT_AVAILABLE,,,,,,False,False
year_1_002016,year_1,NOT_AVAILABLE,,,,,,False,False
year_1_002017,year_1,NOT_AVAILABLE,,,,,,False,False
year_1_002018,year_1,NOT_AVAILABLE,,,,,,False,False
year_1_002019,year_1,NOT_AVAILABLE,,,,,,False,False
year_1_002020,year_1,NOT_AVAILABLE,,,,,,False,False
year_1_002021,year_1,NOT_AVAILABLE,,,,,,False,False
year_1_002022,year_1,NOT_AVAILABLE,,,,,,False,False
year_1_002023,year_1,NOT_AVAILABLE,,,,,,False,False
year_1_002024,year_1,NOT_AVAILABLE,,,,,,False,False
year_1_002025,year_1,NOT_AVAILABLE,,,,,,False,False
year_1_002026,year_1,NOT_AVAILABLE,,,,,,False,False
year_1_002027,year_1,NOT_AVAILABLE,,,,,,False,False
year_1_002028,year_1,NOT_AVAILABLE,,,,,,False,False
year_1_002029,year_1,NOT_AVAILABLE,,,,,,False,False
year_1_002030,year_1,NOT_AVAILABLE,,,,,,False,False
year_1_002031,year_1,NOT_AVAILABLE,,,,,,False,False
year_1_002032,year_1,NOT_AVAILABLE,,,,,,False,False
year_1_002033,year_1,NOT_AVAILABLE,,,,,,False,False
year_1_002034,year_1,NOT_AVAILABLE,,,,,,False,False
year_1_002035,year_1,NOT_AVAILABLE,,,,,,False,False
year_1_002036,year_1,NOT_AVAILABLE,,,,,,False,False
year_1_002037,year_1,NOT_AVAILABLE,,,,,,False,False
year_1_002038,year_1,NOT_AVAILABLE,,,,,,False,False
year_1_002039,year_1,NOT_AVAILABLE,,,,,,False,False
year_1_002040,year_1,NOT_AVAILABLE,,,,,,False,False
year_1_002041,year_1,NOT_AVAILABLE,,,,,,False,False
year_1_002042,year_1,NOT_AVAILABLE,,,,,,False,False
year_1_002043,year_1,NOT_AVAILABLE,,,,,,False,False
year_1_002044,year_1,NOT_AVAILABLE,,,,,,False,False
year_1_002045,year_1,NOT_AVAILABLE,,,,,,False,False
year_1_002046,year_1,NOT_AVAILABLE,,,,,,False,False
year_1_002047,year_1,NOT_AVAILABLE,,,,,,False,False
year_1_002048,year_1,NOT_AVAILABLE,,,,,,False,False
year_1_002049,year_1,NOT_AVAILABLE,,,,,,False,False
year_1_002050,year_1,NOT_AVAILABLE,,,,,,False,False
year_1_002051,year_1,NOT_AVAILABLE,,,,,,False,False
year_1_002052,year_1,NOT_AVAILABLE,,,,,,False,False
year_1_002053,year_1,NOT_AVAILABLE,,,,,,False,False
year_1_002054,year_1,NOT_AVAILABLE,,,,,,False,False
year_1_002055,year_1,NOT_AVAILABLE,,,,,,False,False
year_1_002056,year_1,NOT_AVAILABLE,,,,,,False,False
year_1_002057,year_1,NOT_AVAILABLE,,,,,,False,False
year_1_002058,year_1,NOT_AVAILABLE,,,,,,False,False
year_1_002059,year_1,NOT_AVAILABLE,,,,,,False,False
year_1_002060,year_1,NOT_AVAILABLE,,,,,,False,False
year_1_002061,year_1,NOT_AVAILABLE,,,,,,False,False
year_1_002062,year_1,NOT_AVAILABLE,,,,,,False,False
year_1_002063,year_1,NOT_AVAILABLE,,,,,,False,False
year_1_002064,year_1,NOT_AVAILABLE,,,,,,False,False
year_1_002065,year_1,NOT_AVAILABLE,,,,,,False,False
year_1_002066,year_1,NOT_AVAILABLE,,,,,,False,False
year_1_002067,year_1,NOT_AVAILABLE,,,,,,False,False
year_1_002068,year_1,NOT_AVAILABLE,,,,,,False,False
year_1_002069,year_1,NOT_AVAILABLE,,,,,,False,False
year_1_002070,year_1,NOT_AVAILABLE,,,,,,False,False
year_1_002071,year_1,NOT_AVAILABLE,,,,,,False,False
year_1_002072,year_1,NOT_AVAILABLE,,,,,,False,False
year_1_002073,year_1,NOT_AVAILABLE,,,,,,False,False
year_1_002074,year_1,NOT_AVAILABLE,,,,,,False,False
year_1_002075,year_1,NOT_AVAILABLE,,,,,,False,False
year_1_002076,year_1,NOT_AVAILABLE,,,,,,False,False
year_1_002077,year_1,NOT_AVAILABLE,,,,,,False,False
year_1_002078,year_1,NOT_AVAILABLE,,,,,,False,False
year_1_002079,year_1,NOT_AVAILABLE,,,,,,False,False
year_1_002080,year_1,NOT_AVAILABLE,,,,,,False,False
year_1_002081,year_1,NOT_AVAILABLE,,,,,,False,False
year_1_002082,year_1,NOT_AVAILABLE,,,,,,False,False
year_1_002083,year_1,NOT_AVAILABLE,,,,,,False,False
year_1_002084,year_1,NOT_AVAILABLE,,,,,,False,False
year_1_002085,year_1,NOT_AVAILABLE,,,,,,False,False
year_1_002086,year_1,NOT_AVAILABLE,,,,,,False,False
year_1_002087,year_1,NOT_AVAILABLE,,,,,,False,False
year_1_002088,year_1,NOT_AVAILABLE,,,,,,False,False
year_1_002089,year_1,NOT_AVAILABLE,,,,,,False,False
year_1_002090,year_1,NOT_AVAILABLE,,,,,,False,False
year_1_002091,year_1,NOT_AVAILABLE,,,,,,False,False
year_1_002092,year_1,NOT_AVAILABLE,,,,,,False,False
year_1_002093,year_1,NOT_AVAILABLE,,,,,,False,False
year_1_002094,year_1,NOT_AVAILABLE,,,,,,False,False
year_1_002095,year_1,NOT_AVAILABLE,,,,,,False,False
year_1_002096,year_1,NOT_AVAILABLE,,,,,,False,False
year_1_002097,year_1,NOT_AVAILABLE,,,,,,False,False
year_1_002098,year_1,NOT_AVAILABLE,,,,,,False,False
year_1_002099,year_1,NOT_AVAILABLE,,,,,,False,False
year_1_002100,year_1,NOT_AVAILABLE,,,,,,False,False
year_1_002101,year_1,NOT_AVAILABLE,,,,,,False,False
year_1_002102,year_1,NOT_AVAILABLE,,,,,,False,False
year_1_002103,year_1,NOT_AVAILABLE,,,,,,False,False
year_1_002104,year_1,NOT_AVAILABLE,,,,,,False,False
year_1_002105,year_1,NOT_AVAILABLE,,,,,,False,False
year_1_002106,year_1,NOT_AVAILABLE,,,,,,False,False
year_1_002107,year_1,NOT_AVAILABLE,,,,,,False,False
year_1_002108,year_1,NOT_AVAILABLE,,,,,,False,False
year_1_002109,year_1,NOT_AVAILABLE,,,,,,False,False
year_1_002110,year_1,NOT_AVAILABLE,,,,,,False,False
year_1_002111,year_1,NOT_AVAILABLE,,,,,,False,False
year_1_002112,year_1,NOT_AVAILABLE,,,,,,False,False
year_1_002113,year_1,NOT_AVAILABLE,,,,,,False,False
year_1_002114,year_1,NOT_AVAILABLE,,,,,,False,False
year_1_002115,year_1,NOT_AVAILABLE,,,,,,False,False
year_1_002116,year_1,NOT_AVAILABLE,,,,,,False,False
year_1_002117,year_1,NOT_AVAILABLE,,,,,,False,False
year_1_002118,year_1,NOT_AVAILABLE,,,,,,False,False
year_1_002119,year_1,NOT_AVAILABLE,,,,,,False,False
year_1_002120,year_1,NOT_AVAILABLE,,,,,,False,False
year_1_002121,year_1,NOT_AVAILABLE,,,,,,False,False
year_1_002122,year_1,NOT_AVAILABLE,,,,,,False,False
year_1_002123,year_1,NOT_AVAILABLE,,,,,,False,False
year_1_002124,year_1,NOT_AVAILABLE,,,,,,False,False
year_1_002125,year_1,NOT_AVAILABLE,,,,,,False,False
year_1_002126,year_1,NOT_AVAILABLE,,,,,,False,False
year_1_002127,year_1,NOT_AVAILABLE,,,,,,False,False
year_1_002128,year_1,NOT_AVAILABLE,,,,,,False,False
year_1_002129,year_1,NOT_AVAILABLE,,,,,,False,False
year_1_002130,year_1,NOT_AVAILABLE,,,,,,False,False
year_1_002131,year_1,NOT_AVAILABLE,,,,,,False,False
year_1_002132,year_1,NOT_AVAILABLE,,,,,,False,False
year_1_002133,year_1,NOT_AVAILABLE,,,,,,False,False
year_1_002134,year_1,NOT_AVAILABLE,,,,,,False,False
year_1_002135,year_1,NOT_AVAILABLE,,,,,,False,False
year_1_002136,year_1,NOT_AVAILABLE,,,,,,False,False
year_1_002137,year_1,NOT_AVAILABLE,,,,,,False,False
year_1_002138,year_1,NOT_AVAILABLE,,,,,,False,False
year_1_002139,year_1,NOT_AVAILABLE,,,,,,False,False
year_1_002140,year_1,NOT_AVAILABLE,,,,,,False,False
year_1_002141,year_1,NOT_AVAILABLE,,,,,,False,False
year_1_002142,year_1,NOT_AVAILABLE,,,,,,False,False
year_1_002143,year_1,NOT_AVAILABLE,,,,,,False,False
year_1_002144,year_1,NOT_AVAILABLE,,,,,,False,False
year_1_002145,year_1,NOT_AVAILABLE,,,,,,False,False
year_1_002146,year_1,NOT_AVAILABLE,,,,,,False,False
year_1_002147,year_1,NOT_AVAILABLE,,,,,,False,False
year_1_002148,year_1,NOT_AVAILABLE,,,,,,False,False
year_1_002149,year_1,NOT_AVAILABLE,,,,,,False,False
year_1_002150,year_1,NOT_AVAILABLE,,,,,,False,False
year_1_002151,year_1,NOT_AVAILABLE,,,,,,False,False
year_1_002152,year_1,NOT_AVAILABLE,,,,,,False,False
year_1_002153,year_1,NOT_AVAILABLE,,,,,,False,False
year_1_002154,year_1,NOT_AVAILABLE,,,,,,False,False
year_1_002155,year_1,NOT_AVAILABLE,,,,,,False,False
year_1_002156,year_1,NOT_AVAILABLE,,,,,,False,False
year_1_002157,year_1,NOT_AVAILABLE,,,,,,False,False
year_1_002158,year_1,NOT_AVAILABLE,,,,,,False,False
year_1_002159,year_1,NOT_AVAILABLE,,,,,,False,False
year_1_002160,year_1,NOT_AVAILABLE,,,,,,False,False
year_1_002161,year_1,NOT_AVAILABLE,,,,,,False,False
year_1_002162,year_1,NOT_AVAILABLE,,,,,,False,False
year_1_002163,year_1,NOT_AVAILABLE,,,,,,False,False
year_1_002164,year_1,NOT_AVAILABLE,,,,,,False,False
year_1_002165,year_1,NOT_AVAILABLE,,,,,,False,False
year_1_002166,year_1,NOT_AVAILABLE,,,,,,False,False
year_1_002167,year_1,NOT_AVAILABLE,,,,,,False,False
year_1_002168,year_1,NOT_AVAILABLE,,,,,,False,False
year_1_002169,year_1,NOT_AVAILABLE,,,,,,False,False
year_1_002170,year_1,NOT_AVAILABLE,,,,,,False,False
year_1_002171,year_1,NOT_AVAILABLE,,,,,,False,False
year_1_002172,year_1,NOT_AVAILABLE,,,,,,False,False
year_1_002173,year_1,NOT_AVAILABLE,,,,,,False,False
year_1_002174,year_1,NOT_AVAILABLE,,,,,,False,False
year_1_002175,year_1,NOT_AVAILABLE,,,,,,False,False
year_1_002176,year_1,NOT_AVAILABLE,,,,,,False,False
year_1_002177,year_1,NOT_AVAILABLE,,,,,,False,False
year_1_002178,year_1,NOT_AVAILABLE,,,,,,False,False
year_1_002179,year_1,NOT_AVAILABLE,,,,,,False,False
year_1_002180,year_1,NOT_AVAILABLE,,,,,,False,False
year_1_002181,year_1,NOT_AVAILABLE,,,,,,False,False
year_1_002182,year_1,NOT_AVAILABLE,,,,,,False,False
year_1_002183,year_1,NOT_AVAILABLE,,,,,,False,False
year_1_002184,year_1,NOT_AVAILABLE,,,,,,False,False
year_1_002185,year_1,NOT_AVAILABLE,,,,,,False,False
year_1_002186,year_1,NOT_AVAILABLE,,,,,,False,False
year_1_002187,year_1,NOT_AVAILABLE,,,,,,False,False
year_1_002188,year_1,NOT_AVAILABLE,,,,,,False,False
year_1_002189,year_1,NOT_AVAILABLE,,,,,,False,False
year_1_002190,year_1,NOT_AVAILABLE,,,,,,False,False
year_1_002191,year_1,NOT_AVAILABLE,,,,,,False,False
year_1_002192,year_1,NOT_AVAILABLE,,,,,,False,False
year_1_002193,year_1,NOT_AVAILABLE,,,,,,False,False
year_1_002194,year_1,NOT_AVAILABLE,,,,,,False,False
year_1_002195,year_1,NOT_AVAILABLE,,,,,,False,False
year_1_002196,year_1,NOT_AVAILABLE,,,,,,False,False
year_1_002197,year_1,NOT_AVAILABLE,,,,,,False,False
year_1_002198,year_1,NOT_AVAILABLE,,,,,,False,False
year_1_002199,year_1,NOT_AVAILABLE,,,,,,False,False
year_1_002200,year_1,NOT_AVAILABLE,,,,,,False,False
year_1_002201,year_1,NOT_AVAILABLE,,,,,,False,False
year_1_002202,year_1,NOT_AVAILABLE,,,,,,False,False
year_1_002203,year_1,NOT_AVAILABLE,,,,,,False,False
year_1_002204,year_1,NOT_AVAILABLE,,,,,,False,False
year_1_002205,year_1,NOT_AVAILABLE,,,,,,False,False
year_1_002206,year_1,NOT_AVAILABLE,,,,,,False,False
year_1_002207,year_1,NOT_AVAILABLE,,,,,,False,False
year_1_002208,year_1,NOT_AVAILABLE,,,,,,False,False
year_1_002209,year_1,NOT_AVAILABLE,,,,,,False,False
year_1_002210,year_1,NOT_AVAILABLE,,,,,,False,False
year_1_002211,year_1,NOT_AVAILABLE,,,,,,False,False
year_1_002212,year_1,NOT_AVAILABLE,,,,,,False,False
year_1_002213,year_1,NOT_AVAILABLE,,,,,,False,False
year_1_002214,year_1,NOT_AVAILABLE,,,,,,False,False
year_1_002215,year_1,NOT_AVAILABLE,,,,,,False,False
year_1_002216,year_1,NOT_AVAILABLE,,,,,,False,False
year_1_002217,year_1,NOT_AVAILABLE,,,,,,False,False
year_1_002218,year_1,NOT_AVAILABLE,,,,,,False,False
year_1_002219,year_1,NOT_AVAILABLE,,,,,,False,False
year_1_002220,year_1,NOT_AVAILABLE,,,,,,False,False
year_1_002221,year_1,NOT_AVAILABLE,,,,,,False,False
year_1_002222,year_1,NOT_AVAILABLE,,,,,,False,False
year_1_002223,year_1,NOT_AVAILABLE,,,,,,False,False
year_1_002224,year_1,NOT_AVAILABLE,,,,,,False,False
year_1_002225,year_1,NOT_AVAILABLE,,,,,,False,False
year_1_002226,year_1,NOT_AVAILABLE,,,,,,False,False
year_1_002227,year_1,NOT_AVAILABLE,,,,,,False,False
year_1_002228,year_1,NOT_AVAILABLE,,,,,,False,False
year_1_002229,year_1,NOT_AVAILABLE,,,,,,False,False
year_1_002230,year_1,NOT_AVAILABLE,,,,,,False,False
year_1_002231,year_1,NOT_AVAILABLE,,,,,,False,False
year_1_002232,year_1,NOT_AVAILABLE,,,,,,False,False
year_1_002233,year_1,NOT_AVAILABLE,,,,,,False,False
year_1_002234,year_1,NOT_AVAILABLE,,,,,,False,False
year_1_002235,year_1,NOT_AVAILABLE,,,,,,False,False
year_1_002236,year_1,NOT_AVAILABLE,,,,,,False,False
year_1_002237,year_1,NOT_AVAILABLE,,,,,,False,False
year_1_002238,year_1,NOT_AVAILABLE,,,,,,False,False
year_1_002239,year_1,NOT_AVAILABLE,,,,,,False,False
year_1_002240,year_1,NOT_AVAILABLE,,,,,,False,False
year_1_002241,year_1,NOT_AVAILABLE,,,,,,False,False
year_1_002242,year_1,NOT_AVAILABLE,,,,,,False,False
year_1_002243,year_1,NOT_AVAILABLE,,,,,,False,False
year_1_002244,year_1,NOT_AVAILABLE,,,,,,False,False
year_1_002245,year_1,NOT_AVAILABLE,,,,,,False,False
year_1_002246,year_1,NOT_AVAILABLE,,,,,,False,False
year_1_002247,year_1,NOT_AVAILABLE,,,,,,False,False
year_1_002248,year_1,NOT_AVAILABLE,,,,,,False,False
year_1_002249,year_1,NOT_AVAILABLE,,,,,,False,False
year_1_002250,year_1,NOT_AVAILABLE,,,,,,False,False
year_1_002251,year_1,NOT_AVAILABLE,,,,,,False,False
year_1_002252,year_1,NOT_AVAILABLE,,,,,,False,False
year_1_002253,year_1,NOT_AVAILABLE,,,,,,False,False
year_1_002254,year_1,NOT_AVAILABLE,,,,,,False,False
year_1_002255,year_1,NOT_AVAILABLE,,,,,,False,False
year_1_002256,year_1,NOT_AVAILABLE,,,,,,False,False
year_1_002257,year_1,NOT_AVAILABLE,,,,,,False,False
year_1_002258,year_1,NOT_AVAILABLE,,,,,,False,False
year_1_002259,year_1,NOT_AVAILABLE,,,,,,False,False
year_1_002260,year_1,NOT_AVAILABLE,,,,,,False,False
year_1_002261,year_1,NOT_AVAILABLE,,,,,,False,False
year_1_002262,year_1,NOT_AVAILABLE,,,,,,False,False
year_1_002263,year_1,NOT_AVAILABLE,,,,,,False,False
year_1_002264,year_1,NOT_AVAILABLE,,,,,,False,False
year_1_002265,year_1,NOT_AVAILABLE,,,,,,False,False
year_1_002266,year_1,NOT_AVAILABLE,,,,,,False,False
year_1_002267,year_1,NOT_AVAILABLE,,,,,,False,False
year_1_002268,year_1,NOT_AVAILABLE,,,,,,False,False
year_1_002269,year_1,NOT_AVAILABLE,,,,,,False,False
year_1_002270,year_1,NOT_AVAILABLE,,,,,,False,False
year_1_002271,year_1,NOT_AVAILABLE,,,,,,False,False
year_1_002272,year_1,NOT_AVAILABLE,,,,,,False,False
year_1_002273,year_1,NOT_AVAILABLE,,,,,,False,False
year_1_002274,year_1,NOT_AVAILABLE,,,,,,False,False
year_1_002275,year_1,NOT_AVAILABLE,,,,,,False,False
year_1_002276,year_1,NOT_AVAILABLE,,,,,,False,False
year_1_002277,year_1,NOT_AVAILABLE,,,,,,False,False
year_1_002278,year_1,NOT_AVAILABLE,,,,,,False,False
year_1_002279,year_1,NOT_AVAILABLE,,,,,,False,False
year_1_002280,year_1,NOT_AVAILABLE,,,,,,False,False
year_1_002281,year_1,NOT_AVAILABLE,,,,,,False,False
year_1_002282,year_1,NOT_AVAILABLE,,,,,,False,False
year_1_002283,year_1,NOT_AVAILABLE,,,,,,False,False
year_1_002284,year_1,NOT_AVAILABLE,,,,,,False,False
year_1_002285,year_1,NOT_AVAILABLE,,,,,,False,False
year_1_002286,year_1,NOT_AVAILABLE,,,,,,False,False
year_1_002287,year_1,NOT_AVAILABLE,,,,,,False,False
year_1_002288,year_1,NOT_AVAILABLE,,,,,,False,False
year_1_002289,year_1,NOT_AVAILABLE,,,,,,False,False
year_1_002290,year_1,NOT_AVAILABLE,,,,,,False,False
year_1_002291,year_1,NOT_AVAILABLE,,,,,,False,False
year_1_002292,year_1,NOT_AVAILABLE,,,,,,False,False
year_1_002293,year_1,NOT_AVAILABLE,,,,,,False,False
year_1_002294,year_1,NOT_AVAILABLE,,,,,,False,False
year_1_002295,year_1,NOT_AVAILABLE,,,,,,False,False
year_1_002296,year_1,NOT_AVAILABLE,,,,,,False,False
year_1_002297,year_1,NOT_AVAILABLE,,,,,,False,False
year_1_002298,year_1,NOT_AVAILABLE,,,,,,False,False
year_1_002299,year_1,NOT_AVAILABLE,,,,,,False,False
year_1_002300,year_1,NOT_AVAILABLE,,,,,,False,False
year_1_002301,year_1,NOT_AVAILABLE,,,,,,False,False
year_1_002302,year_1,NOT_AVAILABLE,,,,,,False,False
year_1_002303,year_1,NOT_AVAILABLE,,,,,,False,False
year_1_002304,year_1,NOT_AVAILABLE,,,,,,False,False
year_1_002305,year_1,NOT_AVAILABLE,,,,,,False,False
year_1_002306,year_1,NOT_AVAILABLE,,,,,,False,False
year_1_002307,year_1,NOT_AVAILABLE,,,,,,False,False
year_1_002308,year_1,NOT_AVAILABLE,,,,,,False,False
year_1_002309,year_1,NOT_AVAILABLE,,,,,,False,False
year_1_002310,year_1,NOT_AVAILABLE,,,,,,False,False
year_1_002311,year_1,NOT_AVAILABLE,,,,,,False,False
year_1_002312,year_1,NOT_AVAILABLE,,,,,,False,False
year_1_002313,year_1,NOT_AVAILABLE,,,,,,False,False
year_1_002314,year_1,NOT_AVAILABLE,,,,,,False,False
year_1_002315,year_1,NOT_AVAILABLE,,,,,,False,False
year_1_002316,year_1,NOT_AVAILABLE,,,,,,False,False
year_1_002317,year_1,NOT_AVAILABLE,,,,,,False,False
year_1_002318,year_1,NOT_AVAILABLE,,,,,,False,False
year_1_002319,year_1,NOT_AVAILABLE,,,,,,False,False
year_1_002320,year_1,NOT_AVAILABLE,,,,,,False,False
year_1_002321,year_1,NOT_AVAILABLE,,,,,,False,False
year_1_002322,year_1,NOT_AVAILABLE,,,,,,False,False
year_1_002323,year_1,NOT_AVAILABLE,,,,,,False,False
year_1_002324,year_1,NOT_AVAILABLE,,,,,,False,False
year_1_002325,year_1,NOT_AVAILABLE,,,,,,False,False
year_1_002326,year_1,NOT_AVAILABLE,,,,,,False,False
year_1_002327,year_1,NOT_AVAILABLE,,,,,,False,False
year_1_002328,year_1,NOT_AVAILABLE,,,,,,False,False
year_1_002329,year_1,NOT_AVAILABLE,,,,,,False,False
year_1_002330,year_1,NOT_AVAILABLE,,,,,,False,False
year_1_002331,year_1,NOT_AVAILABLE,,,,,,False,False
year_1_002332,year_1,NOT_AVAILABLE,,,,,,False,False
year_1_002333,year_1,NOT_AVAILABLE,,,,,,False,False
year_1_002334,year_1,NOT_AVAILABLE,,,,,,False,False
year_1_002335,year_1,NOT_AVAILABLE,,,,,,False,False
year_1_002336,year_1,NOT_AVAILABLE,,,,,,False,False
year_1_002337,year_1,NOT_AVAILABLE,,,,,,False,False
year_1_002338,year_1,NOT_AVAILABLE,,,,,,False,False
year_1_002339,year_1,NOT_AVAILABLE,,,,,,False,False
year_1_002340,year_1,NOT_AVAILABLE,,,,,,False,False
year_1_002341,year_1,NOT_AVAILABLE,,,,,,False,False
year_1_002342,year_1,NOT_AVAILABLE,,,,,,False,False
year_1_002343,year_1,NOT_AVAILABLE,,,,,,False,False
year_1_002344,year_1,NOT_AVAILABLE,,,,,,False,False
year_1_002345,year_1,NOT_AVAILABLE,,,,,,False,False
year_1_002346,year_1,NOT_AVAILABLE,,,,,,False,False
year_1_002347,year_1,NOT_AVAILABLE,,,,,,False,False
year_1_002348,year_1,NOT_AVAILABLE,,,,,,False,False
year_1_002349,year_1,NOT_AVAILABLE,,,,,,False,False
year_1_002350,year_1,NOT_AVAILABLE,,,,,,False,False
year_1_002351,year_1,NOT_AVAILABLE,,,,,,False,False
year_1_002352,year_1,NOT_AVAILABLE,,,,,,False,False
year_1_002353,year_1,NOT_AVAILABLE,,,,,,False,False
year_1_002354,year_1,NOT_AVAILABLE,,,,,,False,False
year_1_002355,year_1,NOT_AVAILABLE,,,,,,False,False
year_1_002356,year_1,NOT_AVAILABLE,,,,,,False,False
year_1_002357,year_1,NOT_AVAILABLE,,,,,,False,False
year_1_002358,year_1,NOT_AVAILABLE,,,,,,False,False
year_1_002359,year_1,NOT_AVAILABLE,,,,,,False,False
year_1_002360,year_1,NOT_AVAILABLE,,,,,,False,False
year_1_002361,year_1,NOT_AVAILABLE,,,,,,False,False
year_1_002362,year_1,NOT_AVAILABLE,,,,,,False,False
year_1_002363,year_1,NOT_AVAILABLE,,,,,,False,False
year_1_002364,year_1,NOT_AVAILABLE,,,,,,False,False
year_1_002365,year_1,NOT_AVAILABLE,,,,,,False,False
year_1_002366,year_1,NOT_AVAILABLE,,,,,,False,False
year_1_002367,year_1,NOT_AVAILABLE,,,,,,False,False
year_1_002368,year_1,NOT_AVAILABLE,,,,,,False,False
year_1_002369,year_1,NOT_AVAILABLE,,,,,,False,False
year_1_002370,year_1,NOT_AVAILABLE,,,,,,False,False
year_1_002371,year_1,NOT_AVAILABLE,,,,,,False,False
year_1_002372,year_1,NOT_AVAILABLE,,,,,,False,False
year_1_002373,year_1,NOT_AVAILABLE,,,,,,False,False
year_1_002374,year_1,NOT_AVAILABLE,,,,,,False,False
year_1_002375,year_1,NOT_AVAILABLE,,,,,,False,False
year_1_002376,year_1,NOT_AVAILABLE,,,,,,False,False
year_1_002377,year_1,NOT_AVAILABLE,,,,,,False,False
year_1_002378,year_1,NOT_AVAILABLE,,,,,,False,False
year_1_002379,year_1,NOT_AVAILABLE,,,,,,False,False
year_1_002380,year_1,NOT_AVAILABLE,,,,,,False,False
year_1_002381,year_1,NOT_AVAILABLE,,,,,,False,False
year_1_002382,year_1,NOT_AVAILABLE,,,,,,False,False
year_1_002383,year_1,NOT_AVAILABLE,,,,,,False,False
year_1_002384,year_1,NOT_AVAILABLE,,,,,,False,False
year_1_002385,year_1,NOT_AVAILABLE,,,,,,False,False
year_1_002386,year_1,NOT_AVAILABLE,,,,,,False,False
year_1_002387,year_1,NOT_AVAILABLE,,,,,,False,False
year_1_002388,year_1,NOT_AVAILABLE,,,,,,False,False
year_1_002389,year_1,NOT_AVAILABLE,,,,,,False,False
year_1_002390,year_1,NOT_AVAILABLE,,,,,,False,False
year_1_002391,year_1,NOT_AVAILABLE,,,,,,False,False
year_1_002392,year_1,NOT_AVAILABLE,,,,,,False,False
year_1_002393,year_1,NOT_AVAILABLE,,,,,,False,False
year_1_002394,year_1,NOT_AVAILABLE,,,,,,False,False
year_1_002395,year_1,NOT_AVAILABLE,,,,,,False,False
year_1_002396,year_1,NOT_AVAILABLE,,,,,,False,False
year_1_002397,year_1,NOT_AVAILABLE,,,,,,False,False
year_1_002398,year_1,NOT_AVAILABLE,,,,,,False,False
year_1_002399,year_1,NOT_AVAILABLE,,,,,,False,False
year_1_002400,year_1,NOT_AVAILABLE,,,,,,False,False
year_1_002401,year_1,NOT_AVAILABLE,,,,,,False,False
year_1_002402,year_1,NOT_AVAILABLE,,,,,,False,False
year_1_002403,year_1,NOT_AVAILABLE,,,,,,False,False
year_1_002404,year_1,NOT_AVAILABLE,,,,,,False,False
year_1_002405,year_1,NOT_AVAILABLE,,,,,,False,False
year_1_002406,year_1,NOT_AVAILABLE,,,,,,False,False
year_1_002407,year_1,NOT_AVAILABLE,,,,,,False,False
year_1_002408,year_1,NOT_AVAILABLE,,,,,,False,False
year_1_002409,year_1,NOT_AVAILABLE,,,,,,False,False
year_1_002410,year_1,NOT_AVAILABLE,,,,,,False,False
year_1_002411,year_1,NOT_AVAILABLE,,,,,,False,False
year_1_002412,year_1,NOT_AVAILABLE,,,,,,False,False
year_1_002413,year_1,NOT_AVAILABLE,,,,,,False,False
year_1_002414,year_1,NOT_AVAILABLE,,,,,,False,False
year_1_002415,year_1,NOT_AVAILABLE,,,,,,False,False
year_1_002416,year_1,NOT_AVAILABLE,,,,,,False,False
year_1_002417,year_1,NOT_AVAILABLE,,,,,,False,False
year_1_002418,year_1,NOT_AVAILABLE,,,,,,False,False
year_1_002419,year_1,NOT_AVAILABLE,,,,,,False,False
year_1_002420,year_1,NOT_AVAILABLE,,,,,,False,False
year_1_002421,year_1,NOT_AVAILABLE,,,,,,False,False
year_1_002422,year_1,NOT_AVAILABLE,,,,,,False,False
year_1_002423,year_1,NOT_AVAILABLE,,,,,,False,False
year_1_002424,year_1,NOT_AVAILABLE,,,,,,False,False
year_1_002425,year_1,NOT_AVAILABLE,,,,,,False,False
year_1_002426,year_1,NOT_AVAILABLE,,,,,,False,False
year_1_002427,year_1,NOT_AVAILABLE,,,,,,False,False
year_1_002428,year_1,NOT_AVAILABLE,,,,,,False,False
year_1_002429,year_1,NOT_AVAILABLE,,,,,,False,False
year_1_002430,year_1,NOT_AVAILABLE,,,,,,False,False
year_1_002431,year_1,NOT_AVAILABLE,,,,,,False,False
year_1_002432,year_1,NOT_AVAILABLE,,,,,,False,False
year_1_002433,year_1,NOT_AVAILABLE,,,,,,False,False
year_1_002434,year_1,NOT_AVAILABLE,,,,,,False,False
year_1_002435,year_1,NOT_AVAILABLE,,,,,,False,False
year_1_002436,year_1,NOT_AVAILABLE,,,,,,False,False
year_1_002437,year_1,NOT_AVAILABLE,,,,,,False,False
year_1_002438,year_1,NOT_AVAILABLE,,,,,,False,False
year_1_002439,year_1,NOT_AVAILABLE,,,,,,False,False
year_1_002440,year_1,NOT_AVAILABLE,,,,,,False,False
year_1_002441,year_1,NOT_AVAILABLE,,,,,,False,False
year_1_002442,year_1,NOT_AVAILABLE,,,,,,False,False
year_1_002443,year_1,NOT_AVAILABLE,,,,,,False,False
year_1_002444,year_1,NOT_AVAILABLE,,,,,,False,False
year_1_002445,year_1,NOT_AVAILABLE,,,,,,False,False
year_1_002446,year_1,NOT_AVAILABLE,,,,,,False,False
year_1_002447,year_1,NOT_AVAILABLE,,,,,,False,False
year_1_002448,year_1,NOT_AVAILABLE,,,,,,False,False
year_1_002449,year_1,NOT_AVAILABLE,,,,,,False,False
year_1_002450,year_1,NOT_AVAILABLE,,,,,,False,False
year_1_002451,year_1,NOT_AVAILABLE,,,,,,False,False
year_1_002452,year_1,NOT_AVAILABLE,,,,,,False,False
year_1_002453,year_1,NOT_AVAILABLE,,,,,,False,False
year_1_002454,year_1,NOT_AVAILABLE,,,,,,False,False
year_1_002455,year_1,NOT_AVAILABLE,,,,,,False,False
year_1_002456,year_1,NOT_AVAILABLE,,,,,,False,False
year_1_002457,year_1,NOT_AVAILABLE,,,,,,False,False
year_1_002458,year_1,NOT_AVAILABLE,,,,,,False,False
year_1_002459,year_1,NOT_AVAILABLE,,,,,,False,False
year_1_002460,year_1,NOT_AVAILABLE,,,,,,False,False
year_1_002461,year_1,NOT_AVAILABLE,,,,,,False,False
year_1_002462,year_1,NOT_AVAILABLE,,,,,,False,False
year_1_002463,year_1,NOT_AVAILABLE,,,,,,False,False
year_1_002464,year_1,NOT_AVAILABLE,,,,,,False,False
year_1_002465,year_1,NOT_AVAILABLE,,,,,,False,False
year_1_002466,year_1,NOT_AVAILABLE,,,,,,False,False
year_1_002467,year_1,NOT_AVAILABLE,,,,,,False,False
year_1_002468,year_1,NOT_AVAILABLE,,,,,,False,False
year_1_002469,year_1,NOT_AVAILABLE,,,,,,False,False
year_1_002470,year_1,NOT_AVAILABLE,,,,,,False,False
year_1_002471,year_1,NOT_AVAILABLE,,,,,,False,False
year_1_002472,year_1,NOT_AVAILABLE,,,,,,False,False
year_1_002473,year_1,NOT_AVAILABLE,,,,,,False,False
year_1_002474,year_1,NOT_AVAILABLE,,,,,,False,False
year_1_002475,year_1,NOT_AVAILABLE,,,,,,False,False
year_1_002476,year_1,NOT_AVAILABLE,,,,,,False,False
year_1_002477,year_1,NOT_AVAILABLE,,,,,,False,False
year_1_002478,year_1,NOT_AVAILABLE,,,,,,False,False
year_1_002479,year_1,NOT_AVAILABLE,,,,,,False,False
year_1_002480,year_1,NOT_AVAILABLE,,,,,,False,False
year_1_002481,year_1,NOT_AVAILABLE,,,,,,False,False
year_1_002482,year_1,NOT_AVAILABLE,,,,,,False,False
year_1_002483,year_1,NOT_AVAILABLE,,,,,,False,False
year_1_002484,year_1,NOT_AVAILABLE,,,,,,False,False
year_1_002485,year_1,NOT_AVAILABLE,,,,,,False,False
year_1_002486,year_1,NOT_AVAILABLE,,,,,,False,False
year_1_002487,year_1,NOT_AVAILABLE,,,,,,False,False
year_1_002488,year_1,NOT_AVAILABLE,,,,,,False,False
year_1_002489,year_1,NOT_AVAILABLE,,,,,,False,False
year_1_002490,year_1,NOT_AVAILABLE,,,,,,False,False
year_1_002491,year_1,NOT_AVAILABLE,,,,,,False,False
year_1_002492,year_1,NOT_AVAILABLE,,,,,,False,False
year_1_002493,year_1,NOT_AVAILABLE,,,,,,False,False
year_1_002494,year_1,NOT_AVAILABLE,,,,,,False,False
year_1_002495,year_1,NOT_AVAILABLE,,,,,,False,False
year_1_002496,year_1,NOT_AVAILABLE,,,,,,False,False
year_1_002497,year_1,NOT_AVAILABLE,,,,,,False,False
year_1_002498,year_1,NOT_AVAILABLE,,,,,,False,False
year_1_002499,year_1,NOT_AVAILABLE,,,,,,False,False
year_1_002500,year_1,NOT_AVAILABLE,,,,,,False,False
year_1_002501,year_1,NOT_AVAILABLE,,,,,,False,False
year_1_002502,year_1,NOT_AVAILABLE,,,,,,False,False
year_1_002503,year_1,NOT_AVAILABLE,,,,,,False,False
year_1_002504,year_1,NOT_AVAILABLE,,,,,,False,False
year_1_002505,year_1,NOT_AVAILABLE,,,,,,False,False
year_1_002506,year_1,NOT_AVAILABLE,,,,,,False,False
year_1_002507,year_1,NOT_AVAILABLE,,,,,,False,False
year_1_002508,year_1,NOT_AVAILABLE,,,,,,False,False
year_1_002509,year_1,NOT_AVAILABLE,,,,,,False,False
year_1_002510,year_1,NOT_AVAILABLE,,,,,,False,False
year_1_002511,year_1,NOT_AVAILABLE,,,,,,False,False
year_1_002512,year_1,NOT_AVAILABLE,,,,,,False,False
year_1_002513,year_1,NOT_AVAILABLE,,,,,,False,False
year_1_002514,year_1,NOT_AVAILABLE,,,,,,False,False
year_1_002515,year_1,NOT_AVAILABLE,,,,,,False,False
year_1_002516,year_1,NOT_AVAILABLE,,,,,,False,False
year_1_002517,year_1,NOT_AVAILABLE,,,,,,False,False
year_1_002518,year_1,NOT_AVAILABLE,,,,,,False,False
year_1_002519,year_1,NOT_AVAILABLE,,,,,,False,False
year_1_002520,year_1,NOT_AVAILABLE,,,,,,False,False
year_1_002521,year_1,NOT_AVAILABLE,,,,,,False,False
year_1_002522,year_1,NOT_AVAILABLE,,,,,,False,False
year_1_002523,year_1,NOT_AVAILABLE,,,,,,False,False
year_1_002524,year_1,NOT_AVAILABLE,,,,,,False,False
year_1_002525,year_1,NOT_AVAILABLE,,,,,,False,False
year_1_002526,year_1,NOT_AVAILABLE,,,,,,False,False
year_1_002527,year_1,NOT_AVAILABLE,,,,,,False,False
year_1_002528,year_1,NOT_AVAILABLE,,,,,,False,False
year_1_002529,year_1,NOT_AVAILABLE,,,,,,False,False
year_1_002530,year_1,NOT_AVAILABLE,,,,,,False,False
year_1_002531,year_1,NOT_AVAILABLE,,,,,,False,False
year_1_002532,year_1,NOT_AVAILABLE,,,,,,False,False
year_1_002533,year_1,NOT_AVAILABLE,,,,,,False,False
year_1_002534,year_1,NOT_AVAILABLE,,,,,,False,False
year_1_002535,year_1,NOT_AVAILABLE,,,,,,False,False
year_1_002536,year_1,NOT_AVAILABLE,,,,,,False,False
year_1_002537,year_1,NOT_AVAILABLE,,,,,,False,False
year_1_002538,year_1,NOT_AVAILABLE,,,,,,False,False
year_1_002539,year_1,NOT_AVAILABLE,,,,,,False,False
year_1_002540,year_1,NOT_AVAILABLE,,,,,,False,False
year_1_002541,year_1,NOT_AVAILABLE,,,,,,False,False
year_1_002542,year_1,NOT_AVAILABLE,,,,,,False,False
year_1_002543,year_1,NOT_AVAILABLE,,,,,,False,False
year_1_002544,year_1,NOT_AVAILABLE,,,,,,False,False
year_1_002545,year_1,NOT_AVAILABLE,,,,,,False,False
year_1_002546,year_1,NOT_AVAILABLE,,,,,,False,False
year_1_002547,year_1,NOT_AVAILABLE,,,,,,False,False
year_1_002548,year_1,NOT_AVAILABLE,,,,,,False,False
year_1_002549,year_1,NOT_AVAILABLE,,,,,,False,False
year_1_002550,year_1,NOT_AVAILABLE,,,,,,False,False
year_1_002551,year_1,NOT_AVAILABLE,,,,,,False,False
year_1_002552,year_1,NOT_AVAILABLE,,,,,,False,False
year_1_002553,year_1,NOT_AVAILABLE,,,,,,False,False
year_1_002554,year_1,NOT_AVAILABLE,,,,,,False,False
year_1_002555,year_1,NOT_AVAILABLE,,,,,,False,False
year_1_002556,year_1,NOT_AVAILABLE,,,,,,False,False
year_1_002557,year_1,NOT_AVAILABLE,,,,,,False,False
year_1_002558,year_1,NOT_AVAILABLE,,,,,,False,False
year_1_002559,year_1,NOT_AVAILABLE,,,,,,False,False
year_1_002560,year_1,NOT_AVAILABLE,,,,,,False,False
year_1_002561,year_1,NOT_AVAILABLE,,,,,,False,False
year_1_002562,year_1,NOT_AVAILABLE,,,,,,False,False
year_1_002563,year_1,NOT_AVAILABLE,,,,,,False,False
year_1_002564,year_1,NOT_AVAILABLE,,,,,,False,False
year_1_002565,year_1,NOT_AVAILABLE,,,,,,False,False
year_1_002566,year_1,NOT_AVAILABLE,,,,,,False,False
year_1_002567,year_1,NOT_AVAILABLE,,,,,,False,False
year_1_002568,year_1,NOT_AVAILABLE,,,,,,False,False
year_1_002569,year_1,NOT_AVAILABLE,,,,,,False,False
year_1_002570,year_1,NOT_AVAILABLE,,,,,,False,False
year_1_002571,year_1,NOT_AVAILABLE,,,,,,False,False
year_1_002572,year_1,NOT_AVAILABLE,,,,,,False,False
year_1_002573,year_1,NOT_AVAILABLE,,,,,,False,False
year_1_002574,year_1,NOT_AVAILABLE,,,,,,False,False
year_1_002575,year_1,NOT_AVAILABLE,,,,,,False,False
year_1_002576,year_1,NOT_AVAILABLE,,,,,,False,False
year_1_002577,year_1,NOT_AVAILABLE,,,,,,False,False
year_1_002578,year_1,NOT_AVAILABLE,,,,,,False,False
year_1_002579,year_1,NOT_AVAILABLE,,,,,,False,False
year_1_002580,year_1,NOT_AVAILABLE,,,,,,False,False
year_1_002581,year_1,NOT_AVAILABLE,,,,,,False,False
year_1_002582,year_1,NOT_AVAILABLE,,,,,,False,False
year_1_002583,year_1,NOT_AVAILABLE,,,,,,False,False
year_1_002584,year_1,NOT_AVAILABLE,,,,,,False,False
year_1_002585,year_1,NOT_AVAILABLE,,,,,,False,False
year_1_002586,year_1,NOT_AVAILABLE,,,,,,False,False
year_1_002587,year_1,NOT_AVAILABLE,,,,,,False,False
year_1_002588,year_1,NOT_AVAILABLE,,,,,,False,False
year_1_002589,year_1,NOT_AVAILABLE,,,,,,False,False
year_1_002590,year_1,NOT_AVAILABLE,,,,,,False,False
year_1_002591,year_1,NOT_AVAILABLE,,,,,,False,False
year_1_002592,year_1,NOT_AVAILABLE,,,,,,False,False
year_1_002593,year_1,NOT_AVAILABLE,,,,,,False,False
year_1_002594,year_1,NOT_AVAILABLE,,,,,,False,False
year_1_002595,year_1,NOT_AVAILABLE,,,,,,False,False
year_1_002596,year_1,NOT_AVAILABLE,,,,,,False,False
year_1_002597,year_1,NOT_AVAILABLE,,,,,,False,False
year_1_002598,year_1,NOT_AVAILABLE,,,,,,False,False
year_1_002599,year_1,NOT_AVAILABLE,,,,,,False,False
year_1_002600,year_1,NOT_AVAILABLE,,,,,,False,False
year_1_002601,year_1,NOT_AVAILABLE,,,,,,False,False
year_1_002602,year_1,NOT_AVAILABLE,,,,,,False,False
year_1_002603,year_1,NOT_AVAILABLE,,,,,,False,False
year_1_002604,year_1,NOT_AVAILABLE,,,,,,False,False
year_1_002605,year_1,NOT_AVAILABLE,,,,,,False,False
year_1_002606,year_1,NOT_AVAILABLE,,,,,,False,False
year_1_002607,year_1,NOT_AVAILABLE,,,,,,False,False
year_1_002608,year_1,NOT_AVAILABLE,,,,,,False,False
year_1_002609,year_1,NOT_AVAILABLE,,,,,,False,False
year_1_002610,year_1,NOT_AVAILABLE,,,,,,False,False
year_1_002611,year_1,NOT_AVAILABLE,,,,,,False,False
year_1_002612,year_1,NOT_AVAILABLE,,,,,,False,False
year_1_002613,year_1,NOT_AVAILABLE,,,,,,False,False
year_1_002614,year_1,NOT_AVAILABLE,,,,,,False,False
year_1_002615,year_1,NOT_AVAILABLE,,,,,,False,False
year_1_002616,year_1,NOT_AVAILABLE,,,,,,False,False
year_1_002617,year_1,NOT_AVAILABLE,,,,,,False,False
year_1_002618,year_1,NOT_AVAILABLE,,,,,,False,False
year_1_002619,year_1,NOT_AVAILABLE,,,,,,False,False
year_1_002620,year_1,NOT_AVAILABLE,,,,,,False,False
year_1_002621,year_1,NOT_AVAILABLE,,,,,,False,False
year_1_002622,year_1,NOT_AVAILABLE,,,,,,False,False
year_1_002623,year_1,NOT_AVAILABLE,,,,,,False,False
year_1_002624,year_1,NOT_AVAILABLE,,,,,,False,False
year_1_002625,year_1,NOT_AVAILABLE,,,,,,False,False
year_1_002626,year_1,NOT_AVAILABLE,,,,,,False,False
year_1_002627,year_1,NOT_AVAILABLE,,,,,,False,False
year_1_002628,year_1,NOT_AVAILABLE,,,,,,False,False
year_1_002629,year_1,NOT_AVAILABLE,,,,,,False,False
year_1_002630,year_1,NOT_AVAILABLE,,,,,,False,False
year_1_002631,year_1,NOT_AVAILABLE,,,,,,False,False
year_1_002632,year_1,NOT_AVAILABLE,,,,,,False,False
year_1_002633,year_1,NOT_AVAILABLE,,,,,,False,False
year_1_002634,year_1,NOT_AVAILABLE,,,,,,False,False
year_1_002635,year_1,NOT_AVAILABLE,,,,,,False,False
year_1_002636,year_1,NOT_AVAILABLE,,,,,,False,False
year_1_002637,year_1,NOT_AVAILABLE,,,,,,False,False
year_1_002638,year_1,NOT_AVAILABLE,,,,,,False,False
year_1_002639,year_1,NOT_AVAILABLE,,,,,,False,False
year_1_002640,year_1,NOT_AVAILABLE,,,,,,False,False
year_1_002641,year_1,NOT_AVAILABLE,,,,,,False,False
year_1_002642,year_1,NOT_AVAILABLE,,,,,,False,False
year_1_002643,year_1,NOT_AVAILABLE,,,,,,False,False
year_1_002644,year_1,NOT_AVAILABLE,,,,,,False,False
year_2_000000,year_2,NOT_ASKED,True,False,False,False,False,True,True
year_2_000001,year_2,NOT_ASKED,False,False,True,False,False,True,True
year_2_000002,year_2,NOT_ASKED,False,True,False,False,False,True,True
year_2_000003,year_2,NOT_ASKED,,,,,,True,False
year_2_000004,year_2,NOT_ASKED,False,True,False,False,False,True,True
year_2_000005,year_2,NOT_ASKED,False,True,False,False,False,True,True
year_2_000006,year_2,NOT_ASKED,False,True,False,False,False,True,True
year_2_000007,year_2,SECONDARY_INITIATIVE,,,,,,True,False
year_2_000008,year_2,NOT_ASKED,,,,,,True,False
year_2_000009,year_2,NOT_ASKED,,,,,,True,False
year_2_000010,year_2,NOT_ASKED,False,True,False,False,False,True,True
year_2_000011,year_2,NOT_ASKED,,,,,,True,False
year_2_000012,year_2,NOT_ASKED,False,True,False,False,False,True,True
year_2_000013,year_2,TOP_PRIORITY_MAIN,,,,,,True,False
year_2_000014,year_2,TOP_PRIORITY_MEDIUM_TERM,,,,,,True,False
year_2_000015,year_2,SECONDARY_INITIATIVE,,,,,,True,False
year_2_000016,year_2,NOT_ASKED,True,False,False,False,False,True,True
year_2_000017,year_2,NOT_ASKED,False,True,False,False,False,True,True
year_2_000018,year_2,NOT_ASKED,False,True,False,False,True,True,True
year_2_000019,year_2,TOP_PRIORITY_MAIN,,,,,,True,False
year_2_000020,year_2,NOT_ASKED,False,True,False,False,False,True,True
year_2_000021,year_2,NOT_ASKED,False,False,False,True,False,True,True
year_2_000022,year_2,NOT_ASKED,False,False,True,False,False,True,True
year_2_000023,year_2,SECONDARY_INITIATIVE,,,,,,True,False
year_2_000024,year_2,NOT_ASKED,False,True,False,False,False,True,True
year_2_000025,year_2,NOT_ASKED,False,True,False,False,False,True,True
year_2_000026,year_2,NOT_PRIORITY,,,,,,True,False
year_2_000027,year_2,NOT_ASKED,False,False,False,False,True,True,True
year_2_000028,year_2,NOT_ASKED,True,False,False,False,False,True,True
year_2_000029,year_2,NOT_ASKED,False,True,False,False,False,True,True
year_2_000030,year_2,NOT_ASKED,False,True,False,False,False,True,True
year_2_000031,year_2,NOT_ASKED,False,True,False,False,True,True,True
year_2_000032,year_2,SECONDARY_INITIATIVE,,,,,,True,False
year_2_000033,year_2,NOT_ASKED,True,False,False,False,False,True,True
year_2_000034,year_2,NOT_ASKED,False,False,True,False,False,True,True
year_2_000035,year_2,NOT_ASKED,False,True,False,False,False,True,True
year_2_000036,year_2,NOT_ASKED,,,,,,True,False
year_2_000037,year_2,NOT_ASKED,True,False,False,False,False,True,True
year_2_000038,year_2,NOT_ASKED,False,False,True,False,False,True,True
year_2_000039,year_2,NOT_ASKED,True,False,False,False,False,True,True
year_2_000040,year_2,NOT_ASKED,False,True,False,False,False,True,True
year_2_000041,year_2,NOT_ASKED,False,True,False,False,False,True,True
year_2_000042,year_2,NOT_ASKED,False,False,False,True,False,True,True
year_2_000043,year_2,NOT_ASKED,False,True,False,False,False,True,True
year_2_000044,year_2,NOT_ASKED,False,True,False,False,False,True,True
year_2_000045,year_2,NOT_ASKED,True,False,False,False,False,True,True
year_2_000046,year_2,SECONDARY_INITIATIVE,,,,,,True,False
year_2_000047,year_2,NOT_ASKED,False,True,False,False,False,True,True
year_2_000048,year_2,NOT_ASKED,True,False,False,False,False,True,True
year_2_000049,year_2,NOT_ASKED,True,False,False,False,False,True,True
year_2_000050,year_2,NOT_ASKED,False,True,False,False,False,True,True
year_2_000051,year_2,NOT_ASKED,False,True,False,False,False,True,True
year_2_000052,year_2,NOT_ASKED,False,True,False,False,False,True,True
year_2_000053,year_2,NOT_ASKED,False,False,False,False,True,True,True
year_2_000054,year_2,NOT_ASKED,False,True,False,False,False,True,True
year_2_000055,year_2,NOT_ASKED,False,True,False,False,False,True,True
year_2_000056,year_2,NOT_ASKED,False,False,False,True,True,True,True
year_2_000057,year_2,NOT_ASKED,False,True,False,False,True,True,True
year_2_000058,year_2,NOT_ASKED,False,True,False,False,False,True,True
year_2_000059,year_2,NOT_ASKED,False,True,False,False,False,True,True
year_2_000060,year_2,NOT_ASKED,False,True,False,False,True,True,True
year_2_000061,year_2,NOT_ASKED,,,,,,True,False
year_2_000062,year_2,NOT_ASKED,False,True,False,False,False,True,True
year_2_000063,year_2,TOP_PRIORITY_MEDIUM_TERM,,,,,,True,False
year_2_000064,year_2,NOT_ASKED,False,True,False,False,True,True,True
year_2_000065,year_2,NOT_ASKED,False,False,True,False,False,True,True
year_2_000066,year_2,NOT_ASKED,,,,,,True,False
year_2_000067,year_2,NOT_ASKED,False,False,False,True,False,True,True
year_2_000068,year_2,NOT_ASKED,False,True,False,False,False,True,True
year_2_000069,year_2,NOT_ASKED,False,True,False,False,False,True,True
year_2_000070,year_2,NOT_ASKED,True,False,False,False,False,True,True
year_2_000071,year_2,NOT_ASKED,,,,,,True,False
year_2_000072,year_2,NOT_ASKED,True,False,False,False,False,True,True
year_2_000073,year_2,NOT_ASKED,True,False,False,False,False,True,True
year_2_000074,year_2,NOT_ASKED,False,True,False,False,False,True,True
year_2_000075,year_2,NOT_ASKED,,,,,,True,False
year_2_000076,year_2,NOT_PRIORITY,,,,,,True,False
year_2_000077,year_2,NOT_ASKED,,,,,,True,False
year_2_000078,year_2,TOP_PRIORITY_MEDIUM_TERM,,,,,,True,False
year_2_000079,year_2,NOT_ASKED,False,True,False,False,False,True,True
year_2_000080,year_2,NOT_ASKED,True,False,False,False,False,True,True
year_2_000081,year_2,NOT_ASKED,False,True,False,False,False,True,True
year_2_000082,year_2,NOT_PRIORITY,,,,,,True,False
year_2_000083,year_2,NOT_ASKED,False,True,False,False,False,True,True
year_2_000084,year_2,NOT_ASKED,False,True,False,False,False,True,True
year_2_000085,year_2,NOT_ASKED,False,True,False,False,True,True,True
year_2_000086,year_2,NOT_ASKED,False,False,True,False,False,True,True
year_2_000087,year_2,NOT_ASKED,False,True,False,False,False,True,True
year_2_000088,year_2,NOT_ASKED,,,,,,True,False
year_2_000089,year_2,TOP_PRIORITY_MAIN,,,,,,True,False
year_2_000090,year_2,NOT_ASKED,False,True,False,False,False,True,True
year_2_000091,year_2,NOT_ASKED,False,True,False,False,False,True,True
year_2_000092,year_2,NOT_ASKED,False,True,False,False,False,True,True
year_2_000093,year_2,NOT_ASKED,,,,,,True,False
year_2_000094,year_2,NOT_ASKED,False,True,False,False,False,True,True
year_2_000095,year_2,NOT_ASKED,False,True,False,False,False,True,True
year_2_000096,year_2,NOT_ASKED,False,True,False,False,False,True,True
year_2_000097,year_2,NOT_ASKED,False,True,False,False,False,True,True
year_2_000098,year_2,NOT_ASKED,False,True,False,False,False,True,True
year_2_000099,year_2,NOT_ASKED,True,False,False,False,False,True,True
year_2_000100,year_2,NOT_ASKED,False,True,False,False,False,True,True
year_2_000101,year_2,NOT_ASKED,False,True,False,False,False,True,True
year_2_000102,year_2,NOT_ASKED,,,,,,True,False
year_2_000103,year_2,NOT_ASKED,False,False,True,False,False,True,True
year_2_000104,year_2,NOT_ASKED,False,True,False,False,False,True,True
year_2_000105,year_2,NOT_PRIORITY,,,,,,True,False
year_2_000106,year_2,NOT_ASKED,False,True,False,False,False,True,True
year_2_000107,year_2,NOT_ASKED,False,True,False,False,False,True,True
year_2_000108,year_2,NOT_ASKED,False,False,False,True,False,True,True
year_2_000109,year_2,NOT_PRIORITY,,,,,,True,False
year_2_000110,year_2,NOT_ASKED,False,False,False,True,False,True,True
year_2_000111,year_2,NOT_ASKED,False,True,False,False,False,True,True
year_2_000112,year_2,NOT_ASKED,False,False,False,True,False,True,True
year_2_000113,year_2,SECONDARY_INITIATIVE,,,,,,True,False
year_2_000114,year_2,NOT_ASKED,True,False,False,False,False,True,True
year_2_000115,year_2,NOT_ASKED,False,True,False,False,False,True,True
year_2_000116,year_2,NOT_ASKED,False,True,False,False,False,True,True
year_2_000117,year_2,NOT_ASKED,False,True,False,False,False,True,True
year_2_000118,year_2,NOT_ASKED,False,True,False,False,False,True,True
year_2_000119,year_2,NOT_ASKED,True,False,False,False,False,True,True
year_2_000120,year_2,NOT_ASKED,False,True,False,False,False,True,True
year_2_000121,year_2,TOP_PRIORITY_MEDIUM_TERM,,,,,,True,False
year_2_000122,year_2,NOT_ASKED,False,True,False,False,False,True,True
year_2_000123,year_2,NOT_ASKED,False,True,False,False,False,True,True
year_2_000124,year_2,NOT_ASKED,False,True,False,False,False,True,True
year_2_000125,year_2,NOT_ASKED,,,,,,True,False
year_2_000126,year_2,SECONDARY_INITIATIVE,,,,,,True,False
year_2_000127,year_2,NOT_ASKED,,,,,,True,False
year_2_000128,year_2,NOT_PRIORITY,,,,,,True,False
year_2_000129,year_2,NOT_ASKED,True,False,False,False,False,True,True
year_2_000130,year_2,NOT_ASKED,True,False,False,False,False,True,True
year_2_000131,year_2,NOT_ASKED,True,False,False,False,False,True,True
year_2_000132,year_2,NOT_ASKED,,,,,,True,False
year_2_000133,year_2,NOT_ASKED,False,True,False,False,False,True,True
year_2_000134,year_2,NOT_ASKED,True,False,False,False,False,True,True
year_2_000135,year_2,NOT_ASKED,,,,,,True,False
year_2_000136,year_2,NOT_ASKED,False,False,True,False,True,True,True
year_2_000137,year_2,NOT_PRIORITY,,,,,,True,False
year_2_000138,year_2,NOT_ASKED,False,True,False,False,False,True,True
year_2_000139,year_2,NOT_ASKED,False,True,False,False,False,True,True
year_2_000140,year_2,SECONDARY_INITIATIVE,,,,,,True,False
year_2_000141,year_2,SECONDARY_INITIATIVE,,,,,,True,False
year_2_000142,year_2,NOT_ASKED,False,False,True,False,False,True,True
year_2_000143,year_2,NOT_ASKED,False,True,False,False,False,True,True
year_2_000144,year_2,NOT_ASKED,False,True,False,False,False,True,True
year_2_000145,year_2,NOT_ASKED,False,True,False,False,False,True,True
year_2_000146,year_2,NOT_ASKED,True,False,False,False,False,True,True
year_2_000147,year_2,NOT_ASKED,False,True,False,False,False,True,True
year_2_000148,year_2,NOT_ASKED,True,False,False,False,False,True,True
year_2_000149,year_2,TOP_PRIORITY_MEDIUM_TERM,,,,,,True,False
year_2_000150,year_2,NOT_ASKED,True,False,False,False,False,True,True
year_2_000151,year_2,NOT_ASKED,False,True,False,False,False,True,True
year_2_000152,year_2,NOT_ASKED,,,,,,True,False
year_2_000153,year_2,NOT_ASKED,,,,,,True,False
year_2_000154,year_2,NOT_ASKED,False,True,False,False,False,True,True
year_2_000155,year_2,DONT_KNOW,,,,,,True,False
year_2_000156,year_2,NOT_ASKED,False,True,False,False,False,True,True
year_2_000157,year_2,NOT_ASKED,,,,,,True,False
year_2_000158,year_2,NOT_ASKED,False,True,False,False,False,True,True
year_2_000159,year_2,NOT_ASKED,False,True,False,True,False,True,True
year_2_000160,year_2,NOT_ASKED,True,False,False,False,False,True,True
year_2_000161,year_2,NOT_ASKED,False,True,False,False,False,True,True
year_2_000162,year_2,NOT_ASKED,False,True,False,False,False,True,True
year_2_000163,year_2,NOT_ASKED,,,,,,True,False
year_2_000164,year_2,NOT_ASKED,True,False,False,False,False,True,True
year_2_000165,year_2,NOT_ASKED,True,False,False,False,False,True,True
year_2_000166,year_2,NOT_ASKED,False,True,False,False,False,True,True
year_2_000167,year_2,NOT_ASKED,False,False,False,True,False,True,True
year_2_000168,year_2,NOT_ASKED,False,True,False,False,False,True,True
year_2_000169,year_2,NOT_ASKED,True,False,False,False,False,True,True
year_2_000170,year_2,NOT_ASKED,False,True,False,False,True,True,True
year_2_000171,year_2,NOT_ASKED,False,True,False,False,False,True,True
year_2_000172,year_2,NOT_ASKED,False,False,True,False,False,True,True
year_2_000173,year_2,NOT_ASKED,,,,,,True,False
year_2_000174,year_2,NOT_ASKED,False,True,False,False,False,True,True
year_2_000175,year_2,NOT_ASKED,True,False,False,False,False,True,True
year_2_000176,year_2,NOT_ASKED,False,True,False,False,False,True,True
year_2_000177,year_2,NOT_ASKED,False,True,False,False,False,True,True
year_2_000178,year_2,NOT_ASKED,False,True,False,False,False,True,True
year_2_000179,year_2,NOT_ASKED,False,False,False,False,True,True,True
year_2_000180,year_2,TOP_PRIORITY_MEDIUM_TERM,,,,,,True,False
year_2_000181,year_2,NOT_ASKED,False,True,False,False,False,True,True
year_2_000182,year_2,NOT_ASKED,False,True,False,False,False,True,True
year_2_000183,year_2,NOT_ASKED,False,False,False,False,True,True,True
year_2_000184,year_2,NOT_ASKED,True,False,False,False,False,True,True
year_2_000185,year_2,NOT_ASKED,False,True,False,False,False,True,True
year_2_000186,year_2,NOT_ASKED,True,False,False,False,False,True,True
year_2_000187,year_2,NOT_ASKED,True,False,False,False,False,True,True
year_2_000188,year_2,NOT_ASKED,False,True,False,False,False,True,True
year_2_000189,year_2,NOT_ASKED,True,False,False,False,False,True,True
year_2_000190,year_2,NOT_ASKED,False,True,False,False,False,True,True
year_2_000191,year_2,NOT_ASKED,False,True,False,False,False,True,True
year_2_000192,year_2,TOP_PRIORITY_MAIN,,,,,,True,False
year_2_000193,year_2,NOT_ASKED,True,False,False,False,False,True,True
year_2_000194,year_2,NOT_ASKED,False,True,False,False,False,True,True
year_2_000195,year_2,NOT_ASKED,False,True,False,False,False,True,True
year_2_000196,year_2,NOT_ASKED,False,True,False,False,False,True,True
year_2_000197,year_2,NOT_ASKED,True,False,False,False,False,True,True
year_2_000198,year_2,NOT_ASKED,False,True,False,False,False,True,True
year_2_000199,year_2,SECONDARY_INITIATIVE,,,,,,True,False
year_2_000200,year_2,NOT_ASKED,True,False,False,False,False,True,True
year_2_000201,year_2,NOT_ASKED,False,True,False,False,False,True,True
year_2_000202,year_2,NOT_ASKED,True,True,False,False,False,True,True
year_2_000203,year_2,NOT_ASKED,,,,,,True,False
year_2_000204,year_2,NOT_ASKED,False,False,True,False,False,True,True
year_2_000205,year_2,TOP_PRIORITY_MEDIUM_TERM,,,,,,True,False
year_2_000206,year_2,NOT_ASKED,False,True,False,False,False,True,True
year_2_000207,year_2,NOT_ASKED,False,True,False,False,False,True,True
year_2_000208,year_2,NOT_ASKED,False,True,False,False,False,True,True
year_2_000209,year_2,NOT_ASKED,True,False,False,False,False,True,True
year_2_000210,year_2,NOT_ASKED,False,True,False,False,False,True,True
year_2_000211,year_2,NOT_ASKED,False,True,False,False,False,True,True
year_2_000212,year_2,TOP_PRIORITY_MEDIUM_TERM,,,,,,True,False
year_2_000213,year_2,NOT_ASKED,False,False,True,False,False,True,True
year_2_000214,year_2,NOT_ASKED,,,,,,True,False
year_2_000215,year_2,NOT_ASKED,False,True,False,False,False,True,True
year_2_000216,year_2,NOT_ASKED,,,,,,True,False
year_2_000217,year_2,NOT_ASKED,False,True,False,False,False,True,True
year_2_000218,year_2,NOT_ASKED,False,True,False,False,False,True,True
year_2_000219,year_2,NOT_ASKED,True,False,False,False,False,True,True
year_2_000220,year_2,NOT_ASKED,False,True,False,False,False,True,True
year_2_000221,year_2,NOT_ASKED,,,,,,True,False
year_2_000222,year_2,NOT_ASKED,False,True,False,False,False,True,True
year_2_000223,year_2,NOT_ASKED,False,True,False,False,False,True,True
year_2_000224,year_2,NOT_ASKED,False,True,False,False,False,True,True
year_2_000225,year_2,TOP_PRIORITY_MEDIUM_TERM,,,,,,True,False
year_2_000226,year_2,NOT_ASKED,False,False,False,False,True,True,True
year_2_000227,year_2,NOT_ASKED,True,False,False,False,False,True,True
year_2_000228,year_2,SECONDARY_INITIATIVE,,,,,,True,False
year_2_000229,year_2,NOT_ASKED,False,True,False,False,False,True,True
year_2_000230,year_2,SECONDARY_INITIATIVE,,,,,,True,False
year_2_000231,year_2,NOT_ASKED,False,True,False,False,False,True,True
year_2_000232,year_2,NOT_ASKED,,,,,,True,False
year_2_000233,year_2,NOT_ASKED,,,,,,True,False
year_2_000234,year_2,NOT_ASKED,False,True,False,False,False,True,True
year_2_000235,year_2,NOT_ASKED,True,False,False,False,False,True,True
year_2_000236,year_2,NOT_ASKED,False,True,False,False,True,True,True
year_2_000237,year_2,TOP_PRIORITY_MEDIUM_TERM,,,,,,True,False
year_2_000238,year_2,NOT_ASKED,True,False,False,False,False,True,True
year_2_000239,year_2,NOT_ASKED,False,False,False,False,True,True,True
year_2_000240,year_2,NOT_ASKED,False,True,False,False,False,True,True
year_2_000241,year_2,NOT_ASKED,True,False,False,False,False,True,True
year_2_000242,year_2,NOT_ASKED,False,True,False,False,False,True,True
year_2_000243,year_2,NOT_ASKED,False,True,False,False,False,True,True
year_2_000244,year_2,NOT_ASKED,False,False,False,True,False,True,True
year_2_000245,year_2,NOT_ASKED,False,True,False,False,False,True,True
year_2_000246,year_2,NOT_ASKED,False,True,False,False,False,True,True
year_2_000247,year_2,NOT_ASKED,False,True,True,False,False,True,True
year_2_000248,year_2,NOT_ASKED,True,False,False,False,False,True,True
year_2_000249,year_2,TOP_PRIORITY_MEDIUM_TERM,,,,,,True,False
year_2_000250,year_2,NOT_ASKED,,,,,,True,False
year_2_000251,year_2,NOT_PRIORITY,,,,,,True,False
year_2_000252,year_2,NOT_ASKED,False,True,False,False,False,True,True
year_2_000253,year_2,NOT_ASKED,False,True,False,False,False,True,True
year_2_000254,year_2,SECONDARY_INITIATIVE,,,,,,True,False
year_2_000255,year_2,NOT_ASKED,False,True,False,False,False,True,True
year_2_000256,year_2,NOT_ASKED,False,False,False,True,False,True,True
year_2_000257,year_2,NOT_PRIORITY,,,,,,True,False
year_2_000258,year_2,NOT_ASKED,False,True,False,False,False,True,True
year_2_000259,year_2,NOT_ASKED,False,False,False,False,True,True,True
year_2_000260,year_2,NOT_ASKED,False,False,True,False,False,True,True
year_2_000261,year_2,SECONDARY_INITIATIVE,,,,,,True,False
year_2_000262,year_2,TOP_PRIORITY_MEDIUM_TERM,,,,,,True,False
year_2_000263,year_2,NOT_ASKED,False,False,True,False,False,True,True
year_2_000264,year_2,NOT_ASKED,False,True,False,False,False,True,True
year_2_000265,year_2,TOP_PRIORITY_MEDIUM_TERM,,,,,,True,False
year_2_000266,year_2,NOT_ASKED,False,False,True,False,True,True,True
year_2_000267,year_2,NOT_ASKED,False,True,False,False,False,True,True
year_2_000268,year_2,NOT_ASKED,False,True,False,False,False,True,True
year_2_000269,year_2,NOT_ASKED,True,False,False,False,False,True,True
year_2_000270,year_2,NOT_ASKED,False,True,False,False,False,True,True
year_2_000271,year_2,NOT_ASKED,True,False,False,False,False,True,True
year_2_000272,year_2,NOT_ASKED,False,True,False,False,False,True,True
year_2_000273,year_2,NOT_ASKED,False,False,True,False,False,True,True
year_2_000274,year_2,NOT_ASKED,False,True,False,False,False,True,True
year_2_000275,year_2,NOT_ASKED,False,True,False,False,False,True,True
year_2_000276,year_2,NOT_ASKED,,,,,,True,False
year_2_000277,year_2,NOT_ASKED,False,False,False,True,False,True,True
year_2_000278,year_2,NOT_ASKED,False,False,False,True,False,True,True
year_2_000279,year_2,NOT_ASKED,False,False,True,False,True,True,True
year_2_000280,year_2,NOT_ASKED,True,False,False,False,False,True,True
year_2_000281,year_2,NOT_ASKED,False,False,False,False,True,True,True
year_2_000282,year_2,NOT_PRIORITY,,,,,,True,False
year_2_000283,year_2,NOT_ASKED,False,True,False,False,False,True,True
year_2_000284,year_2,NOT_ASKED,False,True,False,False,False,True,True
year_2_000285,year_2,NOT_ASKED,True,False,False,False,False,True,True
year_2_000286,year_2,NOT_ASKED,False,True,False,False,False,True,True
year_2_000287,year_2,SECONDARY_INITIATIVE,,,,,,True,False
year_2_000288,year_2,TOP_PRIORITY_MEDIUM_TERM,,,,,,True,False
year_2_000289,year_2,NOT_ASKED,False,False,True,False,False,True,True
year_2_000290,year_2,SECONDARY_INITIATIVE,,,,,,True,False
year_2_000291,year_2,NOT_ASKED,False,True,False,False,False,True,True
year_2_000292,year_2,NOT_ASKED,False,True,False,False,False,True,True
year_2_000293,year_2,NOT_ASKED,False,True,False,False,False,True,True
year_2_000294,year_2,NOT_ASKED,False,True,False,False,False,True,True
year_2_000295,year_2,NOT_ASKED,False,True,False,False,False,True,True
year_2_000296,year_2,NOT_ASKED,,,,,,True,False
year_2_000297,year_2,NOT_ASKED,False,True,False,False,False,True,True
year_2_000298,year_2,NOT_ASKED,False,False,False,True,False,True,True
year_2_000299,year_2,SECONDARY_INITIATIVE,,,,,,True,False
year_2_000300,year_2,NOT_ASKED,False,False,True,False,True,True,True
year_2_000301,year_2,TOP_PRIORITY_MEDIUM_TERM,,,,,,True,False
year_2_000302,year_2,NOT_ASKED,False,True,False,False,False,True,True
year_2_000303,year_2,NOT_ASKED,False,True,False,False,False,True,True
year_2_000304,year_2,NOT_ASKED,False,True,False,False,False,True,True
year_2_000305,year_2,NOT_ASKED,False,True,False,False,False,True,True
year_2_000306,year_2,NOT_ASKED,False,True,False,False,False,True,True
year_2_000307,year_2,NOT_ASKED,False,True,False,False,False,True,True
year_2_000308,year_2,NOT_ASKED,False,True,False,False,False,True,True
year_2_000309,year_2,NOT_ASKED,,,,,,True,False
year_2_000310,year_2,NOT_ASKED,,,,,,True,False
year_2_000311,year_2,NOT_ASKED,False,False,False,False,True,True,True
year_2_000312,year_2,SECONDARY_INITIATIVE,,,,,,True,False
year_2_000313,year_2,NOT_ASKED,False,True,False,False,False,True,True
year_2_000314,year_2,NOT_ASKED,False,True,False,False,False,True,True
year_2_000315,year_2,NOT_ASKED,,,,,,True,False
year_2_000316,year_2,NOT_PRIORITY,,,,,,True,False
year_2_000317,year_2,TOP_PRIORITY_MAIN,,,,,,True,False
year_2_000318,year_2,NOT_PRIORITY,,,,,,True,False
year_2_000319,year_2,NOT_ASKED,,,,,,True,False
year_2_000320,year_2,NOT_ASKED,,,,,,True,False
year_2_000321,year_2,NOT_ASKED,,,,,,True,False
year_2_000322,year_2,NOT_ASKED,False,True,False,False,False,True,True
year_2_000323,year_2,NOT_ASKED,False,True,False,False,False,True,True
year_2_000324,year_2,NOT_ASKED,True,False,False,False,False,True,True
year_2_000325,year_2,NOT_ASKED,False,True,False,False,False,True,True
year_2_000326,year_2,NOT_ASKED,False,True,False,False,False,True,True
year_2_000327,year_2,NOT_ASKED,False,True,False,False,False,True,True
year_2_000328,year_2,NOT_PRIORITY,,,,,,True,False
year_2_000329,year_2,NOT_ASKED,False,True,False,False,False,True,True
year_2_000330,year_2,NOT_ASKED,False,True,False,False,False,True,True
year_2_000331,year_2,NOT_ASKED,True,False,False,False,False,True,True
year_2_000332,year_2,NOT_ASKED,True,False,False,False,False,True,True
year_2_000333,year_2,SECONDARY_INITIATIVE,,,,,,True,False
year_2_000334,year_2,NOT_ASKED,True,False,False,False,False,True,True
year_2_000335,year_2,NOT_ASKED,True,False,False,False,False,True,True
year_2_000336,year_2,NOT_ASKED,False,True,False,False,True,True,True
year_2_000337,year_2,NOT_ASKED,False,False,False,True,False,True,True
year_2_000338,year_2,NOT_PRIORITY,,,,,,True,False
year_2_000339,year_2,NOT_ASKED,False,True,False,False,False,True,True
year_2_000340,year_2,NOT_ASKED,True,False,False,False,False,True,True
year_2_000341,year_2,SECONDARY_INITIATIVE,,,,,,True,False
year_2_000342,year_2,NOT_ASKED,,,,,,True,False
year_2_000343,year_2,NOT_ASKED,True,False,False,False,False,True,True
year_2_000344,year_2,SECONDARY_INITIATIVE,,,,,,True,False
year_2_000345,year_2,TOP_PRIORITY_MAIN,,,,,,True,False
year_2_000346,year_2,NOT_ASKED,False,True,False,False,False,True,True
year_2_000347,year_2,NOT_ASKED,False,True,False,False,False,True,True
year_2_000348,year_2,NOT_ASKED,,,,,,True,False
year_2_000349,year_2,NOT_ASKED,True,False,False,False,False,True,True
year_2_000350,year_2,NOT_ASKED,False,True,False,False,False,True,True
year_2_000351,year_2,NOT_ASKED,False,True,False,False,False,True,True
year_2_000352,year_2,NOT_ASKED,False,True,False,False,True,True,True
year_2_000353,year_2,NOT_ASKED,,,,,,True,False
year_2_000354,year_2,TOP_PRIORITY_MEDIUM_TERM,,,,,,True,False
year_2_000355,year_2,NOT_ASKED,True,False,False,False,False,True,True
year_2_000356,year_2,SECONDARY_INITIATIVE,,,,,,True,False
year_2_000357,year_2,NOT_ASKED,True,False,False,False,False,True,True
year_2_000358,year_2,NOT_PRIORITY,,,,,,True,False
year_2_000359,year_2,NOT_ASKED,False,False,True,False,True,True,True
year_2_000360,year_2,NOT_ASKED,False,True,False,False,False,True,True
year_2_000361,year_2,NOT_PRIORITY,,,,,,True,False
year_2_000362,year_2,NOT_ASKED,False,True,False,False,False,True,True
year_2_000363,year_2,NOT_ASKED,False,True,False,False,False,True,True
year_2_000364,year_2,NOT_ASKED,,,,,,True,False
year_2_000365,year_2,NOT_ASKED,False,True,False,False,False,True,True
year_2_000366,year_2,NOT_ASKED,False,True,False,False,True,True,True
year_2_000367,year_2,NOT_ASKED,False,True,False,True,False,True,True
year_2_000368,year_2,NOT_ASKED,False,True,False,False,False,True,True
year_2_000369,year_2,TOP_PRIORITY_MEDIUM_TERM,,,,,,True,False
year_2_000370,year_2,NOT_ASKED,False,True,False,False,False,True,True
year_2_000371,year_2,NOT_ASKED,,,,,,True,False
year_2_000372,year_2,TOP_PRIORITY_MEDIUM_TERM,,,,,,True,False
year_2_000373,year_2,NOT_ASKED,False,True,False,False,False,True,True
year_2_000374,year_2,NOT_ASKED,False,False,False,False,True,True,True
year_2_000375,year_2,NOT_ASKED,True,False,False,False,False,True,True
year_2_000376,year_2,SECONDARY_INITIATIVE,,,,,,True,False
year_2_000377,year_2,NOT_ASKED,False,True,False,False,False,True,True
year_2_000378,year_2,NOT_ASKED,False,False,False,True,True,True,True
year_2_000379,year_2,TOP_PRIORITY_MEDIUM_TERM,,,,,,True,False
year_2_000380,year_2,NOT_ASKED,True,False,False,False,False,True,True
year_2_000381,year_2,NOT_ASKED,False,True,False,False,False,True,True
year_2_000382,year_2,NOT_ASKED,False,True,False,False,False,True,True
year_2_000383,year_2,NOT_ASKED,,,,,,True,False
year_2_000384,year_2,NOT_ASKED,False,True,False,False,False,True,True
year_2_000385,year_2,NOT_ASKED,True,False,False,False,False,True,True
year_2_000386,year_2,NOT_ASKED,False,True,False,False,False,True,True
year_2_000387,year_2,NOT_PRIORITY,,,,,,True,False
year_2_000388,year_2,SECONDARY_INITIATIVE,,,,,,True,False
year_2_000389,year_2,NOT_ASKED,False,True,False,False,False,True,True
year_2_000390,year_2,NOT_ASKED,False,True,False,False,False,True,True
year_2_000391,year_2,SECONDARY_INITIATIVE,,,,,,True,False
year_2_000392,year_2,NOT_ASKED,False,True,False,False,False,True,True
year_2_000393,year_2,NOT_ASKED,False,True,False,False,False,True,True
year_2_000394,year_2,NOT_ASKED,True,False,False,False,False,True,True
year_2_000395,year_2,NOT_ASKED,,,,,,True,False
year_2_000396,year_2,NOT_ASKED,False,True,False,False,False,True,True
year_2_000397,year_2,NOT_ASKED,False,True,False,False,False,True,True
year_2_000398,year_2,NOT_ASKED,False,True,False,False,False,True,True
year_2_000399,year_2,SECONDARY_INITIATIVE,,,,,,True,False
year_2_000400,year_2,TOP_PRIORITY_MEDIUM_TERM,,,,,,True,False
year_2_000401,year_2,NOT_ASKED,True,False,False,False,False,True,True
year_2_000402,year_2,NOT_ASKED,False,True,False,False,False,True,True
year_2_000403,year_2,NOT_ASKED,False,True,False,False,False,True,True
year_2_000404,year_2,NOT_ASKED,False,True,False,False,False,True,True
year_2_000405,year_2,NOT_ASKED,False,False,True,False,True,True,True
year_2_000406,year_2,SECONDARY_INITIATIVE,,,,,,True,False
year_2_000407,year_2,NOT_PRIORITY,,,,,,True,False
year_2_000408,year_2,SECONDARY_INITIATIVE,,,,,,True,False
year_2_000409,year_2,NOT_ASKED,,,,,,True,False
year_2_000410,year_2,SECONDARY_INITIATIVE,,,,,,True,False
year_2_000411,year_2,NOT_ASKED,False,True,False,False,False,True,True
year_2_000412,year_2,NOT_ASKED,False,True,False,False,False,True,True
year_2_000413,year_2,NOT_PRIORITY,,,,,,True,False
year_2_000414,year_2,NOT_ASKED,False,True,False,False,False,True,True
year_2_000415,year_2,NOT_ASKED,False,True,False,False,False,True,True
year_2_000416,year_2,NOT_ASKED,True,False,False,False,False,True,True
year_2_000417,year_2,NOT_ASKED,False,False,False,False,True,True,True
year_2_000418,year_2,NOT_ASKED,,,,,,True,False
year_2_000419,year_2,NOT_ASKED,False,False,False,True,True,True,True
year_2_000420,year_2,NOT_PRIORITY,,,,,,True,False
year_2_000421,year_2,NOT_ASKED,False,False,False,False,True,True,True
year_2_000422,year_2,NOT_ASKED,False,True,False,False,False,True,True
year_2_000423,year_2,NOT_ASKED,False,True,False,False,True,True,True
year_2_000424,year_2,NOT_ASKED,,,,,,True,False
year_2_000425,year_2,NOT_ASKED,False,False,True,False,False,True,True
year_2_000426,year_2,SECONDARY_INITIATIVE,,,,,,True,False
year_2_000427,year_2,NOT_ASKED,,,,,,True,False
year_2_000428,year_2,SECONDARY_INITIATIVE,,,,,,True,False
year_2_000429,year_2,NOT_ASKED,True,False,False,False,False,True,True
year_2_000430,year_2,NOT_ASKED,False,True,False,False,False,True,True
year_2_000431,year_2,NOT_PRIORITY,,,,,,True,False
year_2_000432,year_2,NOT_ASKED,True,False,False,False,False,True,True
year_2_000433,year_2,NOT_ASKED,False,True,False,False,False,True,True
year_2_000434,year_2,NOT_ASKED,False,False,False,True,False,True,True
year_2_000435,year_2,SECONDARY_INITIATIVE,,,,,,True,False
year_2_000436,year_2,NOT_ASKED,,,,,,True,False
year_2_000437,year_2,NOT_ASKED,False,True,False,False,False,True,True
year_2_000438,year_2,NOT_ASKED,,,,,,True,False
year_2_000439,year_2,NOT_ASKED,False,False,False,False,True,True,True
year_2_000440,year_2,NOT_ASKED,False,True,False,False,True,True,True
year_2_000441,year_2,NOT_ASKED,False,True,False,False,False,True,True
year_2_000442,year_2,NOT_ASKED,False,True,False,False,False,True,True
year_2_000443,year_2,NOT_ASKED,False,True,False,False,False,True,True
year_2_000444,year_2,NOT_PRIORITY,,,,,,True,False
year_2_000445,year_2,NOT_ASKED,False,True,False,False,True,True,True
year_2_000446,year_2,NOT_ASKED,False,True,False,False,False,True,True
year_2_000447,year_2,NOT_ASKED,False,True,False,False,False,True,True
year_2_000448,year_2,NOT_ASKED,False,True,False,False,False,True,True
year_2_000449,year_2,NOT_ASKED,False,False,False,False,True,True,True
year_2_000450,year_2,SECONDARY_INITIATIVE,,,,,,True,False
year_2_000451,year_2,NOT_ASKED,False,True,False,False,False,True,True
year_2_000452,year_2,NOT_ASKED,True,False,False,False,False,True,True
year_2_000453,year_2,NOT_ASKED,False,True,False,False,False,True,True
year_2_000454,year_2,NOT_ASKED,,,,,,True,False
year_2_000455,year_2,NOT_PRIORITY,,,,,,True,False
year_2_000456,year_2,SECONDARY_INITIATIVE,,,,,,True,False
year_2_000457,year_2,NOT_ASKED,True,True,False,False,False,True,True
year_2_000458,year_2,NOT_ASKED,False,True,False,False,False,True,True
year_2_000459,year_2,NOT_ASKED,,,,,,True,False
year_2_000460,year_2,NOT_ASKED,False,True,False,False,False,True,True
year_2_000461,year_2,NOT_ASKED,False,True,False,False,False,True,True
year_2_000462,year_2,NOT_ASKED,False,True,False,False,False,True,True
year_2_000463,year_2,NOT_ASKED,False,True,False,False,False,True,True
year_2_000464,year_2,SECONDARY_INITIATIVE,,,,,,True,False
year_2_000465,year_2,NOT_ASKED,False,True,False,False,False,True,True
year_2_000466,year_2,TOP_PRIORITY_MEDIUM_TERM,,,,,,True,False
year_2_000467,year_2,NOT_ASKED,False,True,False,False,True,True,True
year_2_000468,year_2,NOT_ASKED,False,False,False,True,False,True,True
year_2_000469,year_2,NOT_ASKED,,,,,,True,False
year_2_000470,year_2,NOT_ASKED,False,True,False,False,False,True,True
year_2_000471,year_2,NOT_ASKED,False,True,False,False,False,True,True
year_2_000472,year_2,NOT_ASKED,False,True,False,False,False,True,True
year_2_000473,year_2,NOT_ASKED,False,True,False,False,False,True,True
year_2_000474,year_2,NOT_ASKED,False,True,False,False,False,True,True
year_2_000475,year_2,NOT_ASKED,False,True,False,False,False,True,True
year_2_000476,year_2,NOT_ASKED,False,True,False,False,False,True,True
year_2_000477,year_2,NOT_ASKED,False,True,False,False,False,True,True
year_2_000478,year_2,SECONDARY_INITIATIVE,,,,,,True,False
year_2_000479,year_2,NOT_ASKED,False,True,False,False,False,True,True
year_2_000480,year_2,NOT_ASKED,False,True,False,False,False,True,True
year_2_000481,year_2,NOT_ASKED,,,,,,True,False
year_2_000482,year_2,NOT_ASKED,False,True,False,False,False,True,True
year_2_000483,year_2,NOT_ASKED,True,False,False,False,False,True,True
year_2_000484,year_2,NOT_PRIORITY,,,,,,True,False
year_2_000485,year_2,NOT_ASKED,False,True,False,False,False,True,True
year_2_000486,year_2,NOT_ASKED,True,False,False,False,False,True,True
year_2_000487,year_2,NOT_ASKED,False,True,False,False,False,True,True
year_2_000488,year_2,NOT_ASKED,False,True,False,False,False,True,True
year_2_000489,year_2,NOT_ASKED,False,True,False,False,False,True,True
year_2_000490,year_2,NOT_ASKED,,,,,,True,False
year_2_000491,year_2,NOT_ASKED,False,True,False,False,False,True,True
year_2_000492,year_2,NOT_ASKED,,,,,,True,False
year_2_000493,year_2,NOT_ASKED,False,True,False,False,False,True,True
year_2_000494,year_2,NOT_ASKED,False,True,False,False,False,True,True
year_2_000495,year_2,NOT_ASKED,False,False,True,False,True,True,True
year_2_000496,year_2,SECONDARY_INITIATIVE,,,,,,True,False
year_2_000497,year_2,NOT_ASKED,False,True,False,False,False,True,True
year_2_000498,year_2,NOT_ASKED,False,True,False,False,False,True,True
year_2_000499,year_2,NOT_ASKED,False,False,True,False,True,True,True
year_2_000500,year_2,NOT_ASKED,False,True,False,False,False,True,True
year_2_000501,year_2,NOT_ASKED,False,True,False,False,False,True,True
year_2_000502,year_2,TOP_PRIORITY_MAIN,,,,,,True,False
year_2_000503,year_2,NOT_ASKED,False,True,False,False,False,True,True
year_2_000504,year_2,NOT_ASKED,False,True,False,False,False,True,True
year_2_000505,year_2,NOT_ASKED,False,True,False,False,False,True,True
year_2_000506,year_2,NOT_ASKED,False,True,False,False,False,True,True
year_2_000507,year_2,NOT_ASKED,False,True,False,False,False,True,True
year_2_000508,year_2,NOT_ASKED,True,False,False,False,False,True,True
year_2_000509,year_2,TOP_PRIORITY_MAIN,,,,,,True,False
year_2_000510,year_2,NOT_ASKED,,,,,,True,False
year_2_000511,year_2,NOT_ASKED,False,True,False,False,False,True,True
year_2_000512,year_2,NOT_ASKED,True,False,False,False,False,True,True
year_2_000513,year_2,NOT_ASKED,False,True,False,False,False,True,True
year_2_000514,year_2,NOT_ASKED,True,False,False,False,False,True,True
year_2_000515,year_2,NOT_ASKED,False,True,False,False,False,True,True
year_2_000516,year_2,NOT_ASKED,False,True,False,False,False,True,True
year_2_000517,year_2,NOT_ASKED,True,False,False,False,False,True,True
year_2_000518,year_2,NOT_ASKED,,,,,,True,False
year_2_000519,year_2,NOT_ASKED,,,,,,True,False
year_2_000520,year_2,SECONDARY_INITIATIVE,,,,,,True,False
year_2_000521,year_2,NOT_ASKED,,,,,,True,False
year_2_000522,year_2,NOT_ASKED,,,,,,True,False
year_2_000523,year_2,NOT_ASKED,False,True,False,False,False,True,True
year_2_000524,year_2,NOT_ASKED,False,True,False,False,False,True,True
year_2_000525,year_2,NOT_ASKED,False,True,False,False,False,True,True
year_2_000526,year_2,NOT_ASKED,False,True,False,False,False,True,True
year_2_000527,year_2,NOT_ASKED,False,True,False,False,False,True,True
year_2_000528,year_2,DONT_KNOW,,,,,,True,False
year_2_000529,year_2,NOT_ASKED,,,,,,True,False
year_2_000530,year_2,SECONDARY_INITIATIVE,,,,,,True,False
year_2_000531,year_2,NOT_ASKED,False,False,True,False,True,True,True
year_2_000532,year_2,NOT_ASKED,False,True,False,False,False,True,True
year_2_000533,year_2,TOP_PRIORITY_MAIN,,,,,,True,False
year_2_000534,year_2,NOT_ASKED,False,True,False,False,False,True,True
year_2_000535,year_2,NOT_ASKED,False,True,False,False,False,True,True
year_2_000536,year_2,NOT_ASKED,False,True,False,False,False,True,True
year_2_000537,year_2,NOT_ASKED,False,True,False,False,False,True,True
year_2_000538,year_2,NOT_ASKED,False,True,False,False,False,True,True
year_2_000539,year_2,NOT_ASKED,True,False,False,False,False,True,True
year_2_000540,year_2,SECONDARY_INITIATIVE,,,,,,True,False
year_2_000541,year_2,TOP_PRIORITY_MAIN,,,,,,True,False
year_2_000542,year_2,NOT_ASKED,False,True,False,False,False,True,True
year_2_000543,year_2,NOT_ASKED,False,True,False,False,False,True,True
year_2_000544,year_2,NOT_ASKED,True,False,False,False,False,True,True
year_2_000545,year_2,NOT_ASKED,,,,,,True,False
year_2_000546,year_2,SECONDARY_INITIATIVE,,,,,,True,False
year_2_000547,year_2,NOT_ASKED,False,True,False,False,False,True,True
year_2_000548,year_2,NOT_ASKED,True,False,False,False,False,True,True
year_2_000549,year_2,NOT_ASKED,False,True,False,False,False,True,True
year_2_000550,year_2,NOT_ASKED,True,False,False,False,False,True,True
year_2_000551,year_2,NOT_ASKED,True,False,False,False,False,True,True
year_2_000552,year_2,NOT_ASKED,False,True,False,False,False,True,True
year_2_000553,year_2,NOT_ASKED,False,True,False,False,False,True,True
year_2_000554,year_2,NOT_ASKED,True,False,False,False,False,True,True
year_2_000555,year_2,NOT_PRIORITY,,,,,,True,False
year_2_000556,year_2,NOT_ASKED,False,True,False,False,False,True,True
year_2_000557,year_2,NOT_ASKED,True,False,False,False,False,True,True
year_2_000558,year_2,SECONDARY_INITIATIVE,,,,,,True,False
year_2_000559,year_2,NOT_ASKED,False,True,False,False,False,True,True
year_2_000560,year_2,NOT_ASKED,False,True,False,False,False,True,True
year_2_000561,year_2,NOT_ASKED,,,,,,True,False
year_2_000562,year_2,NOT_ASKED,False,True,False,False,False,True,True
year_2_000563,year_2,TOP_PRIORITY_MAIN,,,,,,True,False
year_2_000564,year_2,NOT_ASKED,False,True,False,False,False,True,True
year_2_000565,year_2,NOT_ASKED,False,False,False,False,True,True,True
year_2_000566,year_2,SECONDARY_INITIATIVE,,,,,,True,False
year_2_000567,year_2,NOT_ASKED,False,True,False,False,False,True,True
year_2_000568,year_2,NOT_ASKED,,,,,,True,False
year_2_000569,year_2,NOT_ASKED,True,False,False,False,False,True,True
year_2_000570,year_2,TOP_PRIORITY_MEDIUM_TERM,,,,,,True,False
year_2_000571,year_2,NOT_ASKED,False,True,False,False,False,True,True
year_2_000572,year_2,NOT_ASKED,True,False,False,False,False,True,True
year_2_000573,year_2,NOT_ASKED,False,True,False,False,False,True,True
year_2_000574,year_2,NOT_ASKED,False,False,False,True,False,True,True
year_2_000575,year_2,SECONDARY_INITIATIVE,,,,,,True,False
year_2_000576,year_2,TOP_PRIORITY_MEDIUM_TERM,,,,,,True,False
year_2_000577,year_2,NOT_ASKED,False,False,False,False,True,True,True
year_2_000578,year_2,NOT_ASKED,False,True,False,False,False,True,True
year_2_000579,year_2,TOP_PRIORITY_MAIN,,,,,,True,False
year_2_000580,year_2,NOT_ASKED,False,False,False,True,True,True,True
year_2_000581,year_2,NOT_ASKED,False,True,False,False,False,True,True
year_2_000582,year_2,NOT_ASKED,False,True,False,False,False,True,True
year_2_000583,year_2,TOP_PRIORITY_MAIN,,,,,,True,False
year_2_000584,year_2,NOT_ASKED,False,False,False,False,True,True,True
year_2_000585,year_2,NOT_ASKED,,,,,,True,False
year_2_000586,year_2,NOT_ASKED,,,,,,True,False
year_2_000587,year_2,NOT_ASKED,,,,,,True,False
year_2_000588,year_2,NOT_ASKED,False,False,False,False,True,True,True
year_2_000589,year_2,NOT_ASKED,False,False,False,True,True,True,True
year_2_000590,year_2,NOT_ASKED,False,True,False,True,False,True,True
year_2_000591,year_2,NOT_ASKED,False,True,False,False,False,True,True
year_2_000592,year_2,NOT_ASKED,False,True,False,False,False,True,True
year_2_000593,year_2,NOT_ASKED,,,,,,True,False
year_2_000594,year_2,NOT_ASKED,False,False,True,False,False,True,True
year_2_000595,year_2,NOT_ASKED,True,False,False,False,False,True,True
year_2_000596,year_2,NOT_ASKED,True,False,False,False,False,True,True
year_2_000597,year_2,NOT_ASKED,False,True,False,False,False,True,True
year_2_000598,year_2,NOT_ASKED,False,True,False,False,False,True,True
year_2_000599,year_2,NOT_ASKED,True,False,False,False,False,True,True
year_2_000600,year_2,NOT_ASKED,False,True,False,False,False,True,True
year_2_000601,year_2,NOT_ASKED,False,True,False,False,False,True,True
year_2_000602,year_2,NOT_ASKED,False,True,False,False,False,True,True
year_2_000603,year_2,TOP_PRIORITY_MAIN,,,,,,True,False
year_2_000604,year_2,NOT_ASKED,False,True,False,False,False,True,True
year_2_000605,year_2,NOT_ASKED,False,True,True,False,False,True,True
year_2_000606,year_2,NOT_ASKED,False,False,False,True,False,True,True
year_2_000607,year_2,NOT_PRIORITY,,,,,,True,False
year_2_000608,year_2,NOT_ASKED,True,False,False,False,False,True,True
year_2_000609,year_2,NOT_PRIORITY,,,,,,True,False
year_2_000610,year_2,NOT_ASKED,,,,,,True,False
year_2_000611,year_2,NOT_ASKED,False,False,True,False,False,True,True
year_2_000612,year_2,NOT_ASKED,False,True,False,False,False,True,True
year_2_000613,year_2,NOT_ASKED,False,True,False,False,False,True,True
year_2_000614,year_2,NOT_ASKED,False,False,True,False,False,True,True
year_2_000615,year_2,NOT_ASKED,False,True,False,False,False,True,True
year_2_000616,year_2,NOT_ASKED,False,True,True,False,False,True,True
year_2_000617,year_2,NOT_ASKED,False,True,False,False,False,True,True
year_2_000618,year_2,NOT_PRIORITY,,,,,,True,False
year_2_000619,year_2,NOT_PRIORITY,,,,,,True,False
year_2_000620,year_2,NOT_ASKED,,,,,,True,False
year_2_000621,year_2,NOT_ASKED,True,False,False,False,False,True,True
year_2_000622,year_2,NOT_ASKED,False,True,False,False,False,True,True
year_2_000623,year_2,NOT_ASKED,False,True,False,False,False,True,True
year_2_000624,year_2,NOT_ASKED,False,True,False,False,False,True,True
year_2_000625,year_2,NOT_ASKED,False,True,False,False,False,True,True
year_2_000626,year_2,NOT_ASKED,False,False,False,False,True,True,True
year_2_000627,year_2,NOT_ASKED,False,True,False,False,False,True,True
year_2_000628,year_2,NOT_ASKED,True,False,False,False,False,True,True
year_2_000629,year_2,NOT_ASKED,True,False,False,False,False,True,True
year_2_000630,year_2,NOT_ASKED,True,False,False,False,False,True,True
year_2_000631,year_2,NOT_ASKED,,,,,,True,False
year_2_000632,year_2,NOT_ASKED,True,False,False,False,False,True,True
year_2_000633,year_2,NOT_ASKED,True,True,False,False,False,True,True
year_2_000634,year_2,NOT_ASKED,False,False,False,True,False,True,True
year_2_000635,year_2,NOT_ASKED,False,True,False,False,False,True,True
year_2_000636,year_2,NOT_ASKED,True,False,False,False,False,True,True
year_2_000637,year_2,TOP_PRIORITY_MEDIUM_TERM,,,,,,True,False
year_2_000638,year_2,NOT_ASKED,False,True,False,False,False,True,True
year_2_000639,year_2,NOT_ASKED,False,False,False,False,True,True,True
year_2_000640,year_2,TOP_PRIORITY_MEDIUM_TERM,,,,,,True,False
year_2_000641,year_2,SECONDARY_INITIATIVE,,,,,,True,False
year_2_000642,year_2,NOT_ASKED,False,True,False,False,False,True,True
year_2_000643,year_2,NOT_ASKED,,,,,,True,False
year_2_000644,year_2,NOT_ASKED,True,False,False,False,False,True,True
year_2_000645,year_2,NOT_ASKED,False,False,True,False,False,True,True
year_2_000646,year_2,DONT_KNOW,,,,,,True,False
year_2_000647,year_2,NOT_ASKED,,,,,,True,False
year_2_000648,year_2,NOT_ASKED,False,True,False,False,False,True,True
year_2_000649,year_2,NOT_ASKED,True,False,False,False,False,True,True
year_2_000650,year_2,NOT_ASKED,False,True,False,False,False,True,True
year_2_000651,year_2,NOT_ASKED,False,True,False,False,True,True,True
year_2_000652,year_2,NOT_ASKED,False,True,False,False,False,True,True
year_2_000653,year_2,NOT_ASKED,False,True,False,False,False,True,True
year_2_000654,year_2,TOP_PRIORITY_MEDIUM_TERM,,,,,,True,False
year_2_000655,year_2,NOT_ASKED,False,True,False,False,False,True,True
year_2_000656,year_2,NOT_ASKED,True,False,False,False,False,True,True
year_2_000657,year_2,NOT_PRIORITY,,,,,,True,False
year_2_000658,year_2,NOT_ASKED,False,True,False,False,True,True,True
year_2_000659,year_2,NOT_ASKED,False,True,False,False,False,True,True
year_2_000660,year_2,NOT_ASKED,True,False,False,False,False,True,True
year_2_000661,year_2,NOT_ASKED,True,False,False,False,False,True,True
year_2_000662,year_2,NOT_ASKED,False,True,False,False,False,True,True
year_2_000663,year_2,TOP_PRIORITY_MAIN,,,,,,True,False
year_2_000664,year_2,NOT_ASKED,False,True,False,False,False,True,True
year_2_000665,year_2,NOT_ASKED,False,True,False,False,False,True,True
year_2_000666,year_2,NOT_ASKED,False,True,False,False,False,True,True
year_2_000667,year_2,NOT_ASKED,False,True,False,False,False,True,True
year_2_000668,year_2,TOP_PRIORITY_MEDIUM_TERM,,,,,,True,False
year_2_000669,year_2,NOT_ASKED,False,True,False,False,False,True,True
year_2_000670,year_2,NOT_ASKED,False,True,False,False,False,True,True
year_2_000671,year_2,NOT_ASKED,True,False,False,False,False,True,True
year_2_000672,year_2,NOT_ASKED,True,False,False,False,False,True,True
year_2_000673,year_2,NOT_ASKED,False,False,False,False,True,True,True
year_2_000674,year_2,NOT_ASKED,False,True,False,False,False,True,True
year_2_000675,year_2,TOP_PRIORITY_MEDIUM_TERM,,,,,,True,False
year_2_000676,year_2,NOT_ASKED,,,,,,True,False
year_2_000677,year_2,NOT_ASKED,False,True,False,False,False,True,True
year_2_000678,year_2,NOT_ASKED,True,False,False,False,False,True,True
year_2_000679,year_2,NOT_ASKED,False,True,False,False,False,True,True
year_2_000680,year_2,NOT_ASKED,False,True,False,False,False,True,True
year_2_000681,year_2,NOT_ASKED,True,False,False,False,False,True,True
year_2_000682,year_2,NOT_ASKED,False,True,False,False,False,True,True
year_2_000683,year_2,NOT_ASKED,True,False,False,False,False,True,True
year_2_000684,year_2,TOP_PRIORITY_MEDIUM_TERM,,,,,,True,False
year_2_000685,year_2,NOT_ASKED,True,False,False,False,False,True,True
year_2_000686,year_2,NOT_ASKED,False,False,True,False,False,True,True
year_2_000687,year_2,NOT_ASKED,False,True,False,False,False,True,True
year_2_000688,year_2,NOT_ASKED,,,,,,True,False
year_2_000689,year_2,TOP_PRIORITY_MEDIUM_TERM,,,,,,True,False
year_2_000690,year_2,NOT_ASKED,True,False,False,False,False,True,True
year_2_000691,year_2,NOT_ASKED,False,True,False,False,False,True,True
year_2_000692,year_2,NOT_ASKED,False,False,False,True,False,True,True
year_2_000693,year_2,NOT_ASKED,False,False,False,True,False,True,True
year_2_000694,year_2,NOT_ASKED,False,True,False,False,False,True,True
year_2_000695,year_2,NOT_ASKED,False,False,False,False,True,True,True
year_2_000696,year_2,NOT_ASKED,False,True,False,False,False,True,True
year_2_000697,year_2,NOT_ASKED,True,False,False,False,False,True,True
year_2_000698,year_2,TOP_PRIORITY_MEDIUM_TERM,,,,,,True,False
year_2_000699,year_2,NOT_ASKED,False,True,False,False,False,True,True
year_2_000700,year_2,NOT_ASKED,True,False,False,False,False,True,True
year_2_000701,year_2,NOT_ASKED,True,False,False,False,False,True,True
year_2_000702,year_2,NOT_ASKED,True,False,False,False,False,True,True
year_2_000703,year_2,NOT_ASKED,True,False,False,False,False,True,True
year_2_000704,year_2,NOT_ASKED,False,False,False,True,False,True,True
year_2_000705,year_2,NOT_ASKED,False,True,False,False,False,True,True
year_2_000706,year_2,NOT_ASKED,False,True,False,False,False,True,True
year_2_000707,year_2,NOT_ASKED,False,True,False,False,False,True,True
year_2_000708,year_2,NOT_PRIORITY,,,,,,True,False
year_2_000709,year_2,NOT_ASKED,,,,,,True,False
year_2_000710,year_2,NOT_ASKED,True,False,False,False,False,True,True
year_2_000711,year_2,NOT_ASKED,False,False,False,True,True,True,True
year_2_000712,year_2,NOT_ASKED,True,False,False,False,False,True,True
year_2_000713,year_2,NOT_ASKED,False,True,False,False,False,True,True
year_2_000714,year_2,NOT_PRIORITY,,,,,,True,False
year_2_000715,year_2,NOT_PRIORITY,,,,,,True,False
year_2_000716,year_2,NOT_ASKED,,,,,,True,False
year_2_000717,year_2,NOT_ASKED,False,True,False,False,False,True,True
year_2_000718,year_2,DONT_KNOW,,,,,,True,False
year_2_000719,year_2,SECONDARY_INITIATIVE,,,,,,True,False
year_2_000720,year_2,NOT_ASKED,False,False,True,False,False,True,True
year_2_000721,year_2,NOT_ASKED,False,True,False,False,False,True,True
year_2_000722,year_2,NOT_ASKED,False,True,False,False,False,True,True
year_2_000723,year_2,NOT_ASKED,,,,,,True,False
year_2_000724,year_2,NOT_ASKED,False,True,False,False,False,True,True
year_2_000725,year_2,NOT_ASKED,False,True,False,False,False,True,True
year_2_000726,year_2,TOP_PRIORITY_MEDIUM_TERM,,,,,,True,False
year_2_000727,year_2,NOT_PRIORITY,,,,,,True,False
year_2_000728,year_2,NOT_ASKED,False,True,False,False,False,True,True
year_2_000729,year_2,NOT_ASKED,False,True,False,False,False,True,True
year_2_000730,year_2,TOP_PRIORITY_MAIN,,,,,,True,False
year_2_000731,year_2,NOT_ASKED,False,True,False,False,False,True,True
year_2_000732,year_2,NOT_ASKED,,,,,,True,False
year_2_000733,year_2,NOT_ASKED,False,True,False,False,False,True,True
year_2_000734,year_2,NOT_ASKED,False,True,False,False,False,True,True
year_2_000735,year_2,TOP_PRIORITY_MAIN,,,,,,True,False
year_2_000736,year_2,NOT_ASKED,False,True,False,False,False,True,True
year_2_000737,year_2,NOT_ASKED,False,True,False,False,False,True,True
year_2_000738,year_2,NOT_ASKED,True,False,False,False,False,True,True
year_2_000739,year_2,NOT_ASKED,False,True,False,False,False,True,True
year_2_000740,year_2,NOT_ASKED,True,False,False,False,False,True,True
year_2_000741,year_2,TOP_PRIORITY_MEDIUM_TERM,,,,,,True,False
year_2_000742,year_2,NOT_ASKED,False,True,False,False,False,True,True
year_2_000743,year_2,NOT_ASKED,False,True,False,False,False,True,True
year_2_000744,year_2,NOT_ASKED,True,False,False,False,False,True,True
year_2_000745,year_2,SECONDARY_INITIATIVE,,,,,,True,False
year_2_000746,year_2,NOT_ASKED,True,False,False,False,False,True,True
year_2_000747,year_2,NOT_ASKED,False,True,False,False,False,True,True
year_2_000748,year_2,NOT_ASKED,False,True,False,False,False,True,True
year_2_000749,year_2,NOT_ASKED,False,True,False,False,False,True,True
year_2_000750,year_2,NOT_ASKED,False,True,False,False,False,True,True
year_2_000751,year_2,NOT_ASKED,False,True,False,False,False,True,True
year_2_000752,year_2,NOT_ASKED,False,False,False,False,True,True,True
year_2_000753,year_2,NOT_ASKED,False,False,False,True,True,True,True
year_2_000754,year_2,TOP_PRIORITY_MEDIUM_TERM,,,,,,True,False
year_2_000755,year_2,NOT_ASKED,,,,,,True,False
year_2_000756,year_2,NOT_ASKED,True,False,False,False,False,True,True
year_2_000757,year_2,NOT_ASKED,False,True,False,False,False,True,True
year_2_000758,year_2,NOT_ASKED,False,True,False,False,False,True,True
year_2_000759,year_2,NOT_ASKED,False,False,False,True,False,True,True
year_2_000760,year_2,NOT_ASKED,True,False,False,False,False,True,True
year_2_000761,year_2,NOT_ASKED,False,False,True,False,False,True,True
year_2_000762,year_2,NOT_ASKED,False,True,False,False,False,True,True
year_2_000763,year_2,NOT_ASKED,False,True,False,False,False,True,True
year_2_000764,year_2,NOT_ASKED,False,True,False,False,False,True,True
year_2_000765,year_2,NOT_ASKED,,,,,,True,False
year_2_000766,year_2,NOT_ASKED,True,False,False,False,False,True,True
year_2_000767,year_2,NOT_ASKED,False,True,False,False,False,True,True
year_2_000768,year_2,NOT_ASKED,,,,,,True,False
year_2_000769,year_2,NOT_ASKED,False,True,False,False,False,True,True
year_2_000770,year_2,NOT_ASKED,,,,,,True,False
year_2_000771,year_2,TOP_PRIORITY_MEDIUM_TERM,,,,,,True,False
year_2_000772,year_2,NOT_ASKED,False,True,False,False,False,True,True
year_2_000773,year_2,NOT_ASKED,False,True,False,False,False,True,True
year_2_000774,year_2,NOT_ASKED,,,,,,True,False
year_2_000775,year_2,NOT_ASKED,,,,,,True,False
year_2_000776,year_2,NOT_ASKED,,,,,,True,False
year_2_000777,year_2,NOT_ASKED,True,False,False,False,False,True,True
year_2_000778,year_2,NOT_ASKED,False,True,False,False,True,True,True
year_2_000779,year_2,NOT_ASKED,,,,,,True,False
year_2_000780,year_2,NOT_ASKED,False,True,False,False,False,True,True
year_2_000781,year_2,NOT_ASKED,False,True,False,False,False,True,True
year_2_000782,year_2,NOT_ASKED,False,False,False,True,True,True,True
year_2_000783,year_2,NOT_ASKED,False,False,False,True,False,True,True
year_2_000784,year_2,DONT_KNOW,,,,,,True,False
year_2_000785,year_2,NOT_PRIORITY,,,,,,True,False
year_2_000786,year_2,NOT_ASKED,,,,,,True,False
year_2_000787,year_2,NOT_PRIORITY,,,,,,True,False
year_2_000788,year_2,NOT_ASKED,True,False,False,False,False,True,True
year_2_000789,year_2,NOT_ASKED,False,True,False,False,False,True,True
year_2_000790,year_2,NOT_ASKED,False,True,False,False,False,True,True
year_2_000791,year_2,NOT_ASKED,False,False,False,False,True,True,True
year_2_000792,year_2,NOT_ASKED,False,True,False,False,False,True,True
year_2_000793,year_2,NOT_ASKED,False,True,False,False,False,True,True
year_2_000794,year_2,NOT_ASKED,False,False,False,False,True,True,True
year_2_000795,year_2,NOT_ASKED,False,True,False,False,True,True,True
year_2_000796,year_2,NOT_ASKED,,,,,,True,False
year_2_000797,year_2,NOT_ASKED,False,True,False,False,False,True,True
year_2_000798,year_2,NOT_ASKED,False,False,False,True,False,True,True
year_2_000799,year_2,NOT_ASKED,False,True,False,False,False,True,True
year_2_000800,year_2,NOT_ASKED,,,,,,True,False
year_2_000801,year_2,NOT_ASKED,False,True,False,True,False,True,True
year_2_000802,year_2,TOP_PRIORITY_MEDIUM_TERM,,,,,,True,False
year_2_000803,year_2,NOT_ASKED,,,,,,True,False
year_2_000804,year_2,NOT_ASKED,,,,,,True,False
year_2_000805,year_2,NOT_ASKED,False,True,False,False,False,True,True
year_2_000806,year_2,NOT_ASKED,False,True,False,False,False,True,True
year_2_000807,year_2,NOT_ASKED,False,True,False,False,False,True,True
year_2_000808,year_2,NOT_ASKED,True,False,False,False,False,True,True
year_2_000809,year_2,NOT_PRIORITY,,,,,,True,False
year_2_000810,year_2,TOP_PRIORITY_MEDIUM_TERM,,,,,,True,False
year_2_000811,year_2,NOT_ASKED,False,True,False,False,False,True,True
year_2_000812,year_2,NOT_ASKED,False,True,False,False,False,True,True
year_2_000813,year_2,NOT_ASKED,False,False,True,False,False,True,True
year_2_000814,year_2,NOT_ASKED,False,True,False,False,False,True,True
year_2_000815,year_2,TOP_PRIORITY_MAIN,,,,,,True,False
year_2_000816,year_2,NOT_PRIORITY,,,,,,True,False
year_2_000817,year_2,NOT_ASKED,False,True,False,False,False,True,True
year_2_000818,year_2,NOT_ASKED,False,True,False,False,False,True,True
year_2_000819,year_2,NOT_ASKED,,,,,,True,False
year_2_000820,year_2,SECONDARY_INITIATIVE,,,,,,True,False
year_2_000821,year_2,NOT_ASKED,False,False,False,False,True,True,True
year_2_000822,year_2,NOT_ASKED,True,False,False,False,False,True,True
year_2_000823,year_2,NOT_ASKED,False,True,False,False,False,True,True
year_2_000824,year_2,NOT_ASKED,False,True,False,False,False,True,True
year_2_000825,year_2,NOT_ASKED,True,False,False,False,False,True,True
year_2_000826,year_2,NOT_ASKED,False,True,False,False,False,True,True
year_2_000827,year_2,NOT_ASKED,False,False,False,False,True,True,True
year_2_000828,year_2,NOT_ASKED,False,True,False,False,False,True,True
year_2_000829,year_2,NOT_ASKED,True,False,False,False,False,True,True
year_2_000830,year_2,NOT_ASKED,False,True,False,False,False,True,True
year_2_000831,year_2,NOT_ASKED,True,False,False,False,False,True,True
year_2_000832,year_2,NOT_ASKED,False,False,True,False,False,True,True
year_2_000833,year_2,NOT_ASKED,True,False,False,False,False,True,True
year_2_000834,year_2,NOT_ASKED,,,,,,True,False
year_2_000835,year_2,NOT_ASKED,,,,,,True,False
year_2_000836,year_2,NOT_ASKED,False,True,False,False,False,True,True
year_2_000837,year_2,NOT_ASKED,False,True,False,False,False,True,True
year_2_000838,year_2,NOT_ASKED,True,False,False,False,False,True,True
year_2_000839,year_2,NOT_ASKED,False,True,False,False,False,True,True
year_2_000840,year_2,NOT_ASKED,False,True,False,False,False,True,True
year_2_000841,year_2,NOT_ASKED,False,True,False,False,False,True,True
year_2_000842,year_2,NOT_ASKED,,,,,,True,False
year_2_000843,year_2,SECONDARY_INITIATIVE,,,,,,True,False
year_2_000844,year_2,NOT_ASKED,True,False,False,False,False,True,True
year_2_000845,year_2,NOT_ASKED,False,True,False,False,True,True,True
year_2_000846,year_2,NOT_ASKED,True,False,False,False,False,True,True
year_2_000847,year_2,NOT_ASKED,False,False,True,False,False,True,True
year_2_000848,year_2,NOT_ASKED,,,,,,True,False
year_2_000849,year_2,NOT_ASKED,False,True,False,False,False,True,True
year_2_000850,year_2,NOT_ASKED,False,True,False,False,False,True,True
year_2_000851,year_2,NOT_ASKED,False,True,False,False,False,True,True
year_2_000852,year_2,NOT_ASKED,False,True,False,False,False,True,True
year_2_000853,year_2,NOT_ASKED,,,,,,True,False
year_2_000854,year_2,NOT_ASKED,False,True,False,False,False,True,True
year_2_000855,year_2,NOT_ASKED,False,False,False,True,False,True,True
year_2_000856,year_2,NOT_ASKED,True,False,False,False,False,True,True
year_2_000857,year_2,NOT_PRIORITY,,,,,,True,False
year_2_000858,year_2,TOP_PRIORITY_MEDIUM_TERM,,,,,,True,False
year_2_000859,year_2,NOT_ASKED,,,,,,True,False
year_2_000860,year_2,TOP_PRIORITY_MAIN,,,,,,True,False
year_2_000861,year_2,NOT_ASKED,True,False,False,False,False,True,True
year_2_000862,year_2,TOP_PRIORITY_MEDIUM_TERM,,,,,,True,False
year_2_000863,year_2,NOT_ASKED,False,True,False,False,False,True,True
year_2_000864,year_2,NOT_ASKED,,,,,,True,False
year_2_000865,year_2,NOT_ASKED,False,True,False,False,False,True,True
year_2_000866,year_2,NOT_ASKED,False,False,True,False,False,True,True
year_2_000867,year_2,NOT_ASKED,False,True,False,False,False,True,True
year_2_000868,year_2,NOT_ASKED,False,True,False,False,False,True,True
year_2_000869,year_2,NOT_ASKED,False,True,False,False,False,True,True
year_2_000870,year_2,NOT_ASKED,False,True,False,False,False,True,True
year_2_000871,year_2,NOT_ASKED,False,True,False,False,False,True,True
year_2_000872,year_2,NOT_ASKED,False,True,False,False,False,True,True
year_2_000873,year_2,NOT_ASKED,False,True,False,False,False,True,True
year_2_000874,year_2,NOT_ASKED,True,False,False,False,False,True,True
year_2_000875,year_2,NOT_ASKED,False,False,True,False,False,True,True
year_2_000876,year_2,NOT_ASKED,False,True,False,False,False,True,True
year_2_000877,year_2,NOT_ASKED,False,True,False,False,False,True,True
year_2_000878,year_2,NOT_ASKED,False,True,False,False,False,True,True
year_2_000879,year_2,NOT_ASKED,True,False,False,False,False,True,True
year_2_000880,year_2,NOT_ASKED,False,True,False,False,False,True,True
year_2_000881,year_2,NOT_ASKED,False,True,False,False,False,True,True
year_2_000882,year_2,NOT_ASKED,False,True,False,False,False,True,True
year_2_000883,year_2,TOP_PRIORITY_MEDIUM_TERM,,,,,,True,False
year_2_000884,year_2,NOT_ASKED,True,False,False,False,False,True,True
year_2_000885,year_2,NOT_ASKED,False,True,False,False,False,True,True
year_2_000886,year_2,NOT_ASKED,False,True,False,False,False,True,True
year_2_000887,year_2,TOP_PRIORITY_MEDIUM_TERM,,,,,,True,False
year_2_000888,year_2,NOT_ASKED,,,,,,True,False
year_2_000889,year_2,NOT_ASKED,,,,,,True,False
year_2_000890,year_2,TOP_PRIORITY_MEDIUM_TERM,,,,,,True,False
year_2_000891,year_2,NOT_ASKED,True,False,False,False,False,True,True
year_2_000892,year_2,TOP_PRIORITY_MAIN,,,,,,True,False
year_2_000893,year_2,NOT_ASKED,False,True,False,False,False,True,True
year_2_000894,year_2,TOP_PRIORITY_MEDIUM_TERM,,,,,,True,False
year_2_000895,year_2,NOT_ASKED,True,False,False,False,False,True,True
year_2_000896,year_2,NOT_ASKED,False,False,False,True,True,True,True
year_2_000897,year_2,NOT_ASKED,False,True,False,False,False,True,True
year_2_000898,year_2,NOT_ASKED,False,True,False,False,False,True,True
year_2_000899,year_2,TOP_PRIORITY_MAIN,,,,,,True,False
year_2_000900,year_2,TOP_PRIORITY_MAIN,,,,,,True,False
year_2_000901,year_2,DONT_KNOW,,,,,,True,False
year_2_000902,year_2,NOT_ASKED,False,True,False,False,False,True,True
year_2_000903,year_2,NOT_ASKED,False,True,False,False,False,True,True
year_2_000904,year_2,NOT_ASKED,True,False,False,False,False,True,True
year_2_000905,year_2,NOT_ASKED,,,,,,True,False
year_2_000906,year_2,DONT_KNOW,,,,,,True,False
year_2_000907,year_2,NOT_ASKED,False,True,False,False,False,True,True
year_2_000908,year_2,SECONDARY_INITIATIVE,,,,,,True,False
year_2_000909,year_2,NOT_ASKED,,,,,,True,False
year_2_000910,year_2,NOT_ASKED,True,False,False,False,False,True,True
year_2_000911,year_2,NOT_ASKED,False,True,False,False,False,True,True
year_2_000912,year_2,NOT_ASKED,False,True,False,False,False,True,True
year_2_000913,year_2,NOT_ASKED,False,True,False,False,False,True,True
year_2_000914,year_2,TOP_PRIORITY_MAIN,,,,,,True,False
year_2_000915,year_2,NOT_ASKED,False,True,False,False,False,True,True
year_2_000916,year_2,NOT_ASKED,False,False,True,False,False,True,True
year_2_000917,year_2,NOT_ASKED,False,True,True,False,False,True,True
year_2_000918,year_2,NOT_ASKED,False,True,False,False,False,True,True
year_2_000919,year_2,NOT_ASKED,False,True,False,False,False,True,True
year_2_000920,year_2,NOT_ASKED,False,True,False,False,False,True,True
year_2_000921,year_2,NOT_ASKED,True,False,False,False,False,True,True
year_2_000922,year_2,NOT_ASKED,True,False,False,False,False,True,True
year_2_000923,year_2,NOT_ASKED,,,,,,True,False
year_2_000924,year_2,NOT_ASKED,False,True,False,False,False,True,True
year_2_000925,year_2,NOT_ASKED,True,False,False,False,False,True,True
year_2_000926,year_2,NOT_ASKED,,,,,,True,False
year_2_000927,year_2,NOT_ASKED,False,True,False,False,False,True,True
year_2_000928,year_2,SECONDARY_INITIATIVE,,,,,,True,False
year_2_000929,year_2,NOT_ASKED,False,True,False,False,False,True,True
year_2_000930,year_2,NOT_ASKED,False,True,False,False,False,True,True
year_2_000931,year_2,NOT_ASKED,True,False,False,False,False,True,True
year_2_000932,year_2,NOT_ASKED,True,False,False,False,False,True,True
year_2_000933,year_2,NOT_ASKED,False,False,True,False,True,True,True
year_2_000934,year_2,NOT_PRIORITY,,,,,,True,False
year_2_000935,year_2,NOT_ASKED,False,True,False,False,False,True,True
year_2_000936,year_2,NOT_ASKED,False,True,False,False,False,True,True
year_2_000937,year_2,TOP_PRIORITY_MEDIUM_TERM,,,,,,True,False
year_2_000938,year_2,NOT_ASKED,False,True,False,False,False,True,True
year_2_000939,year_2,NOT_ASKED,False,True,False,False,False,True,True
year_2_000940,year_2,NOT_ASKED,False,True,False,False,False,True,True
year_2_000941,year_2,NOT_ASKED,False,True,False,False,False,True,True
year_2_000942,year_2,NOT_ASKED,False,True,False,False,False,True,True
year_2_000943,year_2,NOT_PRIORITY,,,,,,True,False
year_2_000944,year_2,NOT_ASKED,True,False,False,False,False,True,True
year_2_000945,year_2,SECONDARY_INITIATIVE,,,,,,True,False
year_2_000946,year_2,NOT_ASKED,,,,,,True,False
year_2_000947,year_2,NOT_ASKED,False,True,False,False,False,True,True
year_2_000948,year_2,NOT_ASKED,,,,,,True,False
year_2_000949,year_2,NOT_ASKED,True,False,False,False,False,True,True
year_2_000950,year_2,NOT_ASKED,,,,,,True,False
year_2_000951,year_2,NOT_ASKED,,,,,,True,False
year_2_000952,year_2,NOT_ASKED,False,True,False,False,False,True,True
year_2_000953,year_2,NOT_ASKED,False,True,False,False,False,True,True
year_2_000954,year_2,NOT_ASKED,False,True,False,False,False,True,True
year_2_000955,year_2,NOT_ASKED,,,,,,True,False
year_2_000956,year_2,NOT_PRIORITY,,,,,,True,False
year_2_000957,year_2,NOT_ASKED,True,False,False,False,False,True,True
year_2_000958,year_2,SECONDARY_INITIATIVE,,,,,,True,False
year_2_000959,year_2,NOT_ASKED,False,True,False,False,False,True,True
year_2_000960,year_2,NOT_ASKED,False,True,False,False,False,True,True
year_2_000961,year_2,NOT_ASKED,,,,,,True,False
year_2_000962,year_2,NOT_ASKED,False,True,False,False,True,True,True
year_2_000963,year_2,NOT_ASKED,False,True,False,False,False,True,True
year_2_000964,year_2,NOT_ASKED,False,True,False,False,False,True,True
year_2_000965,year_2,NOT_ASKED,False,True,False,False,False,True,True
year_2_000966,year_2,NOT_ASKED,False,True,False,False,False,True,True
year_2_000967,year_2,NOT_ASKED,True,False,False,False,False,True,True
year_2_000968,year_2,TOP_PRIORITY_MEDIUM_TERM,,,,,,True,False
year_2_000969,year_2,NOT_ASKED,False,False,False,False,True,True,True
year_2_000970,year_2,SECONDARY_INITIATIVE,,,,,,True,False
year_2_000971,year_2,NOT_ASKED,False,True,False,False,False,True,True
year_2_000972,year_2,NOT_ASKED,True,False,False,False,False,True,True
year_2_000973,year_2,NOT_ASKED,False,True,False,False,False,True,True
year_2_000974,year_2,NOT_ASKED,False,True,False,False,False,True,True
year_2_000975,year_2,NOT_ASKED,False,True,False,False,True,True,True
year_2_000976,year_2,NOT_ASKED,False,True,False,False,True,True,True
year_2_000977,year_2,NOT_ASKED,True,False,False,False,False,True,True
year_2_000978,year_2,NOT_ASKED,False,False,False,False,True,True,True
year_2_000979,year_2,NOT_ASKED,False,False,False,False,True,True,True
year_2_000980,year_2,NOT_ASKED,False,True,False,False,False,True,True
year_2_000981,year_2,NOT_ASKED,,,,,,True,False
year_2_000982,year_2,NOT_ASKED,False,True,False,False,False,True,True
year_2_000983,year_2,NOT_ASKED,,,,,,True,False
year_2_000984,year_2,NOT_ASKED,False,True,False,False,False,True,True
year_2_000985,year_2,NOT_ASKED,False,True,False,False,False,True,True
year_2_000986,year_2,NOT_ASKED,False,True,False,False,False,True,True
year_2_000987,year_2,NOT_ASKED,False,True,False,False,False,True,True
year_2_000988,year_2,NOT_ASKED,False,False,False,True,False,True,True
year_2_000989,year_2,SECONDARY_INITIATIVE,,,,,,True,False
year_2_000990,year_2,NOT_ASKED,True,False,False,False,False,True,True
year_2_000991,year_2,TOP_PRIORITY_MEDIUM_TERM,,,,,,True,False
year_2_000992,year_2,NOT_ASKED,,,,,,True,False
year_2_000993,year_2,TOP_PRIORITY_MEDIUM_TERM,,,,,,True,False
year_2_000994,year_2,SECONDARY_INITIATIVE,,,,,,True,False
year_2_000995,year_2,TOP_PRIORITY_MEDIUM_TERM,,,,,,True,False
year_2_000996,year_2,NOT_ASKED,False,True,False,False,False,True,True
year_2_000997,year_2,NOT_ASKED,False,True,False,False,False,True,True
year_2_000998,year_2,NOT_ASKED,False,False,True,False,True,True,True
year_2_000999,year_2,NOT_ASKED,False,False,False,True,True,True,True
year_2_001000,year_2,NOT_ASKED,False,True,False,False,False,True,True
year_2_001001,year_2,NOT_ASKED,False,True,False,False,False,True,True
year_2_001002,year_2,NOT_ASKED,False,True,False,False,False,True,True
year_2_001003,year_2,NOT_ASKED,False,True,False,False,False,True,True
year_2_001004,year_2,NOT_ASKED,,,,,,True,False
year_2_001005,year_2,TOP_PRIORITY_MAIN,,,,,,True,False
year_2_001006,year_2,NOT_ASKED,False,False,False,False,True,True,True
year_2_001007,year_2,TOP_PRIORITY_MEDIUM_TERM,,,,,,True,False
year_2_001008,year_2,NOT_ASKED,,,,,,True,False
year_2_001009,year_2,NOT_ASKED,False,False,True,False,False,True,True
year_2_001010,year_2,NOT_ASKED,True,False,False,False,False,True,True
year_2_001011,year_2,TOP_PRIORITY_MEDIUM_TERM,,,,,,True,False
year_2_001012,year_2,NOT_ASKED,False,False,True,False,False,True,True
year_2_001013,year_2,NOT_ASKED,False,True,False,False,False,True,True
year_2_001014,year_2,NOT_ASKED,False,True,False,False,False,True,True
year_2_001015,year_2,NOT_ASKED,False,True,False,False,False,True,True
year_2_001016,year_2,SECONDARY_INITIATIVE,,,,,,True,False
year_2_001017,year_2,NOT_PRIORITY,,,,,,True,False
year_2_001018,year_2,NOT_ASKED,False,True,False,False,False,True,True
year_2_001019,year_2,SECONDARY_INITIATIVE,,,,,,True,False
year_2_001020,year_2,NOT_ASKED,False,True,False,False,False,True,True
year_2_001021,year_2,TOP_PRIORITY_MEDIUM_TERM,,,,,,True,False
year_2_001022,year_2,NOT_ASKED,,,,,,True,False
year_2_001023,year_2,TOP_PRIORITY_MAIN,,,,,,True,False
year_2_001024,year_2,NOT_ASKED,False,True,False,False,True,True,True
year_2_001025,year_2,NOT_ASKED,False,False,False,True,True,True,True
year_2_001026,year_2,NOT_ASKED,False,True,False,False,True,True,True
year_2_001027,year_2,NOT_ASKED,False,True,False,False,False,True,True
year_2_001028,year_2,NOT_ASKED,False,True,False,False,False,True,True
year_2_001029,year_2,NOT_ASKED,False,True,False,False,False,True,True
year_2_001030,year_2,NOT_ASKED,True,False,False,False,False,True,True
year_2_001031,year_2,NOT_ASKED,False,False,False,True,False,True,True
year_2_001032,year_2,NOT_ASKED,False,True,False,False,False,True,True
year_2_001033,year_2,SECONDARY_INITIATIVE,,,,,,True,False
year_2_001034,year_2,NOT_ASKED,,,,,,True,False
year_2_001035,year_2,NOT_PRIORITY,,,,,,True,False
year_2_001036,year_2,NOT_ASKED,False,True,False,False,False,True,True
year_2_001037,year_2,NOT_ASKED,True,False,False,False,False,True,True
year_2_001038,year_2,NOT_ASKED,False,False,False,False,True,True,True
year_2_001039,year_2,NOT_ASKED,False,False,True,False,True,True,True
year_2_001040,year_2,NOT_PRIORITY,,,,,,True,False
year_2_001041,year_2,NOT_ASKED,True,False,False,False,False,True,True
year_2_001042,year_2,NOT_ASKED,False,True,False,False,False,True,True
year_2_001043,year_2,NOT_ASKED,True,False,False,False,False,True,True
year_2_001044,year_2,NOT_ASKED,False,True,False,False,True,True,True
year_2_001045,year_2,NOT_ASKED,False,True,False,False,False,True,True
year_2_001046,year_2,NOT_ASKED,False,False,True,False,False,True,True
year_2_001047,year_2,NOT_ASKED,False,False,False,True,False,True,True
year_2_001048,year_2,NOT_ASKED,False,True,False,False,True,True,True
year_2_001049,year_2,NOT_ASKED,False,True,False,False,False,True,True
year_2_001050,year_2,NOT_ASKED,False,False,True,False,False,True,True
year_2_001051,year_2,TOP_PRIORITY_MEDIUM_TERM,,,,,,True,False
year_2_001052,year_2,NOT_ASKED,False,False,False,False,True,True,True
year_2_001053,year_2,NOT_ASKED,False,True,False,False,False,True,True
year_2_001054,year_2,NOT_ASKED,False,True,False,False,False,True,True
year_2_001055,year_2,NOT_ASKED,False,False,True,True,False,True,True
year_2_001056,year_2,NOT_ASKED,False,False,False,True,False,True,True
year_2_001057,year_2,NOT_ASKED,False,True,False,False,False,True,True
year_2_001058,year_2,TOP_PRIORITY_MEDIUM_TERM,,,,,,True,False
year_2_001059,year_2,TOP_PRIORITY_MAIN,,,,,,True,False
year_2_001060,year_2,NOT_ASKED,False,True,False,False,False,True,True
year_2_001061,year_2,NOT_ASKED,,,,,,True,False
year_2_001062,year_2,NOT_ASKED,False,False,False,True,True,True,True
year_2_001063,year_2,TOP_PRIORITY_MAIN,,,,,,True,False
year_2_001064,year_2,NOT_ASKED,True,False,False,False,False,True,True
year_2_001065,year_2,NOT_ASKED,False,True,False,False,False,True,True
year_2_001066,year_2,NOT_ASKED,,,,,,True,False
year_2_001067,year_2,NOT_ASKED,False,True,False,False,False,True,True
year_2_001068,year_2,NOT_ASKED,True,False,False,False,False,True,True
year_2_001069,year_2,NOT_ASKED,False,False,False,False,True,True,True
year_2_001070,year_2,NOT_ASKED,False,True,False,False,False,True,True
year_2_001071,year_2,SECONDARY_INITIATIVE,,,,,,True,False
year_2_001072,year_2,NOT_ASKED,False,True,False,False,False,True,True
year_2_001073,year_2,NOT_ASKED,False,True,False,False,False,True,True
year_2_001074,year_2,NOT_ASKED,False,True,False,False,False,True,True
year_2_001075,year_2,NOT_ASKED,True,False,False,False,False,True,True
year_2_001076,year_2,NOT_ASKED,False,True,False,False,False,True,True
year_2_001077,year_2,NOT_ASKED,False,True,False,False,False,True,True
year_2_001078,year_2,SECONDARY_INITIATIVE,,,,,,True,False
year_2_001079,year_2,NOT_ASKED,False,False,False,False,True,True,True
year_2_001080,year_2,NOT_ASKED,False,True,False,False,False,True,True
year_2_001081,year_2,NOT_ASKED,False,True,False,False,True,True,True
year_2_001082,year_2,NOT_ASKED,,,,,,True,False
year_2_001083,year_2,NOT_ASKED,False,True,False,False,False,True,True
year_2_001084,year_2,NOT_PRIORITY,,,,,,True,False
year_2_001085,year_2,NOT_ASKED,False,True,False,False,False,True,True
year_2_001086,year_2,NOT_ASKED,False,True,False,False,False,True,True
year_2_001087,year_2,NOT_ASKED,False,True,False,False,False,True,True
year_2_001088,year_2,NOT_ASKED,False,True,False,False,False,True,True
year_2_001089,year_2,NOT_ASKED,False,False,True,False,False,True,True
year_2_001090,year_2,NOT_ASKED,False,False,False,False,True,True,True
year_2_001091,year_2,NOT_ASKED,False,True,False,False,False,True,True
year_2_001092,year_2,NOT_ASKED,False,True,False,False,False,True,True
year_2_001093,year_2,NOT_ASKED,,,,,,True,False
year_2_001094,year_2,NOT_ASKED,False,False,True,False,False,True,True
year_2_001095,year_2,SECONDARY_INITIATIVE,,,,,,True,False
year_2_001096,year_2,NOT_ASKED,False,True,False,False,False,True,True
year_2_001097,year_2,NOT_ASKED,False,True,False,False,False,True,True
year_2_001098,year_2,NOT_ASKED,False,False,True,False,False,True,True
year_2_001099,year_2,NOT_ASKED,False,True,False,False,False,True,True
year_2_001100,year_2,SECONDARY_INITIATIVE,,,,,,True,False
year_2_001101,year_2,SECONDARY_INITIATIVE,,,,,,True,False
year_2_001102,year_2,NOT_ASKED,False,True,False,False,True,True,True
year_2_001103,year_2,TOP_PRIORITY_MEDIUM_TERM,,,,,,True,False
year_2_001104,year_2,NOT_ASKED,False,True,False,False,False,True,True
year_2_001105,year_2,SECONDARY_INITIATIVE,,,,,,True,False
year_2_001106,year_2,NOT_ASKED,,,,,,True,False
year_2_001107,year_2,NOT_ASKED,,,,,,True,False
year_2_001108,year_2,NOT_ASKED,False,True,False,False,True,True,True
year_2_001109,year_2,TOP_PRIORITY_MEDIUM_TERM,,,,,,True,False
year_2_001110,year_2,NOT_ASKED,False,True,False,False,False,True,True
year_2_001111,year_2,NOT_ASKED,,,,,,True,False
year_2_001112,year_2,NOT_ASKED,True,True,False,False,False,True,True
year_2_001113,year_2,NOT_ASKED,False,False,True,False,True,True,True
year_2_001114,year_2,NOT_ASKED,False,True,False,False,True,True,True
year_2_001115,year_2,NOT_ASKED,False,True,False,False,False,True,True
year_2_001116,year_2,NOT_ASKED,False,False,False,False,True,True,True
year_2_001117,year_2,TOP_PRIORITY_MEDIUM_TERM,,,,,,True,False
year_2_001118,year_2,NOT_ASKED,False,True,False,False,False,True,True
year_2_001119,year_2,SECONDARY_INITIATIVE,,,,,,True,False
year_2_001120,year_2,NOT_ASKED,False,True,False,False,False,True,True
year_2_001121,year_2,NOT_ASKED,False,False,False,False,True,True,True
year_2_001122,year_2,NOT_ASKED,False,True,False,False,False,True,True
year_2_001123,year_2,NOT_ASKED,False,True,False,False,False,True,True
year_2_001124,year_2,NOT_ASKED,False,False,False,False,True,True,True
year_2_001125,year_2,NOT_ASKED,False,True,False,False,False,True,True
year_2_001126,year_2,NOT_ASKED,False,True,False,False,False,True,True
year_2_001127,year_2,NOT_ASKED,,,,,,True,False
year_2_001128,year_2,NOT_ASKED,False,True,False,False,False,True,True
year_2_001129,year_2,NOT_ASKED,False,False,False,True,False,True,True
year_2_001130,year_2,NOT_ASKED,False,True,False,False,False,True,True
year_2_001131,year_2,NOT_ASKED,False,True,False,False,False,True,True
year_2_001132,year_2,NOT_ASKED,False,False,False,False,True,True,True
year_2_001133,year_2,NOT_ASKED,False,False,False,True,True,True,True
year_2_001134,year_2,NOT_ASKED,False,True,False,False,False,True,True
year_2_001135,year_2,SECONDARY_INITIATIVE,,,,,,True,False
year_2_001136,year_2,NOT_ASKED,False,True,False,False,False,True,True
year_2_001137,year_2,NOT_ASKED,True,True,False,False,False,True,True
year_2_001138,year_2,NOT_ASKED,False,True,False,False,False,True,True
year_2_001139,year_2,NOT_ASKED,False,True,False,False,True,True,True
year_2_001140,year_2,SECONDARY_INITIATIVE,,,,,,True,False
year_2_001141,year_2,NOT_ASKED,False,True,False,False,False,True,True
year_2_001142,year_2,NOT_PRIORITY,,,,,,True,False
year_2_001143,year_2,NOT_ASKED,False,True,False,False,False,True,True
year_2_001144,year_2,NOT_ASKED,True,False,False,False,False,True,True
year_2_001145,year_2,NOT_ASKED,False,True,False,False,False,True,True
year_2_001146,year_2,NOT_ASKED,False,True,False,False,False,True,True
year_2_001147,year_2,NOT_ASKED,False,False,True,False,True,True,True
year_2_001148,year_2,NOT_ASKED,False,True,False,False,False,True,True
year_2_001149,year_2,NOT_ASKED,False,False,False,True,True,True,True
year_2_001150,year_2,NOT_PRIORITY,,,,,,True,False
year_2_001151,year_2,NOT_ASKED,True,False,False,False,False,True,True
year_2_001152,year_2,SECONDARY_INITIATIVE,,,,,,True,False
year_2_001153,year_2,NOT_ASKED,False,True,False,False,False,True,True
year_2_001154,year_2,NOT_ASKED,True,False,False,False,False,True,True
year_2_001155,year_2,SECONDARY_INITIATIVE,,,,,,True,False
year_2_001156,year_2,NOT_PRIORITY,,,,,,True,False
year_2_001157,year_2,NOT_ASKED,False,True,False,False,False,True,True
year_2_001158,year_2,NOT_ASKED,,,,,,True,False
year_2_001159,year_2,TOP_PRIORITY_MAIN,,,,,,True,False
year_2_001160,year_2,NOT_ASKED,False,True,False,False,False,True,True
year_2_001161,year_2,TOP_PRIORITY_MEDIUM_TERM,,,,,,True,False
year_2_001162,year_2,NOT_ASKED,False,True,False,False,False,True,True
year_2_001163,year_2,NOT_ASKED,False,True,False,False,False,True,True
year_2_001164,year_2,NOT_ASKED,False,True,False,False,False,True,True
year_2_001165,year_2,NOT_ASKED,False,False,False,False,True,True,True
year_2_001166,year_2,NOT_ASKED,False,True,False,False,False,True,True
year_2_001167,year_2,NOT_ASKED,False,True,False,False,False,True,True
year_2_001168,year_2,NOT_ASKED,,,,,,True,False
year_2_001169,year_2,NOT_ASKED,False,False,False,False,True,True,True
year_2_001170,year_2,NOT_ASKED,False,True,False,False,False,True,True
year_2_001171,year_2,NOT_ASKED,False,True,False,False,False,True,True
year_2_001172,year_2,SECONDARY_INITIATIVE,,,,,,True,False
year_2_001173,year_2,NOT_ASKED,False,True,False,False,False,True,True
year_2_001174,year_2,NOT_ASKED,False,True,False,False,False,True,True
year_2_001175,year_2,NOT_ASKED,False,True,False,False,False,True,True
year_2_001176,year_2,NOT_PRIORITY,,,,,,True,False
year_2_001177,year_2,NOT_ASKED,False,True,False,False,False,True,True
year_2_001178,year_2,NOT_ASKED,False,True,False,False,False,True,True
year_2_001179,year_2,NOT_ASKED,True,False,False,False,False,True,True
year_2_001180,year_2,NOT_ASKED,True,False,False,False,False,True,True
year_2_001181,year_2,NOT_ASKED,False,True,False,False,True,True,True
year_2_001182,year_2,NOT_ASKED,False,True,False,False,False,True,True
year_2_001183,year_2,NOT_ASKED,,,,,,True,False
year_2_001184,year_2,NOT_ASKED,,,,,,True,False
year_2_001185,year_2,NOT_ASKED,True,False,False,False,False,True,True
year_2_001186,year_2,NOT_ASKED,False,True,False,False,False,True,True
year_2_001187,year_2,NOT_ASKED,False,True,False,False,False,True,True
year_2_001188,year_2,TOP_PRIORITY_MAIN,,,,,,True,False
year_2_001189,year_2,NOT_ASKED,False,False,True,False,False,True,True
year_2_001190,year_2,NOT_ASKED,True,False,False,False,False,True,True
year_2_001191,year_2,NOT_ASKED,False,True,False,False,False,True,True
year_2_001192,year_2,NOT_ASKED,False,True,False,False,False,True,True
year_2_001193,year_2,NOT_ASKED,False,True,False,False,False,True,True
year_2_001194,year_2,NOT_ASKED,False,True,False,False,False,True,True
year_2_001195,year_2,NOT_ASKED,False,True,False,False,False,True,True
year_2_001196,year_2,NOT_ASKED,True,False,False,False,False,True,True
year_2_001197,year_2,NOT_ASKED,False,True,False,False,False,True,True
year_2_001198,year_2,NOT_ASKED,True,False,False,False,False,True,True
year_2_001199,year_2,NOT_ASKED,False,True,False,False,False,True,True
year_2_001200,year_2,NOT_ASKED,True,False,False,False,False,True,True
year_2_001201,year_2,SECONDARY_INITIATIVE,,,,,,True,False
year_2_001202,year_2,NOT_ASKED,False,False,False,True,False,True,True
year_2_001203,year_2,NOT_ASKED,False,True,False,False,False,True,True
year_2_001204,year_2,NOT_ASKED,,,,,,True,False
year_2_001205,year_2,NOT_ASKED,False,True,False,False,False,True,True
year_2_001206,year_2,NOT_ASKED,True,True,False,False,False,True,True
year_2_001207,year_2,NOT_ASKED,False,True,False,False,False,True,True
year_2_001208,year_2,NOT_PRIORITY,,,,,,True,False
year_2_001209,year_2,NOT_ASKED,False,True,False,False,False,True,True
year_2_001210,year_2,NOT_ASKED,,,,,,True,False
year_2_001211,year_2,NOT_ASKED,,,,,,True,False
year_2_001212,year_2,NOT_ASKED,False,True,False,False,False,True,True
year_2_001213,year_2,NOT_ASKED,,,,,,True,False
year_2_001214,year_2,SECONDARY_INITIATIVE,,,,,,True,False
year_2_001215,year_2,NOT_ASKED,False,True,False,False,False,True,True
year_2_001216,year_2,NOT_ASKED,False,True,False,False,False,True,True
year_2_001217,year_2,NOT_ASKED,False,False,True,False,True,True,True
year_2_001218,year_2,TOP_PRIORITY_MEDIUM_TERM,,,,,,True,False
year_2_001219,year_2,NOT_ASKED,False,True,False,False,False,True,True
year_2_001220,year_2,TOP_PRIORITY_MEDIUM_TERM,,,,,,True,False
year_2_001221,year_2,NOT_ASKED,False,True,False,False,False,True,True
year_2_001222,year_2,NOT_ASKED,False,True,False,False,False,True,True
year_2_001223,year_2,NOT_ASKED,False,True,False,False,False,True,True
year_2_001224,year_2,NOT_ASKED,False,True,False,False,False,True,True
year_2_001225,year_2,NOT_ASKED,False,True,False,False,False,True,True
year_2_001226,year_2,NOT_ASKED,False,True,False,False,True,True,True
year_2_001227,year_2,NOT_ASKED,False,True,False,False,False,True,True
year_2_001228,year_2,NOT_ASKED,False,True,False,False,False,True,True
year_2_001229,year_2,NOT_ASKED,True,False,False,False,False,True,True
year_2_001230,year_2,SECONDARY_INITIATIVE,,,,,,True,False
year_2_001231,year_2,NOT_ASKED,,,,,,True,False
year_2_001232,year_2,NOT_ASKED,False,True,False,False,False,True,True
year_2_001233,year_2,NOT_ASKED,False,True,False,False,False,True,True
year_2_001234,year_2,NOT_ASKED,False,True,False,False,False,True,True
year_2_001235,year_2,NOT_ASKED,False,False,True,False,False,True,True
year_2_001236,year_2,NOT_ASKED,False,True,False,False,True,True,True
year_2_001237,year_2,NOT_ASKED,False,True,False,False,False,True,True
year_2_001238,year_2,NOT_ASKED,False,True,False,False,False,True,True
year_2_001239,year_2,NOT_ASKED,True,False,False,False,False,True,True
year_2_001240,year_2,NOT_ASKED,False,True,False,False,False,True,True
year_2_001241,year_2,NOT_PRIORITY,,,,,,True,False
year_2_001242,year_2,NOT_ASKED,False,True,False,False,False,True,True
year_2_001243,year_2,NOT_ASKED,False,True,False,False,False,True,True
year_2_001244,year_2,NOT_ASKED,False,True,False,False,False,True,True
year_2_001245,year_2,SECONDARY_INITIATIVE,,,,,,True,False
year_2_001246,year_2,NOT_ASKED,False,False,False,True,False,True,True
year_2_001247,year_2,NOT_ASKED,False,True,False,False,False,True,True
year_2_001248,year_2,NOT_ASKED,,,,,,True,False
year_2_001249,year_2,NOT_ASKED,False,False,False,False,True,True,True
year_2_001250,year_2,NOT_ASKED,,,,,,True,False
year_2_001251,year_2,NOT_ASKED,False,True,False,False,False,True,True
year_2_001252,year_2,NOT_ASKED,,,,,,True,False
year_2_001253,year_2,NOT_ASKED,False,True,False,False,False,True,True
year_2_001254,year_2,NOT_ASKED,,,,,,True,False
year_2_001255,year_2,NOT_ASKED,,,,,,True,False
year_2_001256,year_2,NOT_ASKED,True,False,False,False,False,True,True
year_2_001257,year_2,NOT_PRIORITY,,,,,,True,False
year_2_001258,year_2,NOT_ASKED,,,,,,True,False
year_2_001259,year_2,NOT_ASKED,False,True,False,False,False,True,True
year_2_001260,year_2,NOT_ASKED,False,True,False,False,False,True,True
year_2_001261,year_2,SECONDARY_INITIATIVE,,,,,,True,False
year_2_001262,year_2,NOT_ASKED,False,True,False,False,False,True,True
year_2_001263,year_2,NOT_ASKED,False,False,False,False,True,True,True
year_2_001264,year_2,NOT_PRIORITY,,,,,,True,False
year_2_001265,year_2,NOT_ASKED,False,True,False,False,False,True,True
year_2_001266,year_2,NOT_ASKED,,,,,,True,False
year_2_001267,year_2,NOT_ASKED,False,False,False,True,False,True,True
year_2_001268,year_2,NOT_ASKED,False,True,True,False,False,True,True
year_2_001269,year_2,NOT_ASKED,False,False,True,False,False,True,True
year_2_001270,year_2,NOT_ASKED,False,False,False,False,True,True,True
year_2_001271,year_2,NOT_ASKED,,,,,,True,False
year_2_001272,year_2,NOT_ASKED,False,False,False,True,False,True,True
year_2_001273,year_2,TOP_PRIORITY_MEDIUM_TERM,,,,,,True,False
year_2_001274,year_2,NOT_ASKED,True,False,False,False,False,True,True
year_2_001275,year_2,NOT_ASKED,,,,,,True,False
year_2_001276,year_2,SECONDARY_INITIATIVE,,,,,,True,False
year_2_001277,year_2,NOT_ASKED,,,,,,True,False
year_2_001278,year_2,NOT_ASKED,False,True,False,False,False,True,True
year_2_001279,year_2,NOT_ASKED,True,False,False,False,False,True,True
year_2_001280,year_2,NOT_ASKED,False,True,False,False,False,True,True
year_2_001281,year_2,NOT_ASKED,True,False,False,False,False,True,True
year_2_001282,year_2,NOT_ASKED,False,True,False,False,False,True,True
year_2_001283,year_2,NOT_ASKED,False,True,False,False,False,True,True
year_2_001284,year_2,NOT_ASKED,False,True,False,False,False,True,True
year_2_001285,year_2,NOT_ASKED,,,,,,True,False
year_2_001286,year_2,NOT_ASKED,False,True,False,False,False,True,True
year_2_001287,year_2,NOT_ASKED,False,True,False,False,False,True,True
year_2_001288,year_2,NOT_ASKED,,,,,,True,False
year_2_001289,year_2,NOT_ASKED,False,True,False,False,False,True,True
year_2_001290,year_2,NOT_ASKED,True,False,False,False,False,True,True
year_2_001291,year_2,NOT_ASKED,False,True,False,False,False,True,True
year_2_001292,year_2,NOT_ASKED,,,,,,True,False
year_2_001293,year_2,NOT_ASKED,False,True,False,False,False,True,True
year_2_001294,year_2,NOT_ASKED,False,True,False,False,False,True,True
year_2_001295,year_2,NOT_ASKED,False,True,False,False,False,True,True
year_2_001296,year_2,TOP_PRIORITY_MEDIUM_TERM,,,,,,True,False
year_2_001297,year_2,NOT_ASKED,False,False,False,False,True,True,True
year_2_001298,year_2,NOT_ASKED,False,False,True,False,False,True,True
year_2_001299,year_2,NOT_ASKED,False,True,False,False,False,True,True
year_2_001300,year_2,NOT_ASKED,False,False,True,False,True,True,True
year_2_001301,year_2,NOT_ASKED,False,True,False,False,False,True,True
year_2_001302,year_2,NOT_ASKED,False,False,True,False,True,True,True
year_2_001303,year_2,NOT_ASKED,False,True,False,False,False,True,True
year_2_001304,year_2,NOT_ASKED,False,True,False,False,False,True,True
year_2_001305,year_2,NOT_ASKED,False,True,False,False,False,True,True
year_2_001306,year_2,NOT_ASKED,,,,,,True,False
year_2_001307,year_2,NOT_ASKED,False,False,True,False,False,True,True
year_2_001308,year_2,NOT_ASKED,False,True,False,False,False,True,True
year_2_001309,year_2,NOT_ASKED,False,False,True,False,False,True,True
year_2_001310,year_2,NOT_ASKED,True,False,False,False,False,True,True
year_2_001311,year_2,NOT_ASKED,False,False,True,False,False,True,True
year_2_001312,year_2,NOT_ASKED,,,,,,True,False
year_2_001313,year_2,NOT_ASKED,False,True,False,False,False,True,True
year_2_001314,year_2,NOT_ASKED,True,True,False,False,False,True,True
year_2_001315,year_2,NOT_ASKED,False,True,False,False,False,True,True
year_2_001316,year_2,NOT_ASKED,False,True,False,False,False,True,True
year_2_001317,year_2,NOT_ASKED,False,True,False,False,False,True,True
year_2_001318,year_2,NOT_ASKED,False,True,False,False,False,True,True
year_2_001319,year_2,NOT_PRIORITY,,,,,,True,False
year_2_001320,year_2,NOT_ASKED,False,True,False,False,False,True,True
year_2_001321,year_2,NOT_ASKED,False,True,False,False,False,True,True
year_2_001322,year_2,NOT_ASKED,False,True,False,False,False,True,True
year_2_001323,year_2,NOT_ASKED,False,True,False,False,False,True,True
year_2_001324,year_2,NOT_PRIORITY,,,,,,True,False
year_2_001325,year_2,TOP_PRIORITY_MEDIUM_TERM,,,,,,True,False
year_2_001326,year_2,NOT_ASKED,False,True,False,False,False,True,True
year_2_001327,year_2,DONT_KNOW,,,,,,True,False
year_2_001328,year_2,NOT_PRIORITY,,,,,,True,False
year_2_001329,year_2,NOT_ASKED,,,,,,True,False
year_2_001330,year_2,NOT_ASKED,,,,,,True,False
year_2_001331,year_2,NOT_ASKED,False,False,True,False,False,True,True
year_2_001332,year_2,NOT_PRIORITY,,,,,,True,False
year_2_001333,year_2,NOT_ASKED,False,True,False,False,False,True,True
year_2_001334,year_2,NOT_ASKED,True,False,False,False,False,True,True
year_2_001335,year_2,NOT_ASKED,False,True,False,False,False,True,True
year_2_001336,year_2,NOT_ASKED,False,True,False,False,False,True,True
year_2_001337,year_2,NOT_ASKED,False,True,False,False,False,True,True
year_2_001338,year_2,NOT_ASKED,,,,,,True,False
year_2_001339,year_2,NOT_ASKED,,,,,,True,False
year_2_001340,year_2,NOT_ASKED,False,True,False,False,False,True,True
year_2_001341,year_2,NOT_ASKED,True,False,False,False,False,True,True
year_2_001342,year_2,NOT_ASKED,False,True,False,False,False,True,True
year_2_001343,year_2,NOT_PRIORITY,,,,,,True,False
year_2_001344,year_2,NOT_ASKED,,,,,,True,False
year_2_001345,year_2,NOT_PRIORITY,,,,,,True,False
year_2_001346,year_2,NOT_ASKED,False,True,False,False,False,True,True
year_2_001347,year_2,NOT_ASKED,False,True,False,False,False,True,True
year_2_001348,year_2,SECONDARY_INITIATIVE,,,,,,True,False
year_2_001349,year_2,NOT_ASKED,True,False,True,False,False,True,True
year_2_001350,year_2,NOT_ASKED,False,True,False,False,False,True,True
year_2_001351,year_2,NOT_ASKED,False,True,False,False,False,True,True
year_2_001352,year_2,NOT_PRIORITY,,,,,,True,False
year_2_001353,year_2,NOT_PRIORITY,,,,,,True,False
year_2_001354,year_2,NOT_ASKED,True,False,False,False,False,True,True
year_2_001355,year_2,NOT_ASKED,False,False,False,True,False,True,True
year_2_001356,year_2,NOT_ASKED,False,True,False,False,False,True,True
year_2_001357,year_2,NOT_ASKED,False,False,True,False,False,True,True
year_2_001358,year_2,NOT_ASKED,False,True,False,False,False,True,True
year_2_001359,year_2,NOT_ASKED,False,True,False,False,False,True,True
year_2_001360,year_2,NOT_ASKED,False,True,False,False,False,True,True
year_2_001361,year_2,NOT_ASKED,True,True,False,False,False,True,True
year_2_001362,year_2,NOT_PRIORITY,,,,,,True,False
year_2_001363,year_2,NOT_ASKED,False,True,False,False,False,True,True
year_2_001364,year_2,NOT_ASKED,False,False,True,False,True,True,True
year_2_001365,year_2,NOT_ASKED,False,True,False,False,False,True,True
year_2_001366,year_2,SECONDARY_INITIATIVE,,,,,,True,False
year_2_001367,year_2,NOT_ASKED,False,True,False,False,False,True,True
year_2_001368,year_2,NOT_ASKED,False,True,False,False,False,True,True
year_2_001369,year_2,NOT_ASKED,False,False,False,True,False,True,True
year_2_001370,year_2,NOT_ASKED,False,True,False,False,False,True,True
year_2_001371,year_2,NOT_ASKED,True,False,False,False,False,True,True
year_2_001372,year_2,NOT_ASKED,,,,,,True,False
year_2_001373,year_2,NOT_ASKED,False,True,False,False,False,True,True
year_2_001374,year_2,NOT_ASKED,False,True,False,False,False,True,True
year_2_001375,year_2,NOT_ASKED,False,True,False,False,False,True,True
year_2_001376,year_2,NOT_ASKED,False,False,False,False,True,True,True
year_2_001377,year_2,TOP_PRIORITY_MEDIUM_TERM,,,,,,True,False
year_2_001378,year_2,NOT_ASKED,False,True,False,False,False,True,True
year_2_001379,year_2,NOT_ASKED,True,False,False,False,False,True,True
year_2_001380,year_2,NOT_ASKED,False,True,False,False,False,True,True
year_2_001381,year_2,NOT_ASKED,False,False,False,True,True,True,True
year_2_001382,year_2,NOT_ASKED,False,True,False,False,False,True,True
year_2_001383,year_2,NOT_ASKED,True,False,False,False,False,True,True
year_2_001384,year_2,NOT_ASKED,False,True,False,False,False,True,True
year_2_001385,year_2,NOT_ASKED,False,True,False,False,False,True,True
year_2_001386,year_2,NOT_ASKED,False,True,False,False,False,True,True
year_2_001387,year_2,NOT_ASKED,False,True,False,False,False,True,True
year_2_001388,year_2,NOT_ASKED,,,,,,True,False
year_2_001389,year_2,NOT_ASKED,False,False,False,False,True,True,True
year_2_001390,year_2,NOT_ASKED,False,True,False,False,False,True,True
year_2_001391,year_2,NOT_ASKED,False,True,False,False,False,True,True
year_2_001392,year_2,NOT_ASKED,True,False,False,False,False,True,True
year_2_001393,year_2,DONT_KNOW,,,,,,True,False
year_2_001394,year_2,NOT_ASKED,False,True,False,False,False,True,True
year_2_001395,year_2,NOT_ASKED,True,False,False,False,False,True,True
year_2_001396,year_2,NOT_ASKED,,,,,,True,False
year_2_001397,year_2,NOT_ASKED,,,,,,True,False
year_2_001398,year_2,NOT_ASKED,False,False,False,False,True,True,True
year_2_001399,year_2,NOT_ASKED,False,False,False,False,True,True,True
year_2_001400,year_2,NOT_ASKED,False,False,False,False,True,True,True
year_2_001401,year_2,NOT_ASKED,False,True,False,False,False,True,True
year_2_001402,year_2,NOT_ASKED,True,False,False,False,False,True,True
year_2_001403,year_2,NOT_ASKED,False,False,True,False,True,True,True
year_2_001404,year_2,NOT_ASKED,False,True,False,False,False,True,True
year_2_001405,year_2,SECONDARY_INITIATIVE,,,,,,True,False
year_2_001406,year_2,NOT_ASKED,,,,,,True,False
year_2_001407,year_2,NOT_ASKED,False,True,False,False,False,True,True
year_2_001408,year_2,NOT_ASKED,False,False,False,False,True,True,True
year_2_001409,year_2,NOT_ASKED,False,True,False,False,False,True,True
year_2_001410,year_2,NOT_ASKED,True,False,False,False,False,True,True
year_2_001411,year_2,NOT_ASKED,False,True,False,False,False,True,True
year_2_001412,year_2,NOT_ASKED,False,False,False,True,False,True,True
year_2_001413,year_2,NOT_ASKED,,,,,,True,False
year_2_001414,year_2,NOT_ASKED,,,,,,True,False
year_2_001415,year_2,SECONDARY_INITIATIVE,,,,,,True,False
year_2_001416,year_2,NOT_ASKED,False,True,False,False,False,True,True
year_2_001417,year_2,NOT_ASKED,False,True,False,False,False,True,True
year_2_001418,year_2,NOT_ASKED,False,False,True,False,True,True,True
year_2_001419,year_2,NOT_PRIORITY,,,,,,True,False
year_2_001420,year_2,NOT_ASKED,True,False,False,False,False,True,True
year_2_001421,year_2,NOT_ASKED,True,False,False,False,False,True,True
year_2_001422,year_2,NOT_ASKED,False,False,True,False,False,True,True
year_2_001423,year_2,NOT_ASKED,False,True,False,False,False,True,True
year_2_001424,year_2,NOT_ASKED,False,False,False,True,False,True,True
year_2_001425,year_2,NOT_ASKED,False,True,False,False,False,True,True
year_2_001426,year_2,NOT_ASKED,False,True,False,False,False,True,True
year_2_001427,year_2,NOT_ASKED,False,False,False,True,False,True,True
year_2_001428,year_2,TOP_PRIORITY_MAIN,,,,,,True,False
year_2_001429,year_2,NOT_ASKED,False,True,False,False,False,True,True
year_2_001430,year_2,NOT_ASKED,,,,,,True,False
year_2_001431,year_2,NOT_ASKED,False,True,False,False,False,True,True
year_2_001432,year_2,NOT_ASKED,False,False,False,False,True,True,True
year_2_001433,year_2,NOT_ASKED,True,False,False,False,False,True,True
year_2_001434,year_2,NOT_ASKED,False,True,False,False,False,True,True
year_2_001435,year_2,NOT_ASKED,True,False,False,False,False,True,True
year_2_001436,year_2,TOP_PRIORITY_MEDIUM_TERM,,,,,,True,False
year_2_001437,year_2,NOT_ASKED,True,False,False,False,False,True,True
year_2_001438,year_2,NOT_ASKED,False,True,False,False,False,True,True
year_2_001439,year_2,NOT_ASKED,,,,,,True,False
year_2_001440,year_2,NOT_ASKED,False,True,False,False,False,True,True
year_2_001441,year_2,NOT_ASKED,False,True,False,False,False,True,True
year_2_001442,year_2,NOT_ASKED,False,True,False,False,False,True,True
year_2_001443,year_2,NOT_ASKED,False,False,True,False,False,True,True
year_2_001444,year_2,NOT_ASKED,False,True,False,False,False,True,True
year_2_001445,year_2,NOT_ASKED,False,True,False,False,True,True,True
year_2_001446,year_2,NOT_ASKED,False,False,True,False,False,True,True
year_2_001447,year_2,NOT_ASKED,False,True,False,False,False,True,True
year_2_001448,year_2,NOT_PRIORITY,,,,,,True,False
year_2_001449,year_2,NOT_ASKED,True,False,False,False,False,True,True
year_2_001450,year_2,NOT_ASKED,False,True,False,False,True,True,True
year_2_001451,year_2,NOT_ASKED,False,True,False,False,False,True,True
year_2_001452,year_2,NOT_ASKED,False,False,False,False,True,True,True
year_2_001453,year_2,TOP_PRIORITY_MEDIUM_TERM,,,,,,True,False
year_2_001454,year_2,NOT_ASKED,True,False,False,False,False,True,True
year_2_001455,year_2,SECONDARY_INITIATIVE,,,,,,True,False
year_2_001456,year_2,NOT_ASKED,False,True,False,False,False,True,True
year_2_001457,year_2,NOT_ASKED,,,,,,True,False
year_2_001458,year_2,NOT_ASKED,False,True,False,False,False,True,True
year_2_001459,year_2,NOT_ASKED,False,True,False,False,False,True,True
year_2_001460,year_2,SECONDARY_INITIATIVE,,,,,,True,False
year_2_001461,year_2,NOT_ASKED,False,True,False,False,False,True,True
year_2_001462,year_2,NOT_ASKED,False,True,False,False,False,True,True
year_2_001463,year_2,NOT_ASKED,,,,,,True,False
year_2_001464,year_2,NOT_ASKED,,,,,,True,False
year_2_001465,year_2,NOT_ASKED,False,True,False,False,False,True,True
year_2_001466,year_2,NOT_ASKED,False,True,False,False,False,True,True
year_2_001467,year_2,NOT_ASKED,False,True,False,False,False,True,True
year_2_001468,year_2,TOP_PRIORITY_MEDIUM_TERM,,,,,,True,False
year_2_001469,year_2,NOT_ASKED,True,False,False,False,False,True,True
year_2_001470,year_2,NOT_ASKED,,,,,,True,False
year_2_001471,year_2,NOT_ASKED,False,True,False,False,False,True,True
year_2_001472,year_2,NOT_ASKED,False,True,False,False,True,True,True
year_2_001473,year_2,NOT_ASKED,False,True,False,False,False,True,True
year_2_001474,year_2,NOT_ASKED,True,False,False,False,False,True,True
year_2_001475,year_2,NOT_ASKED,False,True,False,False,False,True,True
year_2_001476,year_2,NOT_ASKED,False,True,False,False,False,True,True
year_2_001477,year_2,NOT_ASKED,True,False,False,False,False,True,True
year_2_001478,year_2,NOT_ASKED,True,False,False,False,False,True,True
year_2_001479,year_2,NOT_ASKED,False,False,True,False,True,True,True
year_2_001480,year_2,NOT_ASKED,False,True,False,False,False,True,True
year_2_001481,year_2,SECONDARY_INITIATIVE,,,,,,True,False
year_2_001482,year_2,NOT_ASKED,False,True,False,False,False,True,True
year_2_001483,year_2,NOT_ASKED,False,True,False,False,True,True,True
year_2_001484,year_2,NOT_ASKED,,,,,,True,False
year_2_001485,year_2,NOT_ASKED,False,False,False,False,True,True,True
year_2_001486,year_2,DONT_KNOW,,,,,,True,False
year_2_001487,year_2,NOT_ASKED,,,,,,True,False
year_2_001488,year_2,SECONDARY_INITIATIVE,,,,,,True,False
year_2_001489,year_2,NOT_ASKED,False,True,False,False,False,True,True
year_2_001490,year_2,NOT_ASKED,False,True,False,False,False,True,True
year_2_001491,year_2,NOT_ASKED,True,False,False,False,False,True,True
year_2_001492,year_2,NOT_ASKED,False,True,False,False,False,True,True
year_2_001493,year_2,NOT_ASKED,False,True,False,False,False,True,True
year_2_001494,year_2,NOT_ASKED,,,,,,True,False
year_2_001495,year_2,NOT_ASKED,False,True,False,False,False,True,True
year_2_001496,year_2,NOT_ASKED,True,False,False,False,False,True,True
year_2_001497,year_2,NOT_ASKED,True,False,False,False,False,True,True
year_2_001498,year_2,NOT_ASKED,False,True,False,False,False,True,True
year_2_001499,year_2,NOT_ASKED,False,True,False,False,False,True,True
year_2_001500,year_2,NOT_ASKED,False,True,False,False,False,True,True
year_2_001501,year_2,NOT_ASKED,,,,,,True,False
year_2_001502,year_2,NOT_ASKED,True,False,False,False,False,True,True
year_2_001503,year_2,NOT_ASKED,False,False,False,True,False,True,True
year_2_001504,year_2,NOT_ASKED,,,,,,True,False
year_2_001505,year_2,NOT_ASKED,,,,,,True,False
year_2_001506,year_2,NOT_ASKED,True,False,False,False,False,True,True
year_2_001507,year_2,NOT_ASKED,True,True,False,False,False,True,True
year_2_001508,year_2,TOP_PRIORITY_MEDIUM_TERM,,,,,,True,False
year_2_001509,year_2,NOT_ASKED,False,True,False,False,False,True,True
year_2_001510,year_2,TOP_PRIORITY_MEDIUM_TERM,,,,,,True,False
year_2_001511,year_2,NOT_ASKED,False,False,True,False,True,True,True
year_2_001512,year_2,NOT_ASKED,False,True,False,False,False,True,True
year_2_001513,year_2,NOT_ASKED,False,True,False,False,False,True,True
year_2_001514,year_2,DONT_KNOW,,,,,,True,False
year_2_001515,year_2,NOT_ASKED,False,True,False,False,False,True,True
year_2_001516,year_2,NOT_ASKED,False,True,False,False,False,True,True
year_2_001517,year_2,NOT_ASKED,False,True,False,False,False,True,True
year_2_001518,year_2,NOT_ASKED,False,False,False,False,True,True,True
year_2_001519,year_2,SECONDARY_INITIATIVE,,,,,,True,False
year_2_001520,year_2,TOP_PRIORITY_MEDIUM_TERM,,,,,,True,False
year_2_001521,year_2,NOT_ASKED,False,True,False,False,False,True,True
year_2_001522,year_2,NOT_ASKED,False,True,False,False,False,True,True
year_2_001523,year_2,NOT_ASKED,False,False,False,True,True,True,True
year_2_001524,year_2,NOT_ASKED,False,True,False,False,False,True,True
year_2_001525,year_2,NOT_ASKED,False,True,False,False,False,True,True
year_2_001526,year_2,NOT_ASKED,,,,,,True,False
year_2_001527,year_2,NOT_ASKED,True,False,False,False,False,True,True
year_2_001528,year_2,NOT_ASKED,False,True,False,False,False,True,True
year_2_001529,year_2,NOT_ASKED,False,True,False,False,False,True,True
year_2_001530,year_2,NOT_ASKED,False,True,False,False,False,True,True
year_2_001531,year_2,NOT_ASKED,False,True,False,False,False,True,True
year_2_001532,year_2,NOT_ASKED,False,True,False,False,False,True,True
year_2_001533,year_2,NOT_ASKED,False,True,False,False,False,True,True
year_2_001534,year_2,NOT_ASKED,False,True,False,False,False,True,True
year_2_001535,year_2,NOT_PRIORITY,,,,,,True,False
year_2_001536,year_2,NOT_ASKED,True,False,False,False,False,True,True
year_2_001537,year_2,NOT_ASKED,False,True,False,False,False,True,True
year_2_001538,year_2,NOT_PRIORITY,,,,,,True,False
year_2_001539,year_2,SECONDARY_INITIATIVE,,,,,,True,False
year_2_001540,year_2,NOT_ASKED,False,False,True,False,True,True,True
year_2_001541,year_2,NOT_ASKED,False,False,True,False,False,True,True
year_2_001542,year_2,NOT_ASKED,True,False,False,False,False,True,True
year_2_001543,year_2,TOP_PRIORITY_MAIN,,,,,,True,False
year_2_001544,year_2,NOT_ASKED,,,,,,True,False
year_2_001545,year_2,NOT_ASKED,False,True,False,False,False,True,True
year_2_001546,year_2,NOT_PRIORITY,,,,,,True,False
year_2_001547,year_2,NOT_ASKED,False,True,False,False,False,True,True
year_2_001548,year_2,NOT_ASKED,,,,,,True,False
year_2_001549,year_2,NOT_ASKED,True,False,False,False,False,True,True
year_2_001550,year_2,NOT_ASKED,,,,,,True,False
year_2_001551,year_2,NOT_ASKED,False,True,False,False,False,True,True
year_2_001552,year_2,NOT_ASKED,False,False,True,False,False,True,True
year_2_001553,year_2,NOT_ASKED,,,,,,True,False
year_2_001554,year_2,NOT_ASKED,False,True,False,False,False,True,True
year_2_001555,year_2,SECONDARY_INITIATIVE,,,,,,True,False
year_2_001556,year_2,NOT_PRIORITY,,,,,,True,False
year_2_001557,year_2,NOT_ASKED,,,,,,True,False
year_2_001558,year_2,NOT_ASKED,False,True,False,False,False,True,True
year_2_001559,year_2,NOT_ASKED,False,True,False,False,False,True,True
year_2_001560,year_2,NOT_ASKED,False,False,False,True,False,True,True
year_2_001561,year_2,NOT_ASKED,False,True,False,False,False,True,True
year_2_001562,year_2,NOT_ASKED,False,False,True,False,False,True,True
year_2_001563,year_2,NOT_ASKED,,,,,,True,False
year_2_001564,year_2,NOT_ASKED,False,True,False,False,False,True,True
year_2_001565,year_2,NOT_ASKED,,,,,,True,False
year_2_001566,year_2,NOT_PRIORITY,,,,,,True,False
year_2_001567,year_2,NOT_ASKED,False,True,False,False,False,True,True
year_2_001568,year_2,NOT_ASKED,False,True,False,False,False,True,True
year_2_001569,year_2,NOT_ASKED,False,True,False,False,False,True,True
year_2_001570,year_2,NOT_ASKED,False,True,False,False,False,True,True
year_2_001571,year_2,NOT_ASKED,False,False,True,False,False,True,True
year_2_001572,year_2,NOT_ASKED,True,False,False,False,False,True,True
year_2_001573,year_2,NOT_ASKED,True,False,False,False,False,True,True
year_2_001574,year_2,NOT_ASKED,True,False,False,False,False,True,True
year_2_001575,year_2,NOT_ASKED,True,False,False,False,False,True,True
year_2_001576,year_2,NOT_ASKED,True,False,False,False,False,True,True
year_2_001577,year_2,NOT_ASKED,,,,,,True,False
year_2_001578,year_2,NOT_ASKED,True,False,False,False,False,True,True
year_2_001579,year_2,NOT_ASKED,,,,,,True,False
year_2_001580,year_2,NOT_ASKED,False,True,False,False,False,True,True
year_2_001581,year_2,NOT_ASKED,,,,,,True,False
year_2_001582,year_2,NOT_ASKED,False,True,False,False,False,True,True
year_2_001583,year_2,NOT_ASKED,False,True,False,False,False,True,True
year_2_001584,year_2,NOT_ASKED,False,False,True,False,False,True,True
year_2_001585,year_2,NOT_ASKED,False,True,False,False,False,True,True
year_2_001586,year_2,TOP_PRIORITY_MEDIUM_TERM,,,,,,True,False
year_2_001587,year_2,NOT_ASKED,False,True,False,False,False,True,True
year_2_001588,year_2,NOT_ASKED,False,True,False,False,False,True,True
year_2_001589,year_2,NOT_ASKED,False,True,False,False,False,True,True
year_2_001590,year_2,TOP_PRIORITY_MEDIUM_TERM,,,,,,True,False
year_2_001591,year_2,NOT_ASKED,True,False,False,False,False,True,True
year_2_001592,year_2,NOT_ASKED,True,False,False,False,False,True,True
year_2_001593,year_2,NOT_ASKED,False,True,False,False,False,True,True
year_2_001594,year_2,NOT_ASKED,False,True,False,False,False,True,True
year_2_001595,year_2,NOT_ASKED,False,False,True,False,False,True,True
year_2_001596,year_2,TOP_PRIORITY_MAIN,,,,,,True,False
year_2_001597,year_2,NOT_ASKED,False,False,False,False,True,True,True
year_2_001598,year_2,NOT_ASKED,,,,,,True,False
year_2_001599,year_2,NOT_ASKED,True,False,False,False,False,True,True
year_2_001600,year_2,NOT_ASKED,,,,,,True,False
year_2_001601,year_2,NOT_ASKED,False,True,False,False,False,True,True
year_2_001602,year_2,NOT_ASKED,,,,,,True,False
year_2_001603,year_2,NOT_ASKED,False,True,False,False,False,True,True
year_2_001604,year_2,NOT_ASKED,False,True,False,False,False,True,True
year_2_001605,year_2,NOT_ASKED,False,False,False,False,True,True,True
year_2_001606,year_2,NOT_ASKED,False,True,False,False,False,True,True
year_2_001607,year_2,TOP_PRIORITY_MEDIUM_TERM,,,,,,True,False
year_2_001608,year_2,NOT_ASKED,False,True,False,False,False,True,True
year_2_001609,year_2,NOT_ASKED,,,,,,True,False
year_2_001610,year_2,NOT_ASKED,False,False,False,True,True,True,True
year_2_001611,year_2,TOP_PRIORITY_MAIN,,,,,,True,False
year_2_001612,year_2,NOT_ASKED,,,,,,True,False
year_2_001613,year_2,NOT_ASKED,True,False,False,False,False,True,True
year_2_001614,year_2,NOT_ASKED,False,False,True,True,False,True,True
year_2_001615,year_2,NOT_ASKED,True,False,False,False,False,True,True
year_2_001616,year_2,NOT_ASKED,False,True,False,False,False,True,True
year_2_001617,year_2,DONT_KNOW,,,,,,True,False
year_2_001618,year_2,NOT_ASKED,False,True,False,False,False,True,True
year_2_001619,year_2,NOT_ASKED,False,True,False,False,False,True,True
year_2_001620,year_2,NOT_ASKED,False,True,False,False,False,True,True
year_2_001621,year_2,NOT_PRIORITY,,,,,,True,False
year_2_001622,year_2,NOT_ASKED,,,,,,True,False
year_2_001623,year_2,NOT_ASKED,False,True,False,False,False,True,True
year_2_001624,year_2,NOT_ASKED,False,False,True,False,False,True,True
year_2_001625,year_2,SECONDARY_INITIATIVE,,,,,,True,False
year_2_001626,year_2,SECONDARY_INITIATIVE,,,,,,True,False
year_2_001627,year_2,NOT_ASKED,,,,,,True,False
year_2_001628,year_2,NOT_ASKED,True,False,False,False,False,True,True
year_2_001629,year_2,NOT_ASKED,False,True,False,False,False,True,True
year_2_001630,year_2,NOT_ASKED,False,True,False,False,False,True,True
year_2_001631,year_2,NOT_ASKED,False,True,False,False,False,True,True
year_2_001632,year_2,NOT_ASKED,True,False,False,False,False,True,True
year_2_001633,year_2,SECONDARY_INITIATIVE,,,,,,True,False
year_2_001634,year_2,NOT_ASKED,True,False,False,False,False,True,True
year_2_001635,year_2,NOT_ASKED,False,True,False,False,False,True,True
year_2_001636,year_2,NOT_ASKED,False,True,False,False,False,True,True
year_2_001637,year_2,NOT_ASKED,False,True,False,False,False,True,True
year_2_001638,year_2,NOT_ASKED,False,True,False,False,False,True,True
year_2_001639,year_2,NOT_ASKED,False,True,False,False,False,True,True
year_2_001640,year_2,NOT_ASKED,True,False,False,False,False,True,True
year_2_001641,year_2,NOT_ASKED,True,False,False,False,False,True,True
year_2_001642,year_2,NOT_ASKED,False,True,False,False,False,True,True
year_2_001643,year_2,NOT_ASKED,False,True,False,False,False,True,True
year_2_001644,year_2,SECONDARY_INITIATIVE,,,,,,True,False
year_2_001645,year_2,NOT_ASKED,False,True,False,False,False,True,True
year_2_001646,year_2,NOT_ASKED,False,True,False,False,False,True,True
year_2_001647,year_2,NOT_ASKED,True,False,False,False,False,True,True
year_2_001648,year_2,NOT_ASKED,False,True,False,False,False,True,True
year_2_001649,year_2,NOT_ASKED,True,False,False,False,False,True,True
year_2_001650,year_2,NOT_ASKED,True,False,False,False,False,True,True
year_2_001651,year_2,NOT_ASKED,,,,,,True,False
year_2_001652,year_2,NOT_ASKED,True,False,False,False,False,True,True
year_2_001653,year_2,NOT_ASKED,True,False,False,False,False,True,True
year_2_001654,year_2,NOT_PRIORITY,,,,,,True,False
year_2_001655,year_2,TOP_PRIORITY_MEDIUM_TERM,,,,,,True,False
year_2_001656,year_2,NOT_ASKED,False,True,False,False,False,True,True
year_2_001657,year_2,NOT_ASKED,False,True,False,False,False,True,True
year_2_001658,year_2,NOT_ASKED,False,True,False,False,False,True,True
year_2_001659,year_2,SECONDARY_INITIATIVE,,,,,,True,False
year_2_001660,year_2,NOT_ASKED,False,True,False,False,False,True,True
year_2_001661,year_2,NOT_PRIORITY,,,,,,True,False
year_2_001662,year_2,NOT_ASKED,,,,,,True,False
year_2_001663,year_2,NOT_ASKED,True,False,False,False,False,True,True
year_2_001664,year_2,NOT_ASKED,False,False,True,False,False,True,True
year_2_001665,year_2,NOT_ASKED,True,True,False,False,False,True,True
year_2_001666,year_2,NOT_ASKED,False,True,False,False,False,True,True
year_2_001667,year_2,NOT_ASKED,False,True,False,False,False,True,True
year_2_001668,year_2,NOT_ASKED,,,,,,True,False
year_2_001669,year_2,NOT_ASKED,True,False,False,False,False,True,True
year_2_001670,year_2,NOT_ASKED,False,True,False,False,False,True,True
year_2_001671,year_2,NOT_ASKED,False,True,False,False,False,True,True
year_2_001672,year_2,NOT_ASKED,False,False,False,True,False,True,True
year_2_001673,year_2,NOT_ASKED,True,False,False,False,False,True,True
year_2_001674,year_2,NOT_ASKED,False,True,False,False,True,True,True
year_2_001675,year_2,NOT_ASKED,False,True,False,False,False,True,True
year_2_001676,year_2,NOT_ASKED,False,True,False,False,False,True,True
year_2_001677,year_2,NOT_ASKED,False,True,False,False,False,True,True
year_2_001678,year_2,NOT_PRIORITY,,,,,,True,False
year_2_001679,year_2,NOT_ASKED,False,True,False,False,False,True,True
year_2_001680,year_2,NOT_ASKED,False,True,False,False,False,True,True
year_2_001681,year_2,NOT_ASKED,False,True,False,False,False,True,True
year_2_001682,year_2,NOT_PRIORITY,,,,,,True,False
year_2_001683,year_2,NOT_ASKED,False,True,False,False,False,True,True
year_2_001684,year_2,NOT_ASKED,False,True,False,False,True,True,True
year_2_001685,year_2,SECONDARY_INITIATIVE,,,,,,True,False
year_2_001686,year_2,NOT_ASKED,False,True,False,False,False,True,True
year_2_001687,year_2,TOP_PRIORITY_MEDIUM_TERM,,,,,,True,False
year_2_001688,year_2,NOT_ASKED,False,True,False,False,True,True,True
year_2_001689,year_2,NOT_ASKED,False,False,True,False,False,True,True
year_2_001690,year_2,NOT_ASKED,False,True,False,False,False,True,True
year_2_001691,year_2,NOT_ASKED,True,False,False,False,False,True,True
year_2_001692,year_2,NOT_ASKED,False,True,False,False,False,True,True
year_2_001693,year_2,NOT_ASKED,False,True,False,False,False,True,True
year_2_001694,year_2,NOT_ASKED,False,False,False,False,True,True,True
year_2_001695,year_2,NOT_ASKED,True,False,False,False,False,True,True
year_2_001696,year_2,NOT_ASKED,False,True,False,False,False,True,True
year_2_001697,year_2,NOT_ASKED,False,True,False,False,False,True,True
year_2_001698,year_2,NOT_ASKED,True,False,False,False,False,True,True
year_2_001699,year_2,NOT_PRIORITY,,,,,,True,False
year_2_001700,year_2,NOT_ASKED,False,True,False,False,False,True,True
year_2_001701,year_2,NOT_PRIORITY,,,,,,True,False
year_2_001702,year_2,NOT_ASKED,True,False,False,False,False,True,True
year_2_001703,year_2,NOT_ASKED,True,False,False,False,False,True,True
year_2_001704,year_2,NOT_ASKED,False,True,False,False,False,True,True
year_2_001705,year_2,NOT_ASKED,False,True,False,False,False,True,True
year_2_001706,year_2,NOT_ASKED,False,True,False,False,False,True,True
year_2_001707,year_2,NOT_PRIORITY,,,,,,True,False
year_2_001708,year_2,NOT_ASKED,False,True,False,False,False,True,True
year_2_001709,year_2,TOP_PRIORITY_MAIN,,,,,,True,False
year_2_001710,year_2,NOT_ASKED,False,True,False,False,False,True,True
year_2_001711,year_2,NOT_ASKED,,,,,,True,False
year_2_001712,year_2,NOT_ASKED,False,True,False,False,False,True,True
year_2_001713,year_2,NOT_ASKED,,,,,,True,False
year_2_001714,year_2,NOT_PRIORITY,,,,,,True,False
year_2_001715,year_2,NOT_ASKED,,,,,,True,False
year_2_001716,year_2,NOT_ASKED,,,,,,True,False
year_2_001717,year_2,SECONDARY_INITIATIVE,,,,,,True,False
year_2_001718,year_2,SECONDARY_INITIATIVE,,,,,,True,False
year_2_001719,year_2,NOT_ASKED,False,True,False,False,False,True,True
year_2_001720,year_2,NOT_PRIORITY,,,,,,True,False
year_2_001721,year_2,NOT_ASKED,False,False,False,True,True,True,True
year_2_001722,year_2,NOT_ASKED,False,True,False,False,False,True,True
year_2_001723,year_2,NOT_ASKED,False,True,False,False,False,True,True
year_2_001724,year_2,NOT_ASKED,False,True,False,False,False,True,True
year_2_001725,year_2,NOT_ASKED,False,True,False,False,False,True,True
year_2_001726,year_2,NOT_ASKED,,,,,,True,False
year_2_001727,year_2,SECONDARY_INITIATIVE,,,,,,True,False
year_2_001728,year_2,NOT_ASKED,True,False,False,False,False,True,True
year_2_001729,year_2,NOT_ASKED,False,True,False,False,False,True,True
year_2_001730,year_2,NOT_ASKED,False,True,False,False,True,True,True
year_2_001731,year_2,NOT_ASKED,False,True,False,False,False,True,True
year_2_001732,year_2,NOT_ASKED,False,True,False,False,False,True,True
year_2_001733,year_2,NOT_ASKED,False,True,False,False,True,True,True
year_2_001734,year_2,NOT_ASKED,False,True,False,False,False,True,True
year_2_001735,year_2,NOT_ASKED,False,True,False,False,False,True,True
year_2_001736,year_2,NOT_ASKED,False,False,False,False,True,True,True
year_2_001737,year_2,NOT_ASKED,False,False,False,False,True,True,True
year_2_001738,year_2,NOT_ASKED,,,,,,True,False
year_2_001739,year_2,NOT_ASKED,False,True,False,False,False,True,True
year_2_001740,year_2,NOT_ASKED,True,False,False,False,False,True,True
year_2_001741,year_2,NOT_ASKED,True,False,False,False,False,True,True
year_2_001742,year_2,NOT_ASKED,False,False,False,False,True,True,True
year_2_001743,year_2,NOT_ASKED,False,True,False,False,False,True,True
year_2_001744,year_2,TOP_PRIORITY_MEDIUM_TERM,,,,,,True,False
year_2_001745,year_2,NOT_ASKED,False,True,False,False,False,True,True
year_2_001746,year_2,DONT_KNOW,,,,,,True,False
year_2_001747,year_2,NOT_ASKED,False,False,True,False,False,True,True
year_2_001748,year_2,NOT_PRIORITY,,,,,,True,False
year_2_001749,year_2,NOT_ASKED,False,False,False,False,True,True,True
year_2_001750,year_2,NOT_ASKED,False,True,False,False,False,True,True
year_2_001751,year_2,NOT_ASKED,False,True,False,False,False,True,True
year_2_001752,year_2,NOT_ASKED,,,,,,True,False
year_2_001753,year_2,TOP_PRIORITY_MEDIUM_TERM,,,,,,True,False
year_2_001754,year_2,TOP_PRIORITY_MAIN,,,,,,True,False
year_2_001755,year_2,NOT_ASKED,False,False,False,False,True,True,True
year_2_001756,year_2,NOT_ASKED,True,False,False,False,False,True,True
year_2_001757,year_2,NOT_ASKED,,,,,,True,False
year_2_001758,year_2,NOT_ASKED,True,False,False,False,False,True,True
year_2_001759,year_2,NOT_ASKED,False,True,False,False,False,True,True
year_2_001760,year_2,SECONDARY_INITIATIVE,,,,,,True,False
year_2_001761,year_2,NOT_ASKED,,,,,,True,False
year_2_001762,year_2,NOT_ASKED,False,True,False,False,False,True,True
year_2_001763,year_2,NOT_ASKED,False,True,False,False,False,True,True
year_2_001764,year_2,NOT_ASKED,False,True,False,False,False,True,True
year_2_001765,year_2,NOT_PRIORITY,,,,,,True,False
year_2_001766,year_2,NOT_ASKED,False,True,False,False,False,True,True
year_2_001767,year_2,NOT_ASKED,False,True,False,False,False,True,True
year_2_001768,year_2,NOT_ASKED,False,True,False,False,False,True,True
year_2_001769,year_2,NOT_ASKED,False,True,False,False,False,True,True
year_2_001770,year_2,TOP_PRIORITY_MAIN,,,,,,True,False
year_2_001771,year_2,SECONDARY_INITIATIVE,,,,,,True,False
year_2_001772,year_2,NOT_ASKED,False,True,False,False,False,True,True
year_2_001773,year_2,TOP_PRIORITY_MEDIUM_TERM,,,,,,True,False
year_2_001774,year_2,NOT_ASKED,False,True,False,False,False,True,True
year_2_001775,year_2,NOT_ASKED,False,True,False,False,False,True,True
year_2_001776,year_2,TOP_PRIORITY_MAIN,,,,,,True,False
year_2_001777,year_2,NOT_ASKED,True,False,False,False,False,True,True
year_2_001778,year_2,NOT_ASKED,True,True,False,False,False,True,True
year_2_001779,year_2,NOT_ASKED,False,True,False,False,False,True,True
year_2_001780,year_2,NOT_ASKED,False,False,True,True,False,True,True
year_2_001781,year_2,SECONDARY_INITIATIVE,,,,,,True,False
year_2_001782,year_2,NOT_ASKED,True,False,False,False,False,True,True
year_2_001783,year_2,NOT_ASKED,,,,,,True,False
year_2_001784,year_2,NOT_ASKED,False,False,True,False,False,True,True
year_2_001785,year_2,NOT_ASKED,True,False,False,False,False,True,True
year_2_001786,year_2,NOT_ASKED,True,False,False,False,False,True,True
year_2_001787,year_2,NOT_ASKED,False,True,False,False,False,True,True
year_2_001788,year_2,NOT_ASKED,,,,,,True,False
year_2_001789,year_2,NOT_ASKED,False,True,False,False,False,True,True
year_2_001790,year_2,NOT_ASKED,False,True,False,False,False,True,True
year_2_001791,year_2,NOT_ASKED,False,False,True,False,False,True,True
year_2_001792,year_2,NOT_ASKED,False,False,True,False,False,True,True
year_2_001793,year_2,NOT_ASKED,False,True,False,False,False,True,True
year_2_001794,year_2,NOT_ASKED,False,True,False,False,False,True,True
year_2_001795,year_2,NOT_ASKED,False,True,False,False,False,True,True
year_2_001796,year_2,NOT_ASKED,True,False,False,False,False,True,True
year_2_001797,year_2,NOT_ASKED,True,False,False,False,False,True,True
year_2_001798,year_2,NOT_ASKED,,,,,,True,False
year_2_001799,year_2,NOT_ASKED,True,False,False,False,False,True,True
year_2_001800,year_2,NOT_ASKED,False,True,False,False,False,True,True
year_2_001801,year_2,NOT_ASKED,True,False,False,False,False,True,True
year_2_001802,year_2,NOT_PRIORITY,,,,,,True,False
year_2_001803,year_2,NOT_ASKED,,,,,,True,False
year_2_001804,year_2,NOT_ASKED,False,True,False,False,False,True,True
year_2_001805,year_2,NOT_ASKED,,,,,,True,False
year_2_001806,year_2,NOT_ASKED,False,True,False,False,True,True,True
year_2_001807,year_2,NOT_ASKED,False,True,False,False,False,True,True
year_2_001808,year_2,NOT_ASKED,False,True,False,False,False,True,True
year_2_001809,year_2,NOT_ASKED,False,False,False,False,True,True,True
year_2_001810,year_2,NOT_ASKED,False,True,False,False,False,True,True
year_2_001811,year_2,NOT_PRIORITY,,,,,,True,False
year_2_001812,year_2,NOT_ASKED,False,False,False,False,True,True,True
year_2_001813,year_2,TOP_PRIORITY_MAIN,,,,,,True,False
year_2_001814,year_2,NOT_ASKED,False,False,True,False,True,True,True
year_2_001815,year_2,NOT_ASKED,False,True,False,False,False,True,True
year_2_001816,year_2,NOT_ASKED,False,False,False,True,False,True,True
year_2_001817,year_2,SECONDARY_INITIATIVE,,,,,,True,False
year_2_001818,year_2,NOT_ASKED,False,True,False,False,False,True,True
year_2_001819,year_2,DONT_KNOW,,,,,,True,False
year_2_001820,year_2,NOT_ASKED,False,True,False,False,False,True,True
year_2_001821,year_2,NOT_ASKED,False,True,False,False,False,True,True
year_2_001822,year_2,DONT_KNOW,,,,,,True,False
year_2_001823,year_2,NOT_ASKED,False,True,False,False,False,True,True
year_2_001824,year_2,NOT_ASKED,False,False,True,False,False,True,True
year_2_001825,year_2,NOT_ASKED,False,True,False,False,False,True,True
year_2_001826,year_2,NOT_ASKED,False,False,False,True,False,True,True
year_2_001827,year_2,NOT_ASKED,True,False,False,False,False,True,True
year_2_001828,year_2,SECONDARY_INITIATIVE,,,,,,True,False
year_2_001829,year_2,NOT_ASKED,False,True,False,False,False,True,True
year_2_001830,year_2,NOT_ASKED,False,True,False,False,False,True,True
year_2_001831,year_2,NOT_ASKED,False,True,False,False,False,True,True
year_2_001832,year_2,TOP_PRIORITY_MAIN,,,,,,True,False
year_2_001833,year_2,NOT_PRIORITY,,,,,,True,False
year_2_001834,year_2,NOT_ASKED,False,True,False,False,False,True,True
year_2_001835,year_2,NOT_ASKED,,,,,,True,False
year_2_001836,year_2,NOT_ASKED,True,False,False,False,False,True,True
year_2_001837,year_2,NOT_ASKED,False,True,False,False,False,True,True
year_2_001838,year_2,NOT_ASKED,True,False,False,False,False,True,True
year_2_001839,year_2,NOT_ASKED,False,True,False,False,False,True,True
year_2_001840,year_2,NOT_ASKED,,,,,,True,False
year_2_001841,year_2,NOT_ASKED,False,False,True,True,False,True,True
year_2_001842,year_2,NOT_ASKED,False,True,False,False,False,True,True
year_2_001843,year_2,NOT_ASKED,False,True,False,False,False,True,True
year_2_001844,year_2,TOP_PRIORITY_MEDIUM_TERM,,,,,,True,False
year_2_001845,year_2,NOT_ASKED,,,,,,True,False
year_2_001846,year_2,NOT_ASKED,False,True,False,False,False,True,True
year_2_001847,year_2,NOT_ASKED,False,True,False,False,False,True,True
year_2_001848,year_2,NOT_ASKED,False,False,False,False,True,True,True
year_2_001849,year_2,NOT_ASKED,,,,,,True,False
year_2_001850,year_2,NOT_ASKED,False,True,False,False,False,True,True
year_2_001851,year_2,NOT_ASKED,False,True,False,False,False,True,True
year_2_001852,year_2,NOT_ASKED,False,True,False,False,False,True,True
year_2_001853,year_2,NOT_ASKED,False,True,False,False,False,True,True
year_2_001854,year_2,NOT_ASKED,,,,,,True,False
year_2_001855,year_2,NOT_ASKED,False,True,False,False,False,True,True
year_2_001856,year_2,NOT_ASKED,False,True,False,False,False,True,True
year_2_001857,year_2,NOT_ASKED,False,True,False,False,False,True,True
year_2_001858,year_2,NOT_ASKED,False,True,False,False,False,True,True
year_2_001859,year_2,DONT_KNOW,,,,,,True,False
year_2_001860,year_2,NOT_ASKED,True,False,False,False,False,True,True
year_2_001861,year_2,NOT_ASKED,False,True,False,False,False,True,True
year_2_001862,year_2,NOT_PRIORITY,,,,,,True,False
year_2_001863,year_2,NOT_ASKED,False,True,False,False,False,True,True
year_2_001864,year_2,NOT_PRIORITY,,,,,,True,False
year_2_001865,year_2,NOT_ASKED,False,True,False,False,False,True,True
year_2_001866,year_2,NOT_ASKED,False,True,False,False,False,True,True
year_2_001867,year_2,NOT_ASKED,False,True,False,False,False,True,True
year_2_001868,year_2,NOT_ASKED,False,True,False,False,False,True,True
year_2_001869,year_2,NOT_ASKED,False,True,False,False,False,True,True
year_2_001870,year_2,NOT_ASKED,,,,,,True,False
year_2_001871,year_2,NOT_ASKED,True,False,False,False,False,True,True
year_2_001872,year_2,NOT_ASKED,,,,,,True,False
year_2_001873,year_2,NOT_ASKED,True,False,False,False,False,True,True
year_2_001874,year_2,TOP_PRIORITY_MAIN,,,,,,True,False
year_2_001875,year_2,NOT_PRIORITY,,,,,,True,False
year_2_001876,year_2,NOT_ASKED,False,True,False,False,False,True,True
year_2_001877,year_2,NOT_ASKED,,,,,,True,False
year_2_001878,year_2,NOT_ASKED,False,True,False,False,False,True,True
year_2_001879,year_2,TOP_PRIORITY_MEDIUM_TERM,,,,,,True,False
year_2_001880,year_2,NOT_ASKED,False,False,False,True,False,True,True
year_2_001881,year_2,NOT_ASKED,False,True,False,False,False,True,True
year_2_001882,year_2,NOT_ASKED,,,,,,True,False
year_2_001883,year_2,NOT_PRIORITY,,,,,,True,False
year_2_001884,year_2,NOT_PRIORITY,,,,,,True,False
year_2_001885,year_2,NOT_ASKED,,,,,,True,False
year_2_001886,year_2,NOT_ASKED,,,,,,True,False
year_2_001887,year_2,NOT_ASKED,False,True,False,False,False,True,True
year_2_001888,year_2,NOT_ASKED,False,False,True,False,True,True,True
year_2_001889,year_2,NOT_ASKED,,,,,,True,False
year_2_001890,year_2,NOT_ASKED,True,False,False,False,False,True,True
year_2_001891,year_2,NOT_ASKED,False,True,False,False,False,True,True
year_2_001892,year_2,NOT_ASKED,,,,,,True,False
year_2_001893,year_2,NOT_PRIORITY,,,,,,True,False
year_2_001894,year_2,NOT_ASKED,False,True,False,False,False,True,True
year_2_001895,year_2,NOT_ASKED,False,True,False,False,False,True,True
year_2_001896,year_2,NOT_PRIORITY,,,,,,True,False
year_2_001897,year_2,NOT_ASKED,False,True,False,False,False,True,True
year_2_001898,year_2,NOT_ASKED,False,True,False,False,False,True,True
year_2_001899,year_2,NOT_ASKED,False,True,False,False,True,True,True
year_2_001900,year_2,NOT_ASKED,False,False,False,False,True,True,True
year_2_001901,year_2,NOT_ASKED,False,False,False,True,False,True,True
year_2_001902,year_2,TOP_PRIORITY_MEDIUM_TERM,,,,,,True,False
year_2_001903,year_2,NOT_ASKED,False,True,False,False,False,True,True
year_2_001904,year_2,NOT_ASKED,False,True,False,False,False,True,True
year_2_001905,year_2,NOT_ASKED,True,False,False,False,False,True,True
year_2_001906,year_2,NOT_ASKED,,,,,,True,False
year_2_001907,year_2,NOT_ASKED,False,True,False,False,False,True,True
year_2_001908,year_2,NOT_PRIORITY,,,,,,True,False
year_2_001909,year_2,NOT_ASKED,False,False,False,False,True,True,True
year_2_001910,year_2,NOT_ASKED,False,True,False,False,False,True,True
year_2_001911,year_2,SECONDARY_INITIATIVE,,,,,,True,False
year_2_001912,year_2,NOT_ASKED,True,False,False,False,False,True,True
year_2_001913,year_2,NOT_ASKED,False,False,False,True,True,True,True
year_2_001914,year_2,TOP_PRIORITY_MEDIUM_TERM,,,,,,True,False
year_2_001915,year_2,NOT_ASKED,False,True,False,False,False,True,True
year_2_001916,year_2,NOT_ASKED,True,True,False,False,False,True,True
year_2_001917,year_2,SECONDARY_INITIATIVE,,,,,,True,False
year_2_001918,year_2,NOT_ASKED,False,True,False,False,False,True,True
year_2_001919,year_2,NOT_ASKED,False,True,False,False,False,True,True
year_2_001920,year_2,NOT_ASKED,True,False,False,False,False,True,True
year_2_001921,year_2,NOT_ASKED,False,False,False,False,True,True,True
year_2_001922,year_2,TOP_PRIORITY_MAIN,,,,,,True,False
year_2_001923,year_2,NOT_ASKED,False,False,True,False,True,True,True
year_2_001924,year_2,NOT_ASKED,False,False,False,False,True,True,True
year_2_001925,year_2,NOT_ASKED,,,,,,True,False
year_2_001926,year_2,NOT_ASKED,False,True,False,False,False,True,True
year_2_001927,year_2,NOT_ASKED,True,False,False,False,False,True,True
year_2_001928,year_2,NOT_ASKED,False,True,False,False,False,True,True
year_2_001929,year_2,SECONDARY_INITIATIVE,,,,,,True,False
year_2_001930,year_2,NOT_ASKED,True,False,False,False,False,True,True
year_2_001931,year_2,NOT_ASKED,False,False,False,True,False,True,True
year_2_001932,year_2,NOT_ASKED,False,True,False,False,False,True,True
year_2_001933,year_2,NOT_ASKED,False,True,False,False,False,True,True
year_2_001934,year_2,NOT_ASKED,False,False,True,False,False,True,True
year_2_001935,year_2,NOT_ASKED,False,True,False,False,False,True,True
year_2_001936,year_2,NOT_ASKED,False,True,False,False,False,True,True
year_2_001937,year_2,NOT_PRIORITY,,,,,,True,False
year_2_001938,year_2,NOT_ASKED,True,False,False,False,False,True,True
year_2_001939,year_2,NOT_PRIORITY,,,,,,True,False
year_2_001940,year_2,NOT_ASKED,,,,,,True,False
year_2_001941,year_2,NOT_ASKED,False,False,False,True,False,True,True
year_2_001942,year_2,NOT_ASKED,False,False,False,True,True,True,True
year_2_001943,year_2,NOT_ASKED,False,False,False,False,True,True,True
year_2_001944,year_2,NOT_ASKED,False,True,False,False,False,True,True
year_2_001945,year_2,NOT_PRIORITY,,,,,,True,False
year_2_001946,year_2,TOP_PRIORITY_MEDIUM_TERM,,,,,,True,False
year_2_001947,year_2,NOT_ASKED,,,,,,True,False
year_2_001948,year_2,NOT_ASKED,False,True,False,False,False,True,True
year_2_001949,year_2,NOT_ASKED,False,True,False,False,True,True,True
year_2_001950,year_2,NOT_ASKED,False,True,False,False,False,True,True
year_2_001951,year_2,SECONDARY_INITIATIVE,,,,,,True,False
year_2_001952,year_2,NOT_PRIORITY,,,,,,True,False
year_2_001953,year_2,NOT_ASKED,True,False,False,False,False,True,True
year_2_001954,year_2,NOT_ASKED,False,True,False,False,False,True,True
year_2_001955,year_2,NOT_ASKED,False,False,True,False,True,True,True
year_2_001956,year_2,NOT_ASKED,False,False,False,False,True,True,True
year_2_001957,year_2,NOT_ASKED,False,True,False,False,False,True,True
year_2_001958,year_2,NOT_ASKED,False,True,False,False,False,True,True
year_2_001959,year_2,TOP_PRIORITY_MEDIUM_TERM,,,,,,True,False
year_2_001960,year_2,NOT_ASKED,False,True,False,False,False,True,True
year_2_001961,year_2,NOT_ASKED,False,True,False,False,False,True,True
year_2_001962,year_2,NOT_ASKED,False,True,False,False,False,True,True
year_2_001963,year_2,NOT_ASKED,False,False,False,True,True,True,True
year_2_001964,year_2,SECONDARY_INITIATIVE,,,,,,True,False
year_2_001965,year_2,NOT_ASKED,,,,,,True,False
year_2_001966,year_2,NOT_ASKED,False,True,False,False,False,True,True
year_2_001967,year_2,NOT_ASKED,False,False,False,True,False,True,True
year_2_001968,year_2,NOT_ASKED,True,False,False,False,False,True,True
year_2_001969,year_2,TOP_PRIORITY_MEDIUM_TERM,,,,,,True,False
year_2_001970,year_2,NOT_ASKED,False,True,False,True,False,True,True
year_2_001971,year_2,NOT_ASKED,False,True,False,False,False,True,True
year_2_001972,year_2,NOT_ASKED,False,True,False,False,False,True,True
year_2_001973,year_2,NOT_ASKED,False,True,False,False,True,True,True
year_2_001974,year_2,NOT_ASKED,False,True,False,False,False,True,True
year_2_001975,year_2,NOT_PRIORITY,,,,,,True,False
year_2_001976,year_2,NOT_ASKED,True,False,False,False,False,True,True
year_2_001977,year_2,NOT_ASKED,True,False,False,False,False,True,True
year_2_001978,year_2,NOT_ASKED,False,True,False,False,False,True,True
year_2_001979,year_2,NOT_ASKED,False,True,False,False,False,True,True
year_2_001980,year_2,NOT_ASKED,,,,,,True,False
year_2_001981,year_2,NOT_ASKED,False,False,False,True,False,True,True
year_2_001982,year_2,TOP_PRIORITY_MAIN,,,,,,True,False
year_2_001983,year_2,NOT_ASKED,False,False,True,False,True,True,True
year_2_001984,year_2,NOT_ASKED,False,True,False,False,False,True,True
year_2_001985,year_2,NOT_PRIORITY,,,,,,True,False
year_2_001986,year_2,NOT_ASKED,False,True,False,False,False,True,True
year_2_001987,year_2,NOT_ASKED,False,False,True,False,False,True,True
year_2_001988,year_2,NOT_ASKED,False,True,False,True,False,True,True
year_2_001989,year_2,NOT_ASKED,False,True,False,False,False,True,True
year_2_001990,year_2,NOT_ASKED,False,False,False,True,True,True,True
year_2_001991,year_2,NOT_ASKED,False,True,False,False,False,True,True
year_2_001992,year_2,NOT_ASKED,False,True,False,False,False,True,True
year_2_001993,year_2,SECONDARY_INITIATIVE,,,,,,True,False
year_2_001994,year_2,NOT_ASKED,False,True,False,False,False,True,True
year_2_001995,year_2,NOT_ASKED,False,True,False,False,False,True,True
year_2_001996,year_2,NOT_ASKED,,,,,,True,False
year_2_001997,year_2,NOT_ASKED,True,False,False,False,False,True,True
year_2_001998,year_2,NOT_PRIORITY,,,,,,True,False
year_2_001999,year_2,NOT_ASKED,False,True,False,False,False,True,True
year_2_002000,year_2,NOT_ASKED,True,False,False,False,False,True,True
year_2_002001,year_2,NOT_ASKED,,,,,,True,False
year_2_002002,year_2,SECONDARY_INITIATIVE,,,,,,True,False
year_2_002003,year_2,SECONDARY_INITIATIVE,,,,,,True,False
year_2_002004,year_2,NOT_ASKED,True,False,False,False,False,True,True
year_2_002005,year_2,NOT_ASKED,False,True,False,False,False,True,True
year_2_002006,year_2,NOT_ASKED,True,False,False,False,False,True,True
year_2_002007,year_2,NOT_ASKED,False,True,False,False,True,True,True
year_2_002008,year_2,NOT_ASKED,False,True,False,False,False,True,True
year_2_002009,year_2,NOT_ASKED,,,,,,True,False
year_2_002010,year_2,NOT_ASKED,,,,,,True,False
year_2_002011,year_2,NOT_ASKED,False,True,False,False,False,True,True
year_2_002012,year_2,NOT_ASKED,False,True,False,False,False,True,True
year_2_002013,year_2,DONT_KNOW,,,,,,True,False
year_2_002014,year_2,DONT_KNOW,,,,,,True,False
year_2_002015,year_2,NOT_ASKED,False,True,False,False,False,True,True
year_2_002016,year_2,NOT_ASKED,False,True,False,False,False,True,True
year_2_002017,year_2,NOT_ASKED,False,True,False,False,False,True,True
year_2_002018,year_2,NOT_ASKED,False,True,False,False,False,True,True
year_2_002019,year_2,NOT_ASKED,False,True,False,False,True,True,True
year_2_002020,year_2,NOT_PRIORITY,,,,,,True,False
year_2_002021,year_2,NOT_ASKED,False,True,False,False,False,True,True
year_2_002022,year_2,NOT_PRIORITY,,,,,,True,False
year_2_002023,year_2,NOT_ASKED,False,True,False,False,False,True,True
year_2_002024,year_2,NOT_ASKED,True,False,False,False,False,True,True
year_2_002025,year_2,NOT_ASKED,False,False,True,False,True,True,True
year_2_002026,year_2,NOT_ASKED,False,True,False,False,False,True,True
year_2_002027,year_2,NOT_ASKED,False,False,False,True,False,True,True
year_2_002028,year_2,NOT_ASKED,False,True,False,False,False,True,True
year_2_002029,year_2,NOT_ASKED,False,True,False,False,False,True,True
year_2_002030,year_2,TOP_PRIORITY_MEDIUM_TERM,,,,,,True,False
year_2_002031,year_2,NOT_ASKED,False,True,False,False,False,True,True
year_2_002032,year_2,SECONDARY_INITIATIVE,,,,,,True,False
year_2_002033,year_2,NOT_PRIORITY,,,,,,True,False
year_2_002034,year_2,NOT_ASKED,False,True,False,False,False,True,True
year_2_002035,year_2,NOT_ASKED,False,False,True,False,False,True,True
year_2_002036,year_2,NOT_ASKED,False,False,False,True,False,True,True
year_2_002037,year_2,NOT_ASKED,False,True,False,False,False,True,True
year_2_002038,year_2,SECONDARY_INITIATIVE,,,,,,True,False
year_2_002039,year_2,NOT_ASKED,,,,,,True,False
year_2_002040,year_2,TOP_PRIORITY_MAIN,,,,,,True,False
year_2_002041,year_2,NOT_ASKED,False,True,False,False,False,True,True
year_2_002042,year_2,NOT_ASKED,,,,,,True,False
year_2_002043,year_2,NOT_ASKED,,,,,,True,False
year_2_002044,year_2,NOT_ASKED,True,False,False,False,False,True,True
year_2_002045,year_2,NOT_ASKED,False,True,False,False,False,True,True
year_2_002046,year_2,NOT_ASKED,False,True,False,False,False,True,True
year_2_002047,year_2,NOT_ASKED,False,True,False,False,False,True,True
year_2_002048,year_2,NOT_ASKED,True,False,False,False,False,True,True
year_2_002049,year_2,SECONDARY_INITIATIVE,,,,,,True,False
year_2_002050,year_2,NOT_ASKED,False,True,False,False,False,True,True
year_2_002051,year_2,NOT_ASKED,False,True,False,False,False,True,True
year_2_002052,year_2,NOT_PRIORITY,,,,,,True,False
year_2_002053,year_2,NOT_ASKED,False,True,False,False,False,True,True
year_2_002054,year_2,NOT_ASKED,False,True,False,False,False,True,True
year_2_002055,year_2,NOT_ASKED,False,True,False,False,False,True,True
year_2_002056,year_2,NOT_ASKED,False,True,False,False,False,True,True
year_2_002057,year_2,NOT_ASKED,False,True,False,False,False,True,True
year_2_002058,year_2,NOT_ASKED,,,,,,True,False
year_2_002059,year_2,NOT_ASKED,False,True,False,False,True,True,True
year_2_002060,year_2,NOT_ASKED,True,False,False,False,False,True,True
year_2_002061,year_2,NOT_ASKED,False,True,False,False,False,True,True
year_2_002062,year_2,NOT_ASKED,False,True,False,False,False,True,True
year_2_002063,year_2,NOT_ASKED,False,False,False,True,True,True,True
year_2_002064,year_2,NOT_ASKED,False,True,False,False,False,True,True
year_2_002065,year_2,NOT_ASKED,False,True,False,False,False,True,True
year_2_002066,year_2,NOT_ASKED,False,True,False,False,False,True,True
year_2_002067,year_2,TOP_PRIORITY_MEDIUM_TERM,,,,,,True,False
year_2_002068,year_2,NOT_ASKED,False,True,False,False,False,True,True
year_2_002069,year_2,NOT_ASKED,True,False,False,False,False,True,True
year_2_002070,year_2,NOT_ASKED,False,False,False,True,True,True,True
year_2_002071,year_2,NOT_ASKED,True,False,False,False,False,True,True
year_2_002072,year_2,NOT_ASKED,False,True,False,False,False,True,True
year_2_002073,year_2,NOT_ASKED,False,True,False,False,False,True,True
year_2_002074,year_2,TOP_PRIORITY_MEDIUM_TERM,,,,,,True,False
year_2_002075,year_2,NOT_ASKED,False,True,False,False,False,True,True
year_2_002076,year_2,NOT_ASKED,False,True,False,False,False,True,True
year_2_002077,year_2,NOT_ASKED,False,False,False,True,False,True,True
year_2_002078,year_2,NOT_ASKED,False,True,False,False,False,True,True
year_2_002079,year_2,NOT_ASKED,False,True,False,False,False,True,True
year_2_002080,year_2,NOT_ASKED,False,True,True,False,False,True,True
year_2_002081,year_2,NOT_ASKED,,,,,,True,False
year_2_002082,year_2,NOT_ASKED,,,,,,True,False
year_2_002083,year_2,NOT_ASKED,,,,,,True,False
year_2_002084,year_2,NOT_ASKED,False,True,False,False,False,True,True
year_2_002085,year_2,NOT_ASKED,False,True,False,False,False,True,True
year_2_002086,year_2,NOT_ASKED,,,,,,True,False
year_2_002087,year_2,NOT_ASKED,False,True,False,False,False,True,True
year_2_002088,year_2,NOT_ASKED,False,True,False,False,False,True,True
year_2_002089,year_2,NOT_ASKED,,,,,,True,False
year_2_002090,year_2,NOT_ASKED,False,True,False,False,False,True,True
year_2_002091,year_2,NOT_ASKED,False,True,False,False,False,True,True
year_2_002092,year_2,SECONDARY_INITIATIVE,,,,,,True,False
year_2_002093,year_2,NOT_ASKED,False,True,False,False,False,True,True
year_2_002094,year_2,NOT_ASKED,False,True,False,False,False,True,True
year_2_002095,year_2,SECONDARY_INITIATIVE,,,,,,True,False
year_2_002096,year_2,TOP_PRIORITY_MEDIUM_TERM,,,,,,True,False
year_2_002097,year_2,NOT_ASKED,False,True,False,False,False,True,True
year_2_002098,year_2,NOT_ASKED,,,,,,True,False
year_2_002099,year_2,NOT_PRIORITY,,,,,,True,False
year_2_002100,year_2,NOT_ASKED,False,True,False,False,False,True,True
year_2_002101,year_2,NOT_ASKED,False,True,False,False,False,True,True
year_2_002102,year_2,NOT_ASKED,False,True,False,False,False,True,True
year_2_002103,year_2,TOP_PRIORITY_MEDIUM_TERM,,,,,,True,False
year_2_002104,year_2,NOT_ASKED,False,False,True,False,False,True,True
year_2_002105,year_2,TOP_PRIORITY_MEDIUM_TERM,,,,,,True,False
year_2_002106,year_2,NOT_ASKED,False,True,False,False,False,True,True
year_2_002107,year_2,NOT_ASKED,False,True,False,False,False,True,True
year_2_002108,year_2,SECONDARY_INITIATIVE,,,,,,True,False
year_2_002109,year_2,NOT_ASKED,,,,,,True,False
year_2_002110,year_2,NOT_ASKED,False,True,False,False,False,True,True
year_2_002111,year_2,NOT_ASKED,False,False,False,True,False,True,True
year_2_002112,year_2,NOT_ASKED,False,True,False,False,False,True,True
year_2_002113,year_2,NOT_ASKED,False,True,False,False,False,True,True
year_2_002114,year_2,NOT_ASKED,True,False,False,False,False,True,True
year_2_002115,year_2,NOT_ASKED,True,False,False,False,False,True,True
year_2_002116,year_2,NOT_ASKED,False,True,False,False,False,True,True
year_2_002117,year_2,NOT_ASKED,False,True,False,False,False,True,True
year_2_002118,year_2,NOT_ASKED,False,True,False,False,False,True,True
year_2_002119,year_2,NOT_ASKED,False,True,False,False,False,True,True
year_2_002120,year_2,NOT_ASKED,True,False,False,False,False,True,True
year_2_002121,year_2,NOT_ASKED,False,True,False,False,False,True,True
year_2_002122,year_2,NOT_ASKED,,,,,,True,False
year_2_002123,year_2,NOT_ASKED,False,False,True,False,False,True,True
year_2_002124,year_2,NOT_PRIORITY,,,,,,True,False
year_2_002125,year_2,NOT_ASKED,True,False,False,False,False,True,True
year_2_002126,year_2,NOT_ASKED,False,True,False,False,False,True,True
year_2_002127,year_2,NOT_ASKED,False,True,False,False,False,True,True
year_2_002128,year_2,NOT_ASKED,False,True,False,False,False,True,True
year_2_002129,year_2,NOT_ASKED,False,True,False,False,False,True,True
year_2_002130,year_2,SECONDARY_INITIATIVE,,,,,,True,False
year_2_002131,year_2,NOT_ASKED,True,False,False,False,False,True,True
year_2_002132,year_2,NOT_ASKED,False,True,False,False,False,True,True
year_2_002133,year_2,NOT_ASKED,False,True,False,False,False,True,True
year_2_002134,year_2,NOT_ASKED,False,False,False,False,True,True,True
year_2_002135,year_2,NOT_ASKED,True,False,False,False,False,True,True
year_2_002136,year_2,NOT_ASKED,False,True,False,False,False,True,True
year_2_002137,year_2,TOP_PRIORITY_MEDIUM_TERM,,,,,,True,False
year_2_002138,year_2,NOT_ASKED,False,True,False,False,False,True,True
year_2_002139,year_2,NOT_ASKED,False,False,True,False,True,True,True
year_2_002140,year_2,NOT_ASKED,False,False,False,True,False,True,True
year_2_002141,year_2,NOT_ASKED,False,False,True,False,False,True,True
year_2_002142,year_2,SECONDARY_INITIATIVE,,,,,,True,False
year_2_002143,year_2,NOT_ASKED,,,,,,True,False
year_2_002144,year_2,NOT_ASKED,False,True,False,False,False,True,True
year_2_002145,year_2,NOT_ASKED,False,True,False,False,False,True,True
year_2_002146,year_2,NOT_ASKED,False,True,False,False,False,True,True
year_2_002147,year_2,NOT_ASKED,False,True,False,False,False,True,True
year_2_002148,year_2,SECONDARY_INITIATIVE,,,,,,True,False
year_2_002149,year_2,NOT_ASKED,True,False,False,False,False,True,True
year_2_002150,year_2,SECONDARY_INITIATIVE,,,,,,True,False
year_2_002151,year_2,NOT_ASKED,False,True,False,False,False,True,True
year_2_002152,year_2,NOT_ASKED,False,False,False,False,True,True,True
year_2_002153,year_2,NOT_ASKED,,,,,,True,False
year_2_002154,year_2,NOT_ASKED,True,False,False,False,False,True,True
year_2_002155,year_2,NOT_ASKED,True,False,False,False,False,True,True
year_2_002156,year_2,NOT_ASKED,False,True,False,False,False,True,True
year_2_002157,year_2,NOT_ASKED,,,,,,True,False
year_2_002158,year_2,NOT_ASKED,False,False,False,True,False,True,True
year_2_002159,year_2,NOT_ASKED,False,True,False,False,False,True,True
year_2_002160,year_2,NOT_PRIORITY,,,,,,True,False
year_2_002161,year_2,NOT_ASKED,True,False,False,False,False,True,True
year_2_002162,year_2,NOT_ASKED,False,True,False,False,False,True,True
year_2_002163,year_2,NOT_ASKED,False,True,False,False,False,True,True
year_2_002164,year_2,NOT_ASKED,False,True,False,False,False,True,True
year_2_002165,year_2,NOT_ASKED,False,True,False,False,False,True,True
year_2_002166,year_2,TOP_PRIORITY_MEDIUM_TERM,,,,,,True,False
year_2_002167,year_2,NOT_ASKED,False,False,False,True,False,True,True
year_2_002168,year_2,DONT_KNOW,,,,,,True,False
year_2_002169,year_2,NOT_ASKED,False,True,False,False,False,True,True
year_2_002170,year_2,NOT_ASKED,False,True,False,False,False,True,True
year_2_002171,year_2,NOT_ASKED,,,,,,True,False
year_2_002172,year_2,NOT_ASKED,False,False,True,False,True,True,True
year_2_002173,year_2,NOT_ASKED,False,True,False,False,False,True,True
year_2_002174,year_2,NOT_ASKED,,,,,,True,False
year_2_002175,year_2,NOT_ASKED,False,True,False,False,False,True,True
year_2_002176,year_2,NOT_ASKED,False,True,False,False,False,True,True
year_2_002177,year_2,NOT_ASKED,False,True,False,False,False,True,True
year_2_002178,year_2,NOT_ASKED,False,True,False,False,False,True,True
year_2_002179,year_2,NOT_ASKED,False,True,False,False,False,True,True
year_2_002180,year_2,NOT_ASKED,False,True,False,False,False,True,True
year_2_002181,year_2,NOT_ASKED,False,True,False,False,False,True,True
year_2_002182,year_2,NOT_ASKED,True,False,False,False,False,True,True
year_2_002183,year_2,NOT_ASKED,,,,,,True,False
year_2_002184,year_2,NOT_ASKED,False,True,False,False,False,True,True
year_2_002185,year_2,NOT_ASKED,False,False,True,False,False,True,True
year_2_002186,year_2,NOT_ASKED,False,True,False,False,False,True,True
year_2_002187,year_2,NOT_ASKED,,,,,,True,False
year_2_002188,year_2,NOT_ASKED,False,True,False,False,False,True,True
year_2_002189,year_2,NOT_ASKED,False,True,False,False,False,True,True
year_2_002190,year_2,SECONDARY_INITIATIVE,,,,,,True,False
year_2_002191,year_2,NOT_PRIORITY,,,,,,True,False
year_2_002192,year_2,NOT_ASKED,False,True,False,False,False,True,True
year_2_002193,year_2,NOT_ASKED,False,True,False,False,False,True,True
year_2_002194,year_2,TOP_PRIORITY_MEDIUM_TERM,,,,,,True,False
year_2_002195,year_2,SECONDARY_INITIATIVE,,,,,,True,False
year_2_002196,year_2,NOT_ASKED,False,True,False,False,False,True,True
year_2_002197,year_2,NOT_ASKED,False,True,False,False,False,True,True
year_2_002198,year_2,NOT_ASKED,False,True,False,False,False,True,True
year_2_002199,year_2,NOT_ASKED,False,True,False,False,False,True,True
year_2_002200,year_2,DONT_KNOW,,,,,,True,False
year_2_002201,year_2,NOT_ASKED,False,True,False,False,False,True,True
year_2_002202,year_2,TOP_PRIORITY_MEDIUM_TERM,,,,,,True,False
year_2_002203,year_2,SECONDARY_INITIATIVE,,,,,,True,False
year_2_002204,year_2,NOT_ASKED,False,False,False,True,True,True,True
year_2_002205,year_2,NOT_ASKED,True,False,False,False,False,True,True
year_2_002206,year_2,NOT_ASKED,False,True,False,False,False,True,True
year_2_002207,year_2,NOT_ASKED,False,True,False,False,False,True,True
year_2_002208,year_2,NOT_ASKED,False,True,False,False,False,True,True
year_2_002209,year_2,TOP_PRIORITY_MEDIUM_TERM,,,,,,True,False
year_2_002210,year_2,NOT_ASKED,True,False,False,False,False,True,True
year_2_002211,year_2,NOT_ASKED,True,False,False,False,False,True,True
year_2_002212,year_2,NOT_ASKED,False,False,True,False,False,True,True
year_2_002213,year_2,NOT_ASKED,False,True,False,False,False,True,True
year_2_002214,year_2,NOT_ASKED,False,True,False,False,False,True,True
year_2_002215,year_2,NOT_ASKED,False,True,False,False,False,True,True
year_2_002216,year_2,NOT_ASKED,False,True,False,False,False,True,True
year_2_002217,year_2,NOT_ASKED,False,True,False,False,False,True,True
year_2_002218,year_2,NOT_ASKED,False,True,False,False,False,True,True
year_2_002219,year_2,NOT_ASKED,False,True,False,False,False,True,True
year_2_002220,year_2,NOT_ASKED,False,True,False,False,False,True,True
year_2_002221,year_2,NOT_ASKED,False,True,False,False,False,True,True
year_2_002222,year_2,TOP_PRIORITY_MAIN,,,,,,True,False
year_2_002223,year_2,NOT_ASKED,False,True,False,False,False,True,True
year_2_002224,year_2,NOT_ASKED,False,True,False,False,False,True,True
year_2_002225,year_2,NOT_PRIORITY,,,,,,True,False
year_2_002226,year_2,NOT_ASKED,True,False,False,False,False,True,True
year_2_002227,year_2,NOT_ASKED,False,False,True,False,True,True,True
year_2_002228,year_2,NOT_ASKED,True,False,False,False,False,True,True
year_2_002229,year_2,NOT_ASKED,False,True,False,False,False,True,True
year_2_002230,year_2,NOT_ASKED,False,True,False,False,False,True,True
year_2_002231,year_2,NOT_ASKED,False,True,False,False,False,True,True
year_2_002232,year_2,NOT_PRIORITY,,,,,,True,False
year_2_002233,year_2,NOT_ASKED,,,,,,True,False
year_2_002234,year_2,NOT_ASKED,True,False,False,False,False,True,True
year_2_002235,year_2,NOT_ASKED,True,False,False,False,False,True,True
year_2_002236,year_2,NOT_ASKED,False,True,False,False,False,True,True
year_2_002237,year_2,NOT_ASKED,,,,,,True,False
year_2_002238,year_2,NOT_ASKED,True,False,False,False,False,True,True
year_2_002239,year_2,NOT_ASKED,True,False,False,False,False,True,True
year_2_002240,year_2,NOT_ASKED,False,True,False,False,False,True,True
year_2_002241,year_2,NOT_ASKED,,,,,,True,False
year_2_002242,year_2,NOT_ASKED,False,True,False,False,False,True,True
year_2_002243,year_2,NOT_ASKED,False,True,False,False,False,True,True
year_2_002244,year_2,SECONDARY_INITIATIVE,,,,,,True,False
year_2_002245,year_2,NOT_ASKED,False,True,False,False,False,True,True
year_2_002246,year_2,TOP_PRIORITY_MEDIUM_TERM,,,,,,True,False
year_2_002247,year_2,NOT_ASKED,False,True,False,False,False,True,True
year_2_002248,year_2,NOT_ASKED,True,False,False,False,False,True,True
year_2_002249,year_2,NOT_ASKED,True,False,False,False,False,True,True
year_2_002250,year_2,NOT_ASKED,True,False,False,False,False,True,True
year_2_002251,year_2,NOT_ASKED,False,True,False,False,False,True,True
year_2_002252,year_2,NOT_ASKED,,,,,,True,False
year_2_002253,year_2,NOT_PRIORITY,,,,,,True,False
year_2_002254,year_2,NOT_ASKED,False,False,False,False,True,True,True
year_2_002255,year_2,NOT_ASKED,False,True,False,False,False,True,True
year_2_002256,year_2,NOT_ASKED,False,True,False,False,False,True,True
year_2_002257,year_2,NOT_ASKED,True,False,False,False,False,True,True
year_2_002258,year_2,NOT_ASKED,True,False,False,False,False,True,True
year_2_002259,year_2,NOT_ASKED,False,True,False,False,False,True,True
year_2_002260,year_2,NOT_PRIORITY,,,,,,True,False
year_2_002261,year_2,NOT_ASKED,False,True,False,False,False,True,True
year_2_002262,year_2,NOT_ASKED,False,False,False,False,True,True,True
year_2_002263,year_2,NOT_ASKED,False,True,False,False,False,True,True
year_2_002264,year_2,TOP_PRIORITY_MEDIUM_TERM,,,,,,True,False
year_2_002265,year_2,NOT_ASKED,False,True,False,False,False,True,True
year_2_002266,year_2,NOT_ASKED,False,False,False,False,True,True,True
year_2_002267,year_2,NOT_ASKED,False,False,False,False,True,True,True
year_2_002268,year_2,NOT_ASKED,False,False,False,False,True,True,True
year_2_002269,year_2,NOT_ASKED,False,True,False,False,False,True,True
year_2_002270,year_2,NOT_ASKED,,,,,,True,False
year_2_002271,year_2,NOT_ASKED,,,,,,True,False
year_2_002272,year_2,NOT_PRIORITY,,,,,,True,False
year_2_002273,year_2,NOT_ASKED,,,,,,True,False
year_2_002274,year_2,NOT_PRIORITY,,,,,,True,False
year_2_002275,year_2,NOT_ASKED,False,False,False,True,False,True,True
year_2_002276,year_2,NOT_ASKED,,,,,,True,False
year_2_002277,year_2,NOT_ASKED,,,,,,True,False
year_2_002278,year_2,NOT_ASKED,False,True,False,True,False,True,True
year_2_002279,year_2,NOT_ASKED,False,True,False,False,False,True,True
year_2_002280,year_2,NOT_ASKED,False,True,False,False,False,True,True
year_2_002281,year_2,NOT_ASKED,,,,,,True,False
year_2_002282,year_2,NOT_ASKED,False,True,True,False,False,True,True
year_2_002283,year_2,TOP_PRIORITY_MAIN,,,,,,True,False
year_2_002284,year_2,NOT_ASKED,False,False,True,False,True,True,True
year_2_002285,year_2,NOT_ASKED,False,True,False,False,False,True,True
year_2_002286,year_2,NOT_ASKED,False,False,False,False,True,True,True
year_2_002287,year_2,NOT_ASKED,,,,,,True,False
year_2_002288,year_2,NOT_ASKED,False,False,True,False,False,True,True
year_2_002289,year_2,NOT_ASKED,False,True,False,False,False,True,True
year_2_002290,year_2,NOT_ASKED,True,False,False,False,False,True,True
year_2_002291,year_2,NOT_ASKED,,,,,,True,False
year_2_002292,year_2,NOT_PRIORITY,,,,,,True,False
year_2_002293,year_2,NOT_ASKED,False,False,True,False,False,True,True
year_2_002294,year_2,NOT_ASKED,False,True,False,False,False,True,True
year_2_002295,year_2,NOT_ASKED,False,True,False,False,False,True,True
year_2_002296,year_2,NOT_ASKED,True,False,False,False,False,True,True
year_2_002297,year_2,NOT_ASKED,False,True,False,False,False,True,True
year_2_002298,year_2,NOT_ASKED,False,False,True,False,False,True,True
year_2_002299,year_2,NOT_ASKED,False,True,False,False,False,True,True
year_2_002300,year_2,NOT_ASKED,False,True,False,False,False,True,True
year_2_002301,year_2,NOT_ASKED,,,,,,True,False
year_2_002302,year_2,NOT_ASKED,False,True,False,False,False,True,True
year_2_002303,year_2,NOT_ASKED,False,True,False,False,False,True,True
year_2_002304,year_2,NOT_ASKED,,,,,,True,False
year_2_002305,year_2,NOT_ASKED,False,True,False,False,False,True,True
year_2_002306,year_2,NOT_ASKED,True,False,False,False,False,True,True
year_2_002307,year_2,SECONDARY_INITIATIVE,,,,,,True,False
year_2_002308,year_2,NOT_ASKED,False,True,False,False,False,True,True
year_2_002309,year_2,NOT_ASKED,,,,,,True,False
year_2_002310,year_2,NOT_ASKED,,,,,,True,False
year_2_002311,year_2,DONT_KNOW,,,,,,True,False
year_2_002312,year_2,NOT_ASKED,,,,,,True,False
year_2_002313,year_2,NOT_ASKED,True,False,False,False,False,True,True
year_2_002314,year_2,NOT_ASKED,False,True,False,False,False,True,True
year_2_002315,year_2,NOT_ASKED,False,True,False,False,False,True,True
year_2_002316,year_2,NOT_ASKED,False,True,False,False,True,True,True
year_2_002317,year_2,NOT_ASKED,False,True,False,False,False,True,True
year_2_002318,year_2,NOT_ASKED,False,True,False,False,False,True,True
year_2_002319,year_2,NOT_ASKED,False,False,False,True,True,True,True
year_2_002320,year_2,NOT_ASKED,,,,,,True,False
year_2_002321,year_2,NOT_ASKED,,,,,,True,False
year_2_002322,year_2,NOT_ASKED,False,True,False,False,False,True,True
year_2_002323,year_2,NOT_ASKED,False,True,False,False,False,True,True
year_2_002324,year_2,NOT_ASKED,True,False,False,False,False,True,True
year_2_002325,year_2,NOT_ASKED,False,True,False,False,False,True,True
year_2_002326,year_2,TOP_PRIORITY_MEDIUM_TERM,,,,,,True,False
year_2_002327,year_2,NOT_ASKED,False,True,False,False,False,True,True
year_2_002328,year_2,NOT_PRIORITY,,,,,,True,False
year_2_002329,year_2,NOT_ASKED,False,True,False,False,False,True,True
year_2_002330,year_2,NOT_ASKED,False,True,False,False,False,True,True
year_2_002331,year_2,NOT_ASKED,False,True,False,False,False,True,True
year_2_002332,year_2,SECONDARY_INITIATIVE,,,,,,True,False
year_2_002333,year_2,NOT_PRIORITY,,,,,,True,False
year_2_002334,year_2,NOT_ASKED,True,False,False,False,False,True,True
year_2_002335,year_2,NOT_ASKED,False,True,False,False,False,True,True
year_2_002336,year_2,NOT_ASKED,True,False,False,False,False,True,True
year_2_002337,year_2,NOT_ASKED,False,True,False,False,False,True,True
year_2_002338,year_2,NOT_ASKED,False,True,False,False,False,True,True
year_2_002339,year_2,NOT_ASKED,False,True,False,False,False,True,True
year_2_002340,year_2,NOT_ASKED,,,,,,True,False
year_2_002341,year_2,NOT_ASKED,False,True,False,False,False,True,True
year_2_002342,year_2,NOT_ASKED,False,True,False,False,False,True,True
year_2_002343,year_2,NOT_ASKED,False,True,False,False,False,True,True
year_2_002344,year_2,NOT_ASKED,False,True,False,False,False,True,True
year_2_002345,year_2,NOT_ASKED,False,True,False,False,False,True,True
year_2_002346,year_2,TOP_PRIORITY_MEDIUM_TERM,,,,,,True,False
year_2_002347,year_2,TOP_PRIORITY_MAIN,,,,,,True,False
year_2_002348,year_2,NOT_ASKED,False,False,False,False,True,True,True
year_2_002349,year_2,NOT_ASKED,False,True,False,False,False,True,True
year_2_002350,year_2,NOT_ASKED,False,True,False,False,False,True,True
year_2_002351,year_2,NOT_ASKED,False,True,False,False,False,True,True
year_2_002352,year_2,NOT_ASKED,False,True,False,False,False,True,True
year_2_002353,year_2,NOT_ASKED,False,False,False,False,True,True,True
year_2_002354,year_2,NOT_ASKED,False,True,False,False,False,True,True
year_2_002355,year_2,NOT_ASKED,,,,,,True,False
year_2_002356,year_2,NOT_ASKED,True,False,False,False,False,True,True
year_2_002357,year_2,NOT_ASKED,False,True,False,False,False,True,True
year_2_002358,year_2,NOT_ASKED,False,True,False,False,False,True,True
year_2_002359,year_2,NOT_ASKED,False,True,False,False,False,True,True
year_2_002360,year_2,NOT_ASKED,False,True,False,False,False,True,True
year_2_002361,year_2,NOT_ASKED,False,True,False,False,False,True,True
year_2_002362,year_2,NOT_ASKED,False,True,False,False,False,True,True
year_2_002363,year_2,SECONDARY_INITIATIVE,,,,,,True,False
year_2_002364,year_2,NOT_ASKED,True,False,False,False,False,True,True
year_2_002365,year_2,TOP_PRIORITY_MEDIUM_TERM,,,,,,True,False
year_2_002366,year_2,NOT_ASKED,False,True,False,False,False,True,True
year_2_002367,year_2,NOT_ASKED,False,False,True,False,False,True,True
year_2_002368,year_2,NOT_ASKED,False,True,False,False,False,True,True
year_2_002369,year_2,NOT_ASKED,False,True,False,False,False,True,True
year_2_002370,year_2,NOT_ASKED,False,True,False,False,False,True,True
year_2_002371,year_2,NOT_ASKED,False,True,False,False,False,True,True
year_2_002372,year_2,NOT_ASKED,True,False,False,False,False,True,True
year_2_002373,year_2,NOT_ASKED,False,True,False,False,False,True,True
year_2_002374,year_2,NOT_ASKED,,,,,,True,False
year_2_002375,year_2,NOT_ASKED,False,True,False,False,False,True,True
year_2_002376,year_2,NOT_ASKED,False,True,False,False,False,True,True
year_2_002377,year_2,NOT_ASKED,False,True,False,False,False,True,True
year_2_002378,year_2,SECONDARY_INITIATIVE,,,,,,True,False
year_2_002379,year_2,NOT_ASKED,False,True,False,False,False,True,True
year_2_002380,year_2,NOT_ASKED,False,True,False,False,False,True,True
year_2_002381,year_2,NOT_ASKED,False,False,False,True,False,True,True
year_2_002382,year_2,SECONDARY_INITIATIVE,,,,,,True,False
year_2_002383,year_2,NOT_ASKED,,,,,,True,False
year_2_002384,year_2,NOT_ASKED,False,True,False,False,False,True,True
year_2_002385,year_2,NOT_PRIORITY,,,,,,True,False
year_2_002386,year_2,NOT_ASKED,True,False,False,False,False,True,True
year_2_002387,year_2,NOT_ASKED,False,True,False,False,False,True,True
year_2_002388,year_2,NOT_ASKED,False,True,False,False,False,True,True
year_2_002389,year_2,NOT_ASKED,False,True,False,True,False,True,True
year_2_002390,year_2,NOT_ASKED,False,False,False,True,True,True,True
year_2_002391,year_2,NOT_ASKED,False,True,False,False,False,True,True
year_2_002392,year_2,NOT_ASKED,False,False,False,False,True,True,True
year_2_002393,year_2,NOT_ASKED,False,True,False,False,False,True,True
year_2_002394,year_2,NOT_ASKED,False,True,False,False,False,True,True
year_2_002395,year_2,SECONDARY_INITIATIVE,,,,,,True,False
year_2_002396,year_2,NOT_PRIORITY,,,,,,True,False
year_2_002397,year_2,NOT_ASKED,False,False,False,False,True,True,True
year_2_002398,year_2,NOT_ASKED,False,True,False,False,False,True,True
year_2_002399,year_2,NOT_PRIORITY,,,,,,True,False
year_2_002400,year_2,NOT_ASKED,False,True,False,False,False,True,True
year_2_002401,year_2,NOT_ASKED,,,,,,True,False
year_2_002402,year_2,NOT_ASKED,True,False,False,False,False,True,True
year_2_002403,year_2,NOT_ASKED,False,True,False,False,False,True,True
year_2_002404,year_2,NOT_ASKED,False,True,False,False,False,True,True
year_2_002405,year_2,NOT_ASKED,False,True,False,False,True,True,True
year_2_002406,year_2,TOP_PRIORITY_MEDIUM_TERM,,,,,,True,False
year_2_002407,year_2,NOT_ASKED,False,True,False,False,False,True,True
year_2_002408,year_2,NOT_ASKED,False,True,False,False,False,True,True
year_2_002409,year_2,NOT_ASKED,False,True,False,False,False,True,True
year_2_002410,year_2,NOT_ASKED,False,True,False,False,False,True,True
year_2_002411,year_2,NOT_ASKED,,,,,,True,False
year_2_002412,year_2,SECONDARY_INITIATIVE,,,,,,True,False
year_2_002413,year_2,NOT_ASKED,,,,,,True,False
year_2_002414,year_2,DONT_KNOW,,,,,,True,False
year_2_002415,year_2,NOT_ASKED,,,,,,True,False
year_2_002416,year_2,NOT_ASKED,True,False,False,False,False,True,True
year_2_002417,year_2,NOT_ASKED,False,True,False,False,False,True,True
year_2_002418,year_2,NOT_ASKED,False,True,False,False,False,True,True
year_2_002419,year_2,NOT_ASKED,False,True,False,False,False,True,True
year_2_002420,year_2,NOT_ASKED,False,False,False,True,True,True,True
year_2_002421,year_2,NOT_ASKED,False,True,False,False,False,True,True
year_2_002422,year_2,NOT_ASKED,False,False,True,False,True,True,True
year_2_002423,year_2,NOT_ASKED,True,False,False,False,False,True,True
year_2_002424,year_2,NOT_ASKED,False,True,False,False,False,True,True
year_2_002425,year_2,NOT_ASKED,False,True,False,False,True,True,True
year_2_002426,year_2,NOT_ASKED,False,True,False,False,False,True,True
year_2_002427,year_2,NOT_ASKED,False,False,False,True,True,True,True
year_2_002428,year_2,NOT_ASKED,True,False,False,False,False,True,True
year_2_002429,year_2,TOP_PRIORITY_MAIN,,,,,,True,False
year_2_002430,year_2,NOT_ASKED,False,True,False,False,False,True,True
year_2_002431,year_2,NOT_ASKED,False,False,True,False,False,True,True
year_2_002432,year_2,NOT_ASKED,False,True,False,False,False,True,True
year_2_002433,year_2,NOT_ASKED,False,False,False,False,True,True,True
year_2_002434,year_2,NOT_ASKED,False,True,False,False,False,True,True
year_2_002435,year_2,NOT_ASKED,False,True,False,False,False,True,True
year_2_002436,year_2,NOT_ASKED,False,True,False,False,False,True,True
year_2_002437,year_2,SECONDARY_INITIATIVE,,,,,,True,False
year_2_002438,year_2,NOT_ASKED,True,False,False,False,False,True,True
year_2_002439,year_2,NOT_ASKED,False,True,False,False,False,True,True
year_2_002440,year_2,NOT_ASKED,False,True,False,False,False,True,True
year_2_002441,year_2,NOT_ASKED,False,True,False,False,False,True,True
year_2_002442,year_2,NOT_ASKED,True,False,False,False,False,True,True
year_2_002443,year_2,NOT_ASKED,True,False,False,False,False,True,True
year_2_002444,year_2,NOT_ASKED,False,False,False,False,True,True,True
year_2_002445,year_2,NOT_ASKED,,,,,,True,False
year_2_002446,year_2,NOT_ASKED,False,True,False,False,True,True,True
year_2_002447,year_2,NOT_ASKED,True,False,False,False,False,True,True
year_2_002448,year_2,NOT_ASKED,,,,,,True,False
year_2_002449,year_2,NOT_ASKED,False,True,False,False,False,True,True
year_2_002450,year_2,NOT_ASKED,False,True,False,False,False,True,True
year_2_002451,year_2,NOT_ASKED,False,True,False,False,False,True,True
year_2_002452,year_2,NOT_ASKED,False,False,False,False,True,True,True
year_2_002453,year_2,NOT_ASKED,False,True,False,False,False,True,True
year_2_002454,year_2,TOP_PRIORITY_MAIN,,,,,,True,False
year_2_002455,year_2,NOT_ASKED,False,True,False,False,False,True,True
year_2_002456,year_2,NOT_ASKED,True,False,False,False,False,True,True
year_2_002457,year_2,NOT_ASKED,,,,,,True,False
year_2_002458,year_2,SECONDARY_INITIATIVE,,,,,,True,False
year_2_002459,year_2,NOT_ASKED,False,True,False,False,False,True,True
year_2_002460,year_2,NOT_ASKED,False,True,False,False,False,True,True
year_2_002461,year_2,NOT_ASKED,True,False,False,False,False,True,True
year_2_002462,year_2,NOT_ASKED,False,True,False,False,False,True,True
year_2_002463,year_2,NOT_ASKED,False,True,False,False,False,True,True
year_2_002464,year_2,NOT_ASKED,False,True,False,False,False,True,True
year_2_002465,year_2,NOT_ASKED,True,False,False,False,False,True,True
year_2_002466,year_2,NOT_ASKED,False,True,False,False,False,True,True
year_2_002467,year_2,TOP_PRIORITY_MEDIUM_TERM,,,,,,True,False
year_2_002468,year_2,SECONDARY_INITIATIVE,,,,,,True,False
year_2_002469,year_2,NOT_ASKED,False,True,False,False,False,True,True
year_2_002470,year_2,NOT_ASKED,True,False,False,False,False,True,True
year_2_002471,year_2,NOT_ASKED,False,False,False,True,False,True,True
year_2_002472,year_2,NOT_ASKED,False,True,False,False,False,True,True
year_2_002473,year_2,NOT_ASKED,,,,,,True,False
year_2_002474,year_2,NOT_ASKED,False,True,False,False,False,True,True
year_2_002475,year_2,NOT_ASKED,False,True,False,False,False,True,True
year_2_002476,year_2,NOT_ASKED,,,,,,True,False
year_2_002477,year_2,NOT_ASKED,True,False,False,False,False,True,True
year_2_002478,year_2,NOT_ASKED,False,False,False,False,True,True,True
year_2_002479,year_2,NOT_ASKED,False,True,False,False,False,True,True
year_2_002480,year_2,NOT_ASKED,False,True,False,False,False,True,True
year_2_002481,year_2,NOT_ASKED,False,False,False,False,True,True,True
year_2_002482,year_2,NOT_ASKED,False,True,False,False,False,True,True
year_2_002483,year_2,NOT_ASKED,False,True,False,False,True,True,True
year_2_002484,year_2,NOT_ASKED,True,False,False,False,False,True,True
year_2_002485,year_2,NOT_ASKED,,,,,,True,False
year_2_002486,year_2,NOT_ASKED,,,,,,True,False
year_2_002487,year_2,DONT_KNOW,,,,,,True,False
year_2_002488,year_2,NOT_PRIORITY,,,,,,True,False
year_2_002489,year_2,NOT_ASKED,True,False,False,False,False,True,True
year_2_002490,year_2,NOT_ASKED,False,False,False,False,True,True,True
year_2_002491,year_2,NOT_ASKED,False,True,False,False,False,True,True
year_2_002492,year_2,NOT_ASKED,,,,,,True,False
year_2_002493,year_2,NOT_ASKED,False,True,False,False,False,True,True
year_2_002494,year_2,NOT_PRIORITY,,,,,,True,False
year_2_002495,year_2,NOT_ASKED,False,False,False,False,True,True,True
year_2_002496,year_2,NOT_ASKED,False,True,False,False,False,True,True
year_2_002497,year_2,NOT_ASKED,,,,,,True,False
year_2_002498,year_2,NOT_ASKED,False,True,False,False,False,True,True
year_2_002499,year_2,NOT_ASKED,False,True,False,False,False,True,True
year_2_002500,year_2,DONT_KNOW,,,,,,True,False
year_2_002501,year_2,NOT_ASKED,True,False,False,False,False,True,True
year_2_002502,year_2,NOT_ASKED,,,,,,True,False
year_2_002503,year_2,NOT_ASKED,False,True,False,False,False,True,True
year_2_002504,year_2,NOT_ASKED,False,True,False,False,False,True,True
year_2_002505,year_2,NOT_ASKED,,,,,,True,False
year_2_002506,year_2,NOT_ASKED,False,True,False,False,False,True,True
year_2_002507,year_2,NOT_ASKED,False,False,False,False,True,True,True
year_2_002508,year_2,NOT_ASKED,True,False,False,False,False,True,True
year_2_002509,year_2,SECONDARY_INITIATIVE,,,,,,True,False
year_2_002510,year_2,NOT_ASKED,False,True,False,False,False,True,True
year_2_002511,year_2,NOT_ASKED,False,True,False,False,False,True,True
year_2_002512,year_2,NOT_ASKED,True,False,False,False,False,True,True
year_2_002513,year_2,NOT_ASKED,False,False,True,False,True,True,True
year_2_002514,year_2,NOT_ASKED,True,False,False,False,False,True,True
year_2_002515,year_2,NOT_ASKED,True,False,False,False,False,True,True
year_2_002516,year_2,NOT_ASKED,False,True,False,False,False,True,True
year_2_002517,year_2,NOT_ASKED,,,,,,True,False
year_2_002518,year_2,NOT_ASKED,False,True,False,False,False,True,True
year_2_002519,year_2,NOT_ASKED,False,True,False,False,False,True,True
year_2_002520,year_2,NOT_ASKED,True,False,False,False,False,True,True
year_2_002521,year_2,NOT_ASKED,False,True,False,False,False,True,True
year_2_002522,year_2,NOT_ASKED,False,True,False,False,False,True,True
year_2_002523,year_2,NOT_ASKED,False,True,False,False,False,True,True
year_2_002524,year_2,NOT_ASKED,False,True,False,False,False,True,True
year_2_002525,year_2,NOT_ASKED,False,True,False,False,False,True,True
year_2_002526,year_2,NOT_ASKED,False,True,False,False,False,True,True
year_2_002527,year_2,NOT_ASKED,False,True,False,False,False,True,True
year_2_002528,year_2,NOT_ASKED,False,True,False,False,False,True,True
year_2_002529,year_2,NOT_ASKED,True,False,False,False,False,True,True
year_2_002530,year_2,NOT_ASKED,,,,,,True,False
year_2_002531,year_2,NOT_ASKED,False,True,False,False,False,True,True
year_2_002532,year_2,NOT_ASKED,False,False,True,False,False,True,True
year_2_002533,year_2,NOT_ASKED,,,,,,True,False
year_2_002534,year_2,NOT_ASKED,True,False,False,False,False,True,True
year_2_002535,year_2,TOP_PRIORITY_MEDIUM_TERM,,,,,,True,False
year_2_002536,year_2,NOT_ASKED,False,True,False,False,False,True,True
year_2_002537,year_2,NOT_ASKED,True,False,False,False,False,True,True
year_2_002538,year_2,NOT_ASKED,,,,,,True,False
year_2_002539,year_2,NOT_ASKED,True,False,False,False,False,True,True
year_2_002540,year_2,NOT_ASKED,False,True,False,False,False,True,True
year_2_002541,year_2,NOT_ASKED,True,False,False,False,False,True,True
year_2_002542,year_2,NOT_ASKED,True,False,False,False,False,True,True
year_2_002543,year_2,NOT_ASKED,False,False,False,False,True,True,True
year_2_002544,year_2,NOT_ASKED,False,True,False,False,False,True,True
year_2_002545,year_2,NOT_ASKED,False,True,False,False,False,True,True
year_2_002546,year_2,NOT_ASKED,False,True,False,False,True,True,True
year_2_002547,year_2,SECONDARY_INITIATIVE,,,,,,True,False
year_2_002548,year_2,TOP_PRIORITY_MAIN,,,,,,True,False
year_2_002549,year_2,NOT_ASKED,True,False,False,False,False,True,True
year_2_002550,year_2,NOT_ASKED,False,True,False,False,False,True,True
year_2_002551,year_2,NOT_ASKED,False,True,False,False,False,True,True
year_2_002552,year_2,NOT_ASKED,False,False,True,False,False,True,True
year_2_002553,year_2,NOT_ASKED,False,False,False,False,True,True,True
year_2_002554,year_2,NOT_ASKED,False,True,False,False,False,True,True
year_2_002555,year_2,SECONDARY_INITIATIVE,,,,,,True,False
year_2_002556,year_2,NOT_ASKED,False,False,False,True,True,True,True
year_2_002557,year_2,TOP_PRIORITY_MEDIUM_TERM,,,,,,True,False
year_2_002558,year_2,NOT_ASKED,False,True,False,False,False,True,True
year_2_002559,year_2,NOT_PRIORITY,,,,,,True,False
year_2_002560,year_2,NOT_ASKED,,,,,,True,False
year_2_002561,year_2,NOT_PRIORITY,,,,,,True,False
year_2_002562,year_2,NOT_ASKED,False,True,False,False,False,True,True
year_2_002563,year_2,NOT_ASKED,False,True,False,False,False,True,True
year_2_002564,year_2,NOT_ASKED,False,True,False,False,False,True,True
year_2_002565,year_2,NOT_ASKED,,,,,,True,False
year_2_002566,year_2,NOT_ASKED,False,True,False,False,False,True,True
year_2_002567,year_2,NOT_ASKED,False,True,False,False,False,True,True
year_2_002568,year_2,NOT_ASKED,False,True,False,False,False,True,True
year_2_002569,year_2,NOT_ASKED,,,,,,True,False
year_2_002570,year_2,NOT_ASKED,,,,,,True,False
year_2_002571,year_2,NOT_ASKED,True,False,False,False,False,True,True
year_2_002572,year_2,NOT_ASKED,False,True,False,False,False,True,True
year_2_002573,year_2,NOT_ASKED,False,True,False,False,False,True,True
year_2_002574,year_2,NOT_ASKED,False,True,False,False,False,True,True
year_2_002575,year_2,NOT_PRIORITY,,,,,,True,False
year_2_002576,year_2,NOT_ASKED,,,,,,True,False
year_2_002577,year_2,NOT_ASKED,False,True,False,False,False,True,True
year_2_002578,year_2,NOT_ASKED,False,True,False,False,False,True,True
year_2_002579,year_2,NOT_ASKED,False,False,False,False,True,True,True
year_2_002580,year_2,TOP_PRIORITY_MEDIUM_TERM,,,,,,True,False
year_2_002581,year_2,NOT_ASKED,False,False,False,True,False,True,True
year_2_002582,year_2,NOT_PRIORITY,,,,,,True,False
year_2_002583,year_2,SECONDARY_INITIATIVE,,,,,,True,False
year_2_002584,year_2,NOT_ASKED,False,False,False,False,True,True,True
year_2_002585,year_2,NOT_ASKED,False,True,False,False,False,True,True
year_2_002586,year_2,NOT_ASKED,False,True,False,False,False,True,True
year_2_002587,year_2,NOT_ASKED,False,False,False,True,False,True,True
year_2_002588,year_2,NOT_PRIORITY,,,,,,True,False
year_2_002589,year_2,NOT_ASKED,,,,,,True,False
year_2_002590,year_2,NOT_ASKED,False,True,False,False,False,True,True
year_2_002591,year_2,TOP_PRIORITY_MAIN,,,,,,True,False
year_2_002592,year_2,SECONDARY_INITIATIVE,,,,,,True,False
year_2_002593,year_2,NOT_ASKED,,,,,,True,False
year_2_002594,year_2,NOT_ASKED,False,True,False,False,False,True,True
year_2_002595,year_2,NOT_ASKED,,,,,,True,False
year_2_002596,year_2,NOT_ASKED,False,True,False,False,False,True,True
year_2_002597,year_2,NOT_ASKED,False,True,False,False,True,True,True
year_2_002598,year_2,NOT_ASKED,False,True,False,False,False,True,True
year_2_002599,year_2,NOT_ASKED,True,False,False,False,False,True,True
year_2_002600,year_2,NOT_PRIORITY,,,,,,True,False
year_2_002601,year_2,NOT_ASKED,False,True,False,False,False,True,True
year_2_002602,year_2,NOT_ASKED,False,True,False,False,False,True,True
year_2_002603,year_2,NOT_ASKED,False,False,False,True,False,True,True
year_2_002604,year_2,NOT_ASKED,False,True,False,False,False,True,True
year_2_002605,year_2,NOT_ASKED,False,False,False,False,True,True,True
year_2_002606,year_2,NOT_ASKED,False,True,False,False,False,True,True
year_2_002607,year_2,NOT_ASKED,,,,,,True,False
year_2_002608,year_2,NOT_ASKED,False,True,False,False,False,True,True
year_2_002609,year_2,NOT_PRIORITY,,,,,,True,False
year_2_002610,year_2,NOT_ASKED,False,True,False,False,False,True,True
year_2_002611,year_2,NOT_ASKED,False,True,False,False,False,True,True
year_2_002612,year_2,NOT_PRIORITY,,,,,,True,False
year_2_002613,year_2,NOT_ASKED,False,True,False,False,True,True,True
year_2_002614,year_2,NOT_ASKED,True,False,False,False,False,True,True
year_2_002615,year_2,NOT_ASKED,False,False,False,False,True,True,True
year_2_002616,year_2,NOT_ASKED,False,True,False,False,False,True,True
year_2_002617,year_2,NOT_ASKED,True,False,False,False,False,True,True
year_2_002618,year_2,NOT_ASKED,True,False,False,False,False,True,True
year_2_002619,year_2,NOT_ASKED,False,True,False,False,False,True,True
year_2_002620,year_2,NOT_ASKED,False,True,False,False,False,True,True
year_2_002621,year_2,NOT_ASKED,False,True,False,False,False,True,True
year_2_002622,year_2,NOT_ASKED,False,True,False,False,False,True,True
year_2_002623,year_2,NOT_ASKED,False,True,False,False,False,True,True
year_2_002624,year_2,NOT_ASKED,False,False,False,True,False,True,True
year_2_002625,year_2,NOT_ASKED,False,True,False,False,False,True,True
year_2_002626,year_2,SECONDARY_INITIATIVE,,,,,,True,False
year_2_002627,year_2,NOT_ASKED,True,False,False,False,False,True,True
year_2_002628,year_2,NOT_ASKED,False,True,False,False,False,True,True
year_2_002629,year_2,NOT_ASKED,True,False,False,False,False,True,True
year_2_002630,year_2,NOT_PRIORITY,,,,,,True,False
year_2_002631,year_2,NOT_ASKED,False,True,False,False,True,True,True
year_2_002632,year_2,NOT_ASKED,,,,,,True,False
year_2_002633,year_2,SECONDARY_INITIATIVE,,,,,,True,False
year_2_002634,year_2,NOT_ASKED,False,True,False,False,False,True,True
year_2_002635,year_2,NOT_ASKED,True,False,False,False,False,True,True
year_2_002636,year_2,NOT_PRIORITY,,,,,,True,False
year_2_002637,year_2,TOP_PRIORITY_MAIN,,,,,,True,False
year_2_002638,year_2,NOT_ASKED,False,False,False,False,True,True,True
year_2_002639,year_2,NOT_ASKED,False,True,False,False,False,True,True
year_2_002640,year_2,SECONDARY_INITIATIVE,,,,,,True,False
year_2_002641,year_2,NOT_ASKED,False,True,False,False,False,True,True
year_2_002642,year_2,NOT_ASKED,True,False,False,False,False,True,True
year_2_002643,year_2,NOT_ASKED,False,True,False,False,False,True,True
year_2_002644,year_2,NOT_ASKED,False,True,False,False,False,True,True
year_2_002645,year_2,NOT_ASKED,False,True,False,False,False,True,True
year_2_002646,year_2,NOT_PRIORITY,,,,,,True,False
year_2_002647,year_2,NOT_ASKED,False,True,False,False,False,True,True
year_2_002648,year_2,NOT_ASKED,,,,,,True,False
year_2_002649,year_2,NOT_ASKED,False,True,False,False,False,True,True
year_2_002650,year_2,NOT_ASKED,True,False,False,False,False,True,True
year_2_002651,year_2,NOT_ASKED,False,True,False,False,False,True,True
year_2_002652,year_2,NOT_ASKED,False,True,False,False,False,True,True
year_2_002653,year_2,NOT_ASKED,True,False,False,False,False,True,True
year_2_002654,year_2,NOT_ASKED,False,False,False,False,True,True,True
year_2_002655,year_2,NOT_ASKED,False,True,False,False,False,True,True
year_2_002656,year_2,SECONDARY_INITIATIVE,,,,,,True,False
year_2_002657,year_2,NOT_ASKED,False,True,False,False,False,True,True
year_2_002658,year_2,NOT_ASKED,False,True,False,False,False,True,True
year_2_002659,year_2,NOT_ASKED,False,True,False,False,False,True,True
year_2_002660,year_2,NOT_ASKED,False,True,False,False,False,True,True
year_2_002661,year_2,NOT_ASKED,False,False,True,False,False,True,True
year_2_002662,year_2,NOT_ASKED,,,,,,True,False
year_2_002663,year_2,NOT_ASKED,False,True,False,False,False,True,True
year_2_002664,year_2,NOT_ASKED,False,False,True,False,True,True,True
year_2_002665,year_2,NOT_ASKED,,,,,,True,False
year_2_002666,year_2,NOT_ASKED,True,False,False,False,False,True,True
year_2_002667,year_2,NOT_ASKED,,,,,,True,False
year_2_002668,year_2,NOT_ASKED,False,False,True,False,True,True,True
year_2_002669,year_2,NOT_ASKED,False,True,False,False,False,True,True
year_2_002670,year_2,NOT_ASKED,True,False,False,False,False,True,True
year_2_002671,year_2,NOT_ASKED,False,True,False,False,False,True,True
year_2_002672,year_2,NOT_ASKED,True,False,False,False,False,True,True
year_2_002673,year_2,NOT_ASKED,,,,,,True,False
year_2_002674,year_2,TOP_PRIORITY_MAIN,,,,,,True,False
year_2_002675,year_2,NOT_ASKED,False,True,False,False,True,True,True
year_2_002676,year_2,TOP_PRIORITY_MAIN,,,,,,True,False
year_2_002677,year_2,NOT_ASKED,,,,,,True,False
year_2_002678,year_2,NOT_ASKED,False,True,False,False,False,True,True
year_2_002679,year_2,DONT_KNOW,,,,,,True,False
year_2_002680,year_2,SECONDARY_INITIATIVE,,,,,,True,False
year_2_002681,year_2,TOP_PRIORITY_MAIN,,,,,,True,False
year_2_002682,year_2,TOP_PRIORITY_MAIN,,,,,,True,False
year_2_002683,year_2,TOP_PRIORITY_MAIN,,,,,,True,False
year_2_002684,year_2,NOT_ASKED,False,True,False,False,True,True,True
year_2_002685,year_2,NOT_ASKED,False,True,False,False,False,True,True
year_2_002686,year_2,NOT_ASKED,True,False,False,False,False,True,True
year_2_002687,year_2,NOT_ASKED,False,True,False,False,False,True,True
year_2_002688,year_2,NOT_ASKED,False,True,False,False,False,True,True
year_2_002689,year_2,NOT_ASKED,True,False,False,False,False,True,True
year_2_002690,year_2,NOT_ASKED,False,True,False,False,False,True,True
year_2_002691,year_2,NOT_ASKED,,,,,,True,False
year_2_002692,year_2,NOT_ASKED,False,True,False,False,False,True,True
year_2_002693,year_2,NOT_PRIORITY,,,,,,True,False
year_2_002694,year_2,NOT_ASKED,True,False,False,False,False,True,True
year_2_002695,year_2,NOT_ASKED,True,False,False,False,False,True,True
year_2_002696,year_2,SECONDARY_INITIATIVE,,,,,,True,False
year_2_002697,year_2,NOT_ASKED,False,True,False,False,False,True,True
year_2_002698,year_2,NOT_ASKED,False,True,False,False,False,True,True
year_2_002699,year_2,NOT_ASKED,False,False,True,False,False,True,True
year_2_002700,year_2,NOT_ASKED,False,True,False,False,False,True,True
year_2_002701,year_2,NOT_ASKED,,,,,,True,False
year_2_002702,year_2,NOT_ASKED,True,False,False,False,False,True,True
year_2_002703,year_2,NOT_ASKED,True,False,False,False,False,True,True
year_2_002704,year_2,TOP_PRIORITY_MEDIUM_TERM,,,,,,True,False
year_2_002705,year_2,NOT_ASKED,,,,,,True,False
year_2_002706,year_2,NOT_ASKED,False,True,False,False,False,True,True
year_2_002707,year_2,NOT_ASKED,False,True,False,False,False,True,True
year_2_002708,year_2,NOT_ASKED,False,True,False,False,False,True,True
year_2_002709,year_2,NOT_ASKED,False,False,True,False,False,True,True
year_2_002710,year_2,NOT_ASKED,False,True,False,False,True,True,True
year_2_002711,year_2,NOT_ASKED,False,True,False,False,False,True,True
year_2_002712,year_2,NOT_ASKED,,,,,,True,False
year_2_002713,year_2,NOT_PRIORITY,,,,,,True,False
year_2_002714,year_2,TOP_PRIORITY_MAIN,,,,,,True,False
year_2_002715,year_2,NOT_ASKED,True,False,False,False,False,True,True
year_2_002716,year_2,NOT_ASKED,False,True,False,False,False,True,True
year_2_002717,year_2,NOT_ASKED,False,True,False,False,False,True,True
year_2_002718,year_2,NOT_ASKED,False,True,False,False,False,True,True
year_2_002719,year_2,NOT_ASKED,False,True,False,False,False,True,True
year_2_002720,year_2,NOT_ASKED,False,False,False,True,False,True,True
year_2_002721,year_2,NOT_ASKED,False,True,False,False,False,True,True
year_2_002722,year_2,NOT_ASKED,False,True,False,False,False,True,True
year_2_002723,year_2,NOT_ASKED,False,True,False,False,False,True,True
year_2_002724,year_2,TOP_PRIORITY_MAIN,,,,,,True,False
year_2_002725,year_2,NOT_PRIORITY,,,,,,True,False
year_2_002726,year_2,NOT_ASKED,,,,,,True,False
year_2_002727,year_2,NOT_ASKED,False,True,False,False,False,True,True
year_2_002728,year_2,NOT_PRIORITY,,,,,,True,False
year_2_002729,year_2,TOP_PRIORITY_MEDIUM_TERM,,,,,,True,False
year_2_002730,year_2,NOT_ASKED,False,False,False,True,False,True,True
year_2_002731,year_2,NOT_ASKED,True,False,False,False,False,True,True
year_2_002732,year_2,NOT_ASKED,,,,,,True,False
year_2_002733,year_2,NOT_ASKED,False,True,False,False,False,True,True
year_2_002734,year_2,TOP_PRIORITY_MEDIUM_TERM,,,,,,True,False
year_2_002735,year_2,NOT_ASKED,False,False,True,False,False,True,True
year_2_002736,year_2,NOT_ASKED,False,True,False,False,False,True,True
year_2_002737,year_2,NOT_ASKED,True,False,False,False,False,True,True
year_2_002738,year_2,NOT_ASKED,True,False,False,False,False,True,True
year_2_002739,year_2,NOT_ASKED,True,False,False,False,False,True,True
year_2_002740,year_2,TOP_PRIORITY_MEDIUM_TERM,,,,,,True,False
year_2_002741,year_2,NOT_ASKED,False,False,False,True,False,True,True
year_2_002742,year_2,NOT_ASKED,,,,,,True,False
year_2_002743,year_2,NOT_ASKED,False,True,False,False,False,True,True
year_2_002744,year_2,NOT_ASKED,,,,,,True,False
year_2_002745,year_2,NOT_ASKED,False,True,False,False,False,True,True
year_2_002746,year_2,NOT_ASKED,True,False,False,False,False,True,True
year_2_002747,year_2,NOT_ASKED,True,False,False,False,False,True,True
year_2_002748,year_2,TOP_PRIORITY_MEDIUM_TERM,,,,,,True,False
year_2_002749,year_2,NOT_ASKED,True,False,False,False,False,True,True
year_2_002750,year_2,NOT_ASKED,True,False,False,False,False,True,True
year_2_002751,year_2,TOP_PRIORITY_MEDIUM_TERM,,,,,,True,False
year_2_002752,year_2,NOT_ASKED,False,True,False,False,False,True,True
year_2_002753,year_2,NOT_ASKED,False,True,False,False,False,True,True
year_2_002754,year_2,NOT_ASKED,False,True,False,False,False,True,True
year_2_002755,year_2,NOT_ASKED,,,,,,True,False
year_2_002756,year_2,NOT_PRIORITY,,,,,,True,False
year_2_002757,year_2,NOT_ASKED,True,False,False,False,False,True,True
year_2_002758,year_2,NOT_PRIORITY,,,,,,True,False
year_2_002759,year_2,NOT_ASKED,True,False,False,False,False,True,True
year_2_002760,year_2,TOP_PRIORITY_MEDIUM_TERM,,,,,,True,False
year_2_002761,year_2,TOP_PRIORITY_MEDIUM_TERM,,,,,,True,False
year_2_002762,year_2,NOT_ASKED,False,True,False,False,False,True,True
year_2_002763,year_2,SECONDARY_INITIATIVE,,,,,,True,False
year_2_002764,year_2,NOT_ASKED,True,False,False,False,False,True,True
year_2_002765,year_2,NOT_ASKED,False,True,False,False,False,True,True
year_2_002766,year_2,NOT_ASKED,False,False,True,False,False,True,True
year_2_002767,year_2,NOT_ASKED,,,,,,True,False
year_2_002768,year_2,NOT_ASKED,True,False,False,False,False,True,True
year_2_002769,year_2,NOT_ASKED,True,False,False,False,False,True,True
year_2_002770,year_2,NOT_ASKED,False,True,False,False,False,True,True
year_2_002771,year_2,NOT_ASKED,True,False,False,False,False,True,True
year_2_002772,year_2,NOT_ASKED,False,True,False,False,False,True,True
year_2_002773,year_2,NOT_ASKED,False,True,False,False,True,True,True
year_2_002774,year_2,NOT_ASKED,False,True,False,False,False,True,True
year_2_002775,year_2,SECONDARY_INITIATIVE,,,,,,True,False
year_2_002776,year_2,NOT_ASKED,False,True,False,False,False,True,True
year_2_002777,year_2,NOT_ASKED,False,True,False,False,False,True,True
year_2_002778,year_2,NOT_ASKED,False,True,False,False,False,True,True
year_2_002779,year_2,NOT_ASKED,False,False,True,False,False,True,True
year_2_002780,year_2,NOT_ASKED,False,True,False,False,False,True,True
year_2_002781,year_2,NOT_ASKED,,,,,,True,False
year_2_002782,year_2,NOT_ASKED,False,True,False,False,False,True,True
year_2_002783,year_2,NOT_ASKED,False,True,False,True,False,True,True
year_2_002784,year_2,NOT_ASKED,False,True,False,False,False,True,True
year_2_002785,year_2,NOT_ASKED,,,,,,True,False
year_2_002786,year_2,NOT_ASKED,,,,,,True,False
year_2_002787,year_2,NOT_ASKED,True,False,False,False,False,True,True
year_2_002788,year_2,NOT_PRIORITY,,,,,,True,False
year_2_002789,year_2,NOT_ASKED,False,False,True,False,True,True,True
year_2_002790,year_2,NOT_ASKED,,,,,,True,False
year_2_002791,year_2,NOT_ASKED,False,False,False,True,False,True,True
year_2_002792,year_2,NOT_ASKED,False,True,False,False,False,True,True
year_2_002793,year_2,NOT_ASKED,False,True,False,False,False,True,True
year_2_002794,year_2,NOT_ASKED,False,True,False,False,False,True,True
year_2_002795,year_2,NOT_ASKED,False,True,False,False,False,True,True
year_2_002796,year_2,NOT_ASKED,False,True,False,False,False,True,True
year_2_002797,year_2,NOT_ASKED,False,True,False,False,False,True,True
year_2_002798,year_2,NOT_ASKED,True,False,False,False,False,True,True
year_2_002799,year_2,NOT_ASKED,False,True,False,False,False,True,True
year_2_002800,year_2,NOT_ASKED,,,,,,True,False
year_2_002801,year_2,NOT_ASKED,False,True,False,False,False,True,True
year_2_002802,year_2,NOT_ASKED,False,True,False,False,False,True,True
year_2_002803,year_2,NOT_ASKED,False,True,False,False,False,True,True
year_2_002804,year_2,NOT_ASKED,True,False,False,False,False,True,True
year_2_002805,year_2,NOT_ASKED,False,False,True,False,True,True,True
year_2_002806,year_2,NOT_ASKED,False,True,False,False,False,True,True
year_2_002807,year_2,NOT_ASKED,False,True,False,False,False,True,True
year_2_002808,year_2,NOT_ASKED,False,True,False,False,False,True,True
year_2_002809,year_2,NOT_ASKED,False,True,False,False,False,True,True
year_2_002810,year_2,NOT_ASKED,False,True,False,False,False,True,True
year_2_002811,year_2,NOT_ASKED,False,True,False,False,False,True,True
year_2_002812,year_2,NOT_PRIORITY,,,,,,True,False
year_2_002813,year_2,NOT_ASKED,,,,,,True,False
year_2_002814,year_2,NOT_ASKED,True,False,False,False,False,True,True
year_2_002815,year_2,NOT_ASKED,False,True,False,False,False,True,True
year_2_002816,year_2,NOT_ASKED,True,False,False,False,False,True,True
year_2_002817,year_2,NOT_PRIORITY,,,,,,True,False
year_2_002818,year_2,NOT_ASKED,False,True,False,False,False,True,True
year_2_002819,year_2,SECONDARY_INITIATIVE,,,,,,True,False
year_2_002820,year_2,NOT_PRIORITY,,,,,,True,False
year_2_002821,year_2,NOT_ASKED,False,True,False,False,False,True,True
year_2_002822,year_2,NOT_ASKED,False,True,False,False,False,True,True
year_2_002823,year_2,NOT_ASKED,False,False,False,False,True,True,True
year_2_002824,year_2,NOT_ASKED,False,True,False,False,False,True,True
year_2_002825,year_2,SECONDARY_INITIATIVE,,,,,,True,False
year_2_002826,year_2,NOT_ASKED,True,False,False,False,False,True,True
year_2_002827,year_2,NOT_ASKED,False,False,True,False,False,True,True
year_2_002828,year_2,NOT_ASKED,False,True,False,False,False,True,True
year_2_002829,year_2,NOT_ASKED,True,False,False,False,False,True,True
year_2_002830,year_2,NOT_ASKED,,,,,,True,False
year_2_002831,year_2,TOP_PRIORITY_MEDIUM_TERM,,,,,,True,False
year_2_002832,year_2,NOT_ASKED,False,True,False,False,False,True,True
year_2_002833,year_2,NOT_ASKED,False,True,False,False,False,True,True
year_2_002834,year_2,NOT_ASKED,False,True,False,False,False,True,True
year_2_002835,year_2,NOT_ASKED,False,True,False,False,False,True,True
year_2_002836,year_2,NOT_ASKED,False,False,False,False,True,True,True
year_2_002837,year_2,NOT_ASKED,False,True,False,False,False,True,True
year_2_002838,year_2,NOT_ASKED,True,False,False,False,False,True,True
year_2_002839,year_2,NOT_ASKED,False,True,False,False,False,True,True
year_2_002840,year_2,NOT_ASKED,,,,,,True,False
year_2_002841,year_2,NOT_ASKED,False,True,False,False,False,True,True
year_2_002842,year_2,NOT_ASKED,,,,,,True,False
year_2_002843,year_2,NOT_ASKED,False,True,False,False,False,True,True
year_2_002844,year_2,NOT_ASKED,False,False,True,False,True,True,True
year_2_002845,year_2,NOT_PRIORITY,,,,,,True,False
year_2_002846,year_2,NOT_ASKED,True,False,False,False,False,True,True
year_2_002847,year_2,TOP_PRIORITY_MEDIUM_TERM,,,,,,True,False
year_2_002848,year_2,SECONDARY_INITIATIVE,,,,,,True,False
year_2_002849,year_2,NOT_ASKED,False,True,False,False,False,True,True
year_2_002850,year_2,NOT_ASKED,False,True,False,False,False,True,True
year_2_002851,year_2,NOT_ASKED,False,True,False,False,False,True,True
year_2_002852,year_2,NOT_ASKED,False,True,False,False,False,True,True
year_2_002853,year_2,SECONDARY_INITIATIVE,,,,,,True,False
year_2_002854,year_2,NOT_ASKED,False,True,False,False,False,True,True
year_2_002855,year_2,NOT_ASKED,False,True,False,False,False,True,True
year_2_002856,year_2,NOT_ASKED,False,True,False,False,False,True,True
year_2_002857,year_2,NOT_PRIORITY,,,,,,True,False
year_2_002858,year_2,NOT_ASKED,False,True,False,False,False,True,True
year_2_002859,year_2,TOP_PRIORITY_MAIN,,,,,,True,False
year_2_002860,year_2,NOT_ASKED,True,False,False,False,False,True,True
year_2_002861,year_2,NOT_ASKED,True,False,False,False,False,True,True
year_2_002862,year_2,NOT_ASKED,False,True,False,False,False,True,True
year_2_002863,year_2,NOT_ASKED,False,False,True,False,False,True,True
year_2_002864,year_2,NOT_ASKED,,,,,,True,False
year_2_002865,year_2,NOT_ASKED,False,True,False,False,False,True,True
year_2_002866,year_2,TOP_PRIORITY_MAIN,,,,,,True,False
year_2_002867,year_2,NOT_ASKED,False,False,False,False,True,True,True
year_2_002868,year_2,TOP_PRIORITY_MEDIUM_TERM,,,,,,True,False
year_2_002869,year_2,NOT_ASKED,,,,,,True,False
year_2_002870,year_2,NOT_ASKED,False,True,False,False,False,True,True
year_2_002871,year_2,NOT_ASKED,False,True,False,False,False,True,True
year_2_002872,year_2,NOT_ASKED,False,True,False,False,True,True,True
year_2_002873,year_2,TOP_PRIORITY_MEDIUM_TERM,,,,,,True,False
year_2_002874,year_2,NOT_ASKED,False,True,False,False,False,True,True
year_2_002875,year_2,TOP_PRIORITY_MEDIUM_TERM,,,,,,True,False
year_2_002876,year_2,NOT_ASKED,True,False,False,False,False,True,True
year_2_002877,year_2,NOT_ASKED,True,False,False,False,False,True,True
year_2_002878,year_2,NOT_ASKED,False,True,False,False,False,True,True
year_2_002879,year_2,NOT_ASKED,False,True,False,False,False,True,True
year_2_002880,year_2,NOT_ASKED,False,True,False,False,False,True,True
year_2_002881,year_2,NOT_ASKED,False,True,False,False,True,True,True
year_2_002882,year_2,NOT_ASKED,True,False,False,False,False,True,True
year_2_002883,year_2,NOT_PRIORITY,,,,,,True,False
year_2_002884,year_2,NOT_ASKED,False,True,False,False,False,True,True
year_2_002885,year_2,NOT_ASKED,False,True,False,False,False,True,True
year_2_002886,year_2,NOT_ASKED,False,True,False,False,False,True,True
year_2_002887,year_2,NOT_ASKED,False,True,False,False,False,True,True
year_2_002888,year_2,NOT_ASKED,False,True,False,False,False,True,True
year_2_002889,year_2,NOT_ASKED,False,False,False,False,True,True,True
year_2_002890,year_2,NOT_ASKED,True,False,False,False,False,True,True
year_2_002891,year_2,NOT_ASKED,False,True,False,False,False,True,True
year_2_002892,year_2,NOT_ASKED,False,True,False,False,False,True,True
year_2_002893,year_2,NOT_ASKED,,,,,,True,False
year_2_002894,year_2,NOT_ASKED,False,False,False,True,True,True,True
year_2_002895,year_2,TOP_PRIORITY_MEDIUM_TERM,,,,,,True,False
year_2_002896,year_2,NOT_ASKED,False,True,False,False,True,True,True
year_2_002897,year_2,NOT_ASKED,False,False,False,False,True,True,True
year_2_002898,year_2,NOT_PRIORITY,,,,,,True,False
year_2_002899,year_2,NOT_ASKED,False,True,False,False,False,True,True
year_2_002900,year_2,NOT_ASKED,False,True,False,False,False,True,True
year_2_002901,year_2,NOT_ASKED,False,True,False,False,False,True,True
year_2_002902,year_2,TOP_PRIORITY_MEDIUM_TERM,,,,,,True,False
year_2_002903,year_2,NOT_ASKED,False,True,False,False,False,True,True
year_2_002904,year_2,NOT_ASKED,True,False,False,False,False,True,True
year_2_002905,year_2,NOT_ASKED,True,False,False,False,False,True,True
year_2_002906,year_2,NOT_ASKED,False,True,False,False,False,True,True
year_2_002907,year_2,NOT_ASKED,False,False,False,False,True,True,True
year_2_002908,year_2,NOT_ASKED,False,True,False,False,False,True,True
year_2_002909,year_2,NOT_ASKED,,,,,,True,False
year_2_002910,year_2,NOT_ASKED,False,True,False,False,False,True,True
year_2_002911,year_2,NOT_ASKED,False,True,False,False,False,True,True
year_2_002912,year_2,TOP_PRIORITY_MEDIUM_TERM,,,,,,True,False
year_2_002913,year_2,NOT_ASKED,True,False,False,False,False,True,True
year_2_002914,year_2,NOT_PRIORITY,,,,,,True,False
year_2_002915,year_2,NOT_ASKED,False,True,False,False,True,True,True
year_2_002916,year_2,NOT_ASKED,True,False,False,False,False,True,True
year_2_002917,year_2,NOT_ASKED,,,,,,True,False
year_2_002918,year_2,NOT_ASKED,False,True,False,False,False,True,True
year_2_002919,year_2,NOT_ASKED,False,True,False,False,False,True,True
year_2_002920,year_2,NOT_ASKED,False,True,False,False,False,True,True
year_2_002921,year_2,NOT_ASKED,,,,,,True,False
year_2_002922,year_2,NOT_ASKED,,,,,,True,False
year_2_002923,year_2,NOT_ASKED,False,True,False,False,False,True,True
year_2_002924,year_2,NOT_ASKED,False,True,False,False,False,True,True
year_2_002925,year_2,NOT_ASKED,,,,,,True,False
year_2_002926,year_2,NOT_ASKED,False,False,False,False,True,True,True
year_2_002927,year_2,NOT_ASKED,False,True,False,False,False,True,True
year_2_002928,year_2,NOT_ASKED,False,True,False,False,False,True,True
year_2_002929,year_2,NOT_ASKED,False,False,False,True,False,True,True
year_2_002930,year_2,NOT_ASKED,False,True,False,False,False,True,True
year_2_002931,year_2,NOT_ASKED,False,True,False,False,False,True,True
year_2_002932,year_2,NOT_ASKED,False,True,False,False,False,True,True
year_2_002933,year_2,NOT_ASKED,,,,,,True,False
year_2_002934,year_2,NOT_ASKED,False,True,False,False,False,True,True
year_2_002935,year_2,TOP_PRIORITY_MAIN,,,,,,True,False
year_2_002936,year_2,NOT_ASKED,False,True,False,False,False,True,True
year_2_002937,year_2,TOP_PRIORITY_MEDIUM_TERM,,,,,,True,False
year_2_002938,year_2,NOT_ASKED,False,False,False,True,False,True,True
year_2_002939,year_2,NOT_ASKED,True,False,False,False,False,True,True
year_2_002940,year_2,NOT_ASKED,False,False,False,False,True,True,True
year_2_002941,year_2,SECONDARY_INITIATIVE,,,,,,True,False
year_2_002942,year_2,NOT_ASKED,False,True,False,False,False,True,True
year_2_002943,year_2,NOT_ASKED,False,False,False,True,False,True,True
year_2_002944,year_2,NOT_PRIORITY,,,,,,True,False
year_2_002945,year_2,NOT_ASKED,,,,,,True,False
year_2_002946,year_2,SECONDARY_INITIATIVE,,,,,,True,False
year_2_002947,year_2,NOT_ASKED,False,False,False,False,True,True,True
year_2_002948,year_2,NOT_ASKED,False,False,False,True,False,True,True
year_2_002949,year_2,SECONDARY_INITIATIVE,,,,,,True,False
year_2_002950,year_2,NOT_ASKED,False,True,False,False,False,True,True
year_2_002951,year_2,NOT_ASKED,False,True,False,False,False,True,True
year_2_002952,year_2,NOT_ASKED,False,True,False,False,False,True,True
year_2_002953,year_2,NOT_ASKED,True,False,False,False,False,True,True
year_2_002954,year_2,NOT_ASKED,False,True,False,False,False,True,True
year_2_002955,year_2,NOT_ASKED,,,,,,True,False
year_2_002956,year_2,NOT_ASKED,True,False,False,False,False,True,True
year_2_002957,year_2,SECONDARY_INITIATIVE,,,,,,True,False
year_2_002958,year_2,NOT_ASKED,False,True,False,False,False,True,True
year_2_002959,year_2,NOT_ASKED,False,True,False,False,False,True,True
year_2_002960,year_2,NOT_ASKED,,,,,,True,False
year_2_002961,year_2,NOT_ASKED,False,True,False,False,False,True,True
year_2_002962,year_2,TOP_PRIORITY_MEDIUM_TERM,,,,,,True,False
year_2_002963,year_2,NOT_ASKED,False,True,False,False,False,True,True
year_2_002964,year_2,NOT_ASKED,,,,,,True,False
year_2_002965,year_2,NOT_ASKED,False,True,False,False,False,True,True
year_2_002966,year_2,NOT_ASKED,False,False,True,False,True,True,True
year_2_002967,year_2,NOT_ASKED,False,False,True,False,False,True,True
year_2_002968,year_2,NOT_ASKED,False,True,False,False,False,True,True
year_2_002969,year_2,NOT_ASKED,False,True,False,False,False,True,True
year_2_002970,year_2,NOT_ASKED,,,,,,True,False
year_2_002971,year_2,NOT_ASKED,False,False,True,False,True,True,True
year_2_002972,year_2,NOT_ASKED,False,True,False,False,False,True,True
year_2_002973,year_2,NOT_ASKED,True,False,False,False,False,True,True
year_2_002974,year_2,NOT_ASKED,False,True,False,False,False,True,True
year_2_002975,year_2,SECONDARY_INITIATIVE,,,,,,True,False
year_2_002976,year_2,NOT_ASKED,False,True,False,False,False,True,True
year_2_002977,year_2,NOT_ASKED,True,False,False,False,False,True,True
year_2_002978,year_2,NOT_ASKED,False,True,False,False,False,True,True
year_2_002979,year_2,NOT_ASKED,False,True,False,False,False,True,True
year_2_002980,year_2,NOT_ASKED,True,False,False,False,False,True,True
year_2_002981,year_2,NOT_ASKED,False,False,False,True,False,True,True
year_2_002982,year_2,NOT_ASKED,False,True,False,False,False,True,True
year_2_002983,year_2,NOT_ASKED,,,,,,True,False
year_2_002984,year_2,NOT_ASKED,False,True,False,False,False,True,True
year_2_002985,year_2,NOT_ASKED,False,True,False,False,False,True,True
year_2_002986,year_2,NOT_PRIORITY,,,,,,True,False
year_2_002987,year_2,NOT_ASKED,False,True,False,False,True,True,True
year_2_002988,year_2,NOT_ASKED,False,False,True,False,False,True,True
year_2_002989,year_2,NOT_ASKED,,,,,,True,False
year_2_002990,year_2,NOT_ASKED,False,True,False,False,False,True,True
year_2_002991,year_2,NOT_ASKED,True,False,False,False,False,True,True
year_2_002992,year_2,NOT_ASKED,,,,,,True,False
year_2_002993,year_2,SECONDARY_INITIATIVE,,,,,,True,False
year_2_002994,year_2,NOT_ASKED,False,True,False,False,False,True,True
year_2_002995,year_2,DONT_KNOW,,,,,,True,False
year_2_002996,year_2,NOT_ASKED,False,True,False,False,False,True,True
year_2_002997,year_2,NOT_ASKED,False,True,False,False,False,True,True
year_2_002998,year_2,NOT_ASKED,False,True,False,False,False,True,True
year_2_002999,year_2,NOT_ASKED,False,True,False,False,False,True,True
year_2_003000,year_2,NOT_ASKED,False,True,False,False,False,True,True
year_2_003001,year_2,NOT_ASKED,True,False,False,False,False,True,True
year_2_003002,year_2,NOT_ASKED,False,True,False,False,False,True,True
year_2_003003,year_2,NOT_ASKED,False,False,True,False,False,True,True
year_2_003004,year_2,NOT_ASKED,True,False,False,False,False,True,True
year_2_003005,year_2,NOT_ASKED,True,False,False,False,False,True,True
year_2_003006,year_2,NOT_ASKED,True,False,False,False,False,True,True
year_2_003007,year_2,NOT_ASKED,False,True,False,False,False,True,True
year_2_003008,year_2,NOT_ASKED,,,,,,True,False
year_2_003009,year_2,NOT_ASKED,False,True,False,False,False,True,True
year_2_003010,year_2,NOT_ASKED,True,False,False,False,False,True,True
year_2_003011,year_2,NOT_ASKED,False,True,False,False,False,True,True
year_2_003012,year_2,NOT_ASKED,False,True,False,False,False,True,True
year_2_003013,year_2,NOT_ASKED,True,False,False,False,False,True,True
year_2_003014,year_2,NOT_ASKED,False,False,True,False,False,True,True
year_2_003015,year_2,NOT_ASKED,False,False,False,True,True,True,True
year_2_003016,year_2,NOT_ASKED,False,True,False,False,False,True,True
year_2_003017,year_2,NOT_ASKED,,,,,,True,False
year_2_003018,year_2,NOT_ASKED,,,,,,True,False
year_2_003019,year_2,NOT_ASKED,False,True,False,False,False,True,True
year_2_003020,year_2,NOT_ASKED,False,True,False,False,False,True,True
year_2_003021,year_2,NOT_ASKED,False,True,False,False,False,True,True
year_2_003022,year_2,SECONDARY_INITIATIVE,,,,,,True,False
year_2_003023,year_2,NOT_ASKED,False,True,False,False,False,True,True
year_2_003024,year_2,NOT_ASKED,False,True,False,False,False,True,True
year_2_003025,year_2,NOT_ASKED,False,True,False,False,False,True,True
year_2_003026,year_2,NOT_ASKED,True,False,False,False,False,True,True
year_2_003027,year_2,NOT_ASKED,False,True,False,False,False,True,True
year_2_003028,year_2,NOT_ASKED,False,False,False,True,True,True,True
year_2_003029,year_2,NOT_ASKED,False,True,False,False,False,True,True
year_2_003030,year_2,NOT_ASKED,True,False,False,False,False,True,True
year_2_003031,year_2,NOT_ASKED,True,False,False,False,False,True,True
year_2_003032,year_2,NOT_ASKED,False,False,False,False,True,True,True
year_2_003033,year_2,NOT_ASKED,,,,,,True,False
year_2_003034,year_2,NOT_ASKED,False,True,False,False,False,True,True
year_2_003035,year_2,NOT_ASKED,False,False,True,False,False,True,True
year_2_003036,year_2,NOT_ASKED,False,True,False,False,False,True,True
year_2_003037,year_2,NOT_ASKED,False,True,False,False,False,True,True
year_2_003038,year_2,NOT_ASKED,False,True,False,False,False,True,True
year_2_003039,year_2,NOT_ASKED,,,,,,True,False
year_2_003040,year_2,NOT_ASKED,False,True,False,False,False,True,True
year_2_003041,year_2,NOT_ASKED,False,True,False,False,False,True,True
year_2_003042,year_2,TOP_PRIORITY_MEDIUM_TERM,,,,,,True,False
year_2_003043,year_2,NOT_ASKED,True,False,False,False,False,True,True
year_2_003044,year_2,TOP_PRIORITY_MEDIUM_TERM,,,,,,True,False
year_2_003045,year_2,NOT_ASKED,False,True,False,False,False,True,True
year_2_003046,year_2,NOT_PRIORITY,,,,,,True,False
year_2_003047,year_2,NOT_ASKED,False,True,False,False,False,True,True
year_2_003048,year_2,SECONDARY_INITIATIVE,,,,,,True,False
year_2_003049,year_2,NOT_ASKED,False,True,False,False,False,True,True
year_2_003050,year_2,NOT_ASKED,True,False,False,False,False,True,True
year_2_003051,year_2,NOT_PRIORITY,,,,,,True,False
year_2_003052,year_2,NOT_ASKED,True,False,False,False,False,True,True
year_2_003053,year_2,NOT_ASKED,False,True,False,False,False,True,True
year_2_003054,year_2,NOT_ASKED,False,True,False,False,False,True,True
year_2_003055,year_2,SECONDARY_INITIATIVE,,,,,,True,False
year_2_003056,year_2,SECONDARY_INITIATIVE,,,,,,True,False
year_2_003057,year_2,NOT_PRIORITY,,,,,,True,False
year_2_003058,year_2,TOP_PRIORITY_MEDIUM_TERM,,,,,,True,False
year_2_003059,year_2,NOT_ASKED,False,True,False,False,False,True,True
year_2_003060,year_2,NOT_ASKED,True,False,False,False,False,True,True
year_2_003061,year_2,NOT_ASKED,,,,,,True,False
year_2_003062,year_2,NOT_ASKED,True,False,False,False,False,True,True
year_2_003063,year_2,TOP_PRIORITY_MAIN,,,,,,True,False
year_2_003064,year_2,NOT_ASKED,False,True,False,False,False,True,True
year_2_003065,year_2,NOT_ASKED,False,True,False,False,False,True,True
year_2_003066,year_2,NOT_ASKED,False,True,False,False,False,True,True
year_2_003067,year_2,NOT_ASKED,False,True,False,False,False,True,True
year_2_003068,year_2,NOT_ASKED,False,True,False,False,False,True,True
year_2_003069,year_2,NOT_ASKED,False,False,True,False,False,True,True
year_2_003070,year_2,NOT_ASKED,False,True,False,False,False,True,True
year_2_003071,year_2,NOT_PRIORITY,,,,,,True,False
year_2_003072,year_2,NOT_ASKED,False,True,False,False,False,True,True
year_2_003073,year_2,NOT_ASKED,False,True,False,False,False,True,True
year_2_003074,year_2,NOT_ASKED,,,,,,True,False
year_2_003075,year_2,NOT_ASKED,False,False,True,False,True,True,True
year_2_003076,year_2,NOT_PRIORITY,,,,,,True,False
year_2_003077,year_2,NOT_ASKED,True,False,False,False,False,True,True
year_2_003078,year_2,NOT_ASKED,,,,,,True,False
year_2_003079,year_2,NOT_ASKED,False,False,True,False,False,True,True
year_2_003080,year_2,NOT_ASKED,True,False,False,False,False,True,True
year_2_003081,year_2,TOP_PRIORITY_MEDIUM_TERM,,,,,,True,False
year_2_003082,year_2,NOT_ASKED,True,False,False,False,False,True,True
year_2_003083,year_2,NOT_ASKED,False,False,True,False,False,True,True
year_2_003084,year_2,NOT_ASKED,False,False,False,False,True,True,True
year_2_003085,year_2,NOT_ASKED,True,False,False,False,False,True,True
year_2_003086,year_2,NOT_PRIORITY,,,,,,True,False
year_2_003087,year_2,NOT_ASKED,False,True,False,True,False,True,True
year_2_003088,year_2,NOT_ASKED,False,False,False,False,True,True,True
year_2_003089,year_2,NOT_ASKED,False,True,False,False,False,True,True
year_2_003090,year_2,NOT_ASKED,True,False,False,False,False,True,True
year_2_003091,year_2,NOT_ASKED,True,False,False,False,False,True,True
year_2_003092,year_2,NOT_ASKED,False,True,False,False,True,True,True
year_2_003093,year_2,NOT_ASKED,False,True,False,False,False,True,True
year_2_003094,year_2,NOT_ASKED,True,False,False,False,False,True,True
year_2_003095,year_2,NOT_ASKED,False,True,False,False,False,True,True
year_2_003096,year_2,NOT_ASKED,False,True,False,False,True,True,True
year_2_003097,year_2,TOP_PRIORITY_MEDIUM_TERM,,,,,,True,False
year_2_003098,year_2,NOT_ASKED,False,True,False,False,False,True,True
year_2_003099,year_2,NOT_ASKED,,,,,,True,False
year_2_003100,year_2,NOT_ASKED,False,True,False,False,False,True,True
year_2_003101,year_2,NOT_ASKED,False,False,False,True,False,True,True
year_2_003102,year_2,TOP_PRIORITY_MEDIUM_TERM,,,,,,True,False
year_2_003103,year_2,NOT_ASKED,False,True,False,False,False,True,True
year_2_003104,year_2,NOT_ASKED,False,False,False,False,True,True,True
year_2_003105,year_2,NOT_ASKED,False,True,False,False,False,True,True
year_2_003106,year_2,NOT_ASKED,False,True,False,False,False,True,True
year_2_003107,year_2,NOT_ASKED,True,False,False,False,False,True,True
year_2_003108,year_2,NOT_ASKED,False,False,False,True,False,True,True
year_2_003109,year_2,NOT_ASKED,True,False,False,False,False,True,True
year_2_003110,year_2,NOT_ASKED,False,True,False,False,False,True,True
year_2_003111,year_2,NOT_ASKED,True,False,False,False,False,True,True
year_2_003112,year_2,NOT_ASKED,False,True,False,False,False,True,True
year_2_003113,year_2,TOP_PRIORITY_MAIN,,,,,,True,False
year_2_003114,year_2,NOT_ASKED,,,,,,True,False
year_2_003115,year_2,NOT_ASKED,True,False,False,False,False,True,True
year_2_003116,year_2,NOT_ASKED,False,True,False,False,False,True,True
year_2_003117,year_2,NOT_ASKED,False,True,False,False,False,True,True
year_2_003118,year_2,NOT_ASKED,True,False,False,False,False,True,True
year_2_003119,year_2,NOT_ASKED,False,False,False,False,True,True,True
year_2_003120,year_2,SECONDARY_INITIATIVE,,,,,,True,False
year_2_003121,year_2,NOT_ASKED,False,True,False,False,False,True,True
year_2_003122,year_2,NOT_ASKED,False,True,False,False,False,True,True
year_2_003123,year_2,NOT_ASKED,,,,,,True,False
year_2_003124,year_2,TOP_PRIORITY_MEDIUM_TERM,,,,,,True,False
year_2_003125,year_2,NOT_ASKED,True,False,False,False,False,True,True
year_2_003126,year_2,NOT_ASKED,False,True,False,False,True,True,True
year_2_003127,year_2,NOT_ASKED,,,,,,True,False
year_2_003128,year_2,NOT_ASKED,False,False,False,False,True,True,True
year_2_003129,year_2,NOT_ASKED,,,,,,True,False
year_2_003130,year_2,TOP_PRIORITY_MEDIUM_TERM,,,,,,True,False
year_2_003131,year_2,SECONDARY_INITIATIVE,,,,,,True,False
year_2_003132,year_2,NOT_ASKED,False,True,False,False,False,True,True
year_2_003133,year_2,NOT_ASKED,False,False,True,False,True,True,True
year_2_003134,year_2,NOT_ASKED,False,True,False,False,True,True,True
year_2_003135,year_2,NOT_ASKED,False,True,False,False,True,True,True
year_2_003136,year_2,NOT_ASKED,,,,,,True,False
year_2_003137,year_2,NOT_ASKED,True,False,False,False,False,True,True
year_2_003138,year_2,TOP_PRIORITY_MAIN,,,,,,True,False
year_2_003139,year_2,NOT_ASKED,False,True,False,False,False,True,True
year_2_003140,year_2,NOT_ASKED,False,False,True,False,False,True,True
year_2_003141,year_2,NOT_ASKED,False,True,False,False,False,True,True
year_2_003142,year_2,NOT_ASKED,False,False,False,True,False,True,True
year_2_003143,year_2,NOT_ASKED,,,,,,True,False
year_2_003144,year_2,TOP_PRIORITY_MEDIUM_TERM,,,,,,True,False
year_2_003145,year_2,NOT_ASKED,,,,,,True,False
year_2_003146,year_2,NOT_ASKED,True,False,False,False,False,True,True
year_2_003147,year_2,NOT_ASKED,,,,,,True,False
year_2_003148,year_2,NOT_ASKED,False,True,False,False,False,True,True
year_2_003149,year_2,NOT_ASKED,False,False,True,False,True,True,True
year_2_003150,year_2,NOT_ASKED,,,,,,True,False
year_2_003151,year_2,NOT_ASKED,False,False,False,True,False,True,True
year_2_003152,year_2,NOT_ASKED,False,True,False,False,False,True,True
year_2_003153,year_2,NOT_ASKED,False,True,False,False,False,True,True
year_2_003154,year_2,NOT_ASKED,False,False,True,False,False,True,True
year_2_003155,year_2,NOT_ASKED,True,False,False,False,False,True,True
year_2_003156,year_2,NOT_ASKED,False,True,False,False,False,True,True
year_2_003157,year_2,NOT_ASKED,False,True,False,False,False,True,True
year_2_003158,year_2,NOT_ASKED,False,True,False,False,False,True,True
year_2_003159,year_2,SECONDARY_INITIATIVE,,,,,,True,False
year_2_003160,year_2,TOP_PRIORITY_MEDIUM_TERM,,,,,,True,False
year_2_003161,year_2,NOT_PRIORITY,,,,,,True,False
year_2_003162,year_2,NOT_ASKED,,,,,,True,False
year_2_003163,year_2,NOT_ASKED,False,True,False,False,False,True,True
year_2_003164,year_2,NOT_ASKED,False,False,False,True,False,True,True
year_2_003165,year_2,TOP_PRIORITY_MAIN,,,,,,True,False
year_2_003166,year_2,NOT_ASKED,True,False,False,False,False,True,True
year_2_003167,year_2,NOT_ASKED,False,True,False,False,False,True,True
year_2_003168,year_2,NOT_ASKED,False,True,False,False,False,True,True
year_2_003169,year_2,NOT_ASKED,False,False,True,False,False,True,True
year_2_003170,year_2,NOT_ASKED,True,False,False,False,False,True,True
year_2_003171,year_2,NOT_ASKED,,,,,,True,False
year_2_003172,year_2,NOT_ASKED,True,False,False,False,False,True,True
year_2_003173,year_2,NOT_ASKED,False,True,False,False,False,True,True
year_2_003174,year_2,NOT_ASKED,False,True,False,False,False,True,True
year_2_003175,year_2,NOT_ASKED,True,False,False,False,False,True,True
year_2_003176,year_2,NOT_ASKED,,,,,,True,False
year_2_003177,year_2,TOP_PRIORITY_MEDIUM_TERM,,,,,,True,False
year_2_003178,year_2,NOT_ASKED,False,True,False,False,False,True,True
year_2_003179,year_2,NOT_ASKED,False,True,False,False,False,True,True
year_2_003180,year_2,NOT_ASKED,True,False,False,False,False,True,True
year_2_003181,year_2,NOT_ASKED,,,,,,True,False
year_2_003182,year_2,NOT_ASKED,False,True,False,False,False,True,True
year_2_003183,year_2,NOT_ASKED,False,False,False,False,True,True,True
year_2_003184,year_2,NOT_ASKED,False,True,False,False,False,True,True
year_2_003185,year_2,NOT_ASKED,True,False,False,False,False,True,True
year_2_003186,year_2,NOT_ASKED,False,False,False,True,False,True,True
year_2_003187,year_2,NOT_ASKED,,,,,,True,False
year_2_003188,year_2,NOT_ASKED,,,,,,True,False
year_2_003189,year_2,NOT_ASKED,False,True,False,False,False,True,True
year_2_003190,year_2,NOT_ASKED,False,True,False,False,False,True,True
year_2_003191,year_2,NOT_ASKED,True,False,False,False,False,True,True
year_2_003192,year_2,NOT_ASKED,False,True,False,False,False,True,True
year_2_003193,year_2,DONT_KNOW,,,,,,True,False
year_2_003194,year_2,NOT_ASKED,False,True,False,False,False,True,True
year_2_003195,year_2,NOT_ASKED,True,False,False,False,False,True,True
year_2_003196,year_2,NOT_ASKED,False,True,False,False,False,True,True
year_2_003197,year_2,NOT_ASKED,,,,,,True,False
year_2_003198,year_2,NOT_ASKED,True,False,False,False,False,True,True
year_2_003199,year_2,NOT_ASKED,False,True,False,False,False,True,True
year_2_003200,year_2,NOT_ASKED,False,False,True,False,False,True,True
year_2_003201,year_2,NOT_ASKED,False,True,False,False,False,True,True
year_2_003202,year_2,TOP_PRIORITY_MEDIUM_TERM,,,,,,True,False
year_2_003203,year_2,NOT_ASKED,False,True,False,False,False,True,True
year_2_003204,year_2,NOT_ASKED,False,True,False,False,False,True,True
year_2_003205,year_2,NOT_ASKED,False,True,False,False,False,True,True
year_2_003206,year_2,NOT_ASKED,False,True,False,False,False,True,True
year_2_003207,year_2,NOT_ASKED,False,True,False,False,False,True,True
year_2_003208,year_2,TOP_PRIORITY_MAIN,,,,,,True,False
year_2_003209,year_2,NOT_ASKED,,,,,,True,False
year_2_003210,year_2,NOT_ASKED,False,True,False,False,False,True,True
year_2_003211,year_2,NOT_ASKED,False,False,True,False,True,True,True
year_2_003212,year_2,NOT_ASKED,,,,,,True,False
year_2_003213,year_2,NOT_ASKED,False,True,False,False,False,True,True
year_2_003214,year_2,DONT_KNOW,,,,,,True,False
year_2_003215,year_2,NOT_ASKED,True,False,False,False,False,True,True
year_2_003216,year_2,NOT_ASKED,False,True,False,False,False,True,True
year_2_003217,year_2,NOT_ASKED,True,False,False,False,False,True,True
year_2_003218,year_2,TOP_PRIORITY_MAIN,,,,,,True,False
year_2_003219,year_2,NOT_ASKED,False,True,False,False,False,True,True
year_2_003220,year_2,NOT_ASKED,False,True,False,False,False,True,True
year_2_003221,year_2,NOT_ASKED,False,False,True,False,False,True,True
year_2_003222,year_2,NOT_ASKED,True,False,False,False,False,True,True
year_2_003223,year_2,NOT_ASKED,False,False,False,False,True,True,True
year_2_003224,year_2,TOP_PRIORITY_MEDIUM_TERM,,,,,,True,False
year_2_003225,year_2,NOT_ASKED,,,,,,True,False
year_2_003226,year_2,SECONDARY_INITIATIVE,,,,,,True,False
year_2_003227,year_2,TOP_PRIORITY_MEDIUM_TERM,,,,,,True,False
year_2_003228,year_2,NOT_ASKED,False,True,False,False,False,True,True
year_2_003229,year_2,NOT_ASKED,False,True,False,False,False,True,True
year_2_003230,year_2,TOP_PRIORITY_MEDIUM_TERM,,,,,,True,False
year_2_003231,year_2,NOT_ASKED,,,,,,True,False
year_2_003232,year_2,NOT_ASKED,False,True,False,False,True,True,True
year_2_003233,year_2,NOT_ASKED,False,True,False,False,False,True,True
year_2_003234,year_2,NOT_PRIORITY,,,,,,True,False
year_2_003235,year_2,NOT_ASKED,True,False,False,False,False,True,True
year_2_003236,year_2,NOT_ASKED,True,False,False,False,False,True,True
year_2_003237,year_2,NOT_ASKED,False,True,False,False,False,True,True
year_2_003238,year_2,SECONDARY_INITIATIVE,,,,,,True,False
year_2_003239,year_2,NOT_ASKED,False,True,False,False,False,True,True
year_2_003240,year_2,NOT_ASKED,True,False,False,False,False,True,True
year_2_003241,year_2,NOT_ASKED,False,True,False,False,False,True,True
year_2_003242,year_2,NOT_ASKED,,,,,,True,False
year_2_003243,year_2,NOT_ASKED,False,True,False,False,False,True,True
year_2_003244,year_2,NOT_ASKED,False,True,False,False,False,True,True
year_2_003245,year_2,NOT_ASKED,False,True,False,False,False,True,True
year_2_003246,year_2,SECONDARY_INITIATIVE,,,,,,True,False
year_2_003247,year_2,NOT_ASKED,False,True,False,False,False,True,True
year_2_003248,year_2,SECONDARY_INITIATIVE,,,,,,True,False
year_2_003249,year_2,NOT_ASKED,False,True,False,False,False,True,True
year_2_003250,year_2,SECONDARY_INITIATIVE,,,,,,True,False
year_2_003251,year_2,SECONDARY_INITIATIVE,,,,,,True,False
year_2_003252,year_2,NOT_ASKED,True,False,False,False,False,True,True
year_2_003253,year_2,NOT_ASKED,False,False,False,True,False,True,True
year_2_003254,year_2,NOT_ASKED,,,,,,True,False
year_2_003255,year_2,NOT_ASKED,False,False,False,False,True,True,True
year_2_003256,year_2,NOT_ASKED,False,True,False,False,False,True,True
year_2_003257,year_2,NOT_ASKED,False,True,False,False,False,True,True
year_2_003258,year_2,NOT_ASKED,,,,,,True,False
year_2_003259,year_2,NOT_ASKED,False,True,False,False,False,True,True
year_2_003260,year_2,NOT_ASKED,True,False,False,False,False,True,True
year_2_003261,year_2,NOT_ASKED,True,False,False,False,False,True,True
year_2_003262,year_2,NOT_ASKED,False,True,False,False,False,True,True
year_2_003263,year_2,NOT_ASKED,False,False,True,False,False,True,True
year_2_003264,year_2,NOT_ASKED,False,True,False,False,False,True,True
year_2_003265,year_2,TOP_PRIORITY_MEDIUM_TERM,,,,,,True,False
year_2_003266,year_2,NOT_ASKED,,,,,,True,False
year_2_003267,year_2,NOT_ASKED,,,,,,True,False
year_2_003268,year_2,TOP_PRIORITY_MEDIUM_TERM,,,,,,True,False
year_2_003269,year_2,NOT_PRIORITY,,,,,,True,False
year_2_003270,year_2,NOT_ASKED,False,True,False,False,False,True,True
year_2_003271,year_2,NOT_ASKED,False,False,False,True,False,True,True
year_2_003272,year_2,NOT_ASKED,False,True,False,False,False,True,True
year_2_003273,year_2,NOT_ASKED,False,True,False,False,False,True,True
year_2_003274,year_2,NOT_ASKED,False,True,False,False,False,True,True
year_2_003275,year_2,NOT_ASKED,False,True,False,False,False,True,True
year_2_003276,year_2,NOT_ASKED,,,,,,True,False
year_2_003277,year_2,NOT_ASKED,True,False,False,False,False,True,True
year_2_003278,year_2,NOT_ASKED,True,False,False,False,False,True,True
year_2_003279,year_2,NOT_ASKED,True,False,False,False,False,True,True
year_2_003280,year_2,NOT_ASKED,False,True,False,False,False,True,True
year_2_003281,year_2,NOT_ASKED,True,False,False,False,False,True,True
year_2_003282,year_2,NOT_ASKED,False,True,False,False,False,True,True
year_2_003283,year_2,NOT_ASKED,False,True,False,False,False,True,True
year_2_003284,year_2,NOT_ASKED,False,False,False,False,True,True,True
year_2_003285,year_2,NOT_ASKED,True,False,False,False,False,True,True
year_2_003286,year_2,NOT_ASKED,True,False,False,False,False,True,True
year_2_003287,year_2,NOT_PRIORITY,,,,,,True,False
year_2_003288,year_2,NOT_ASKED,False,True,False,False,False,True,True
year_2_003289,year_2,NOT_ASKED,True,False,False,False,False,True,True
year_2_003290,year_2,NOT_ASKED,False,True,False,False,False,True,True
year_2_003291,year_2,SECONDARY_INITIATIVE,,,,,,True,False
year_2_003292,year_2,NOT_ASKED,,,,,,True,False
year_2_003293,year_2,NOT_ASKED,False,False,False,True,False,True,True
year_2_003294,year_2,NOT_ASKED,False,True,False,False,False,True,True
year_2_003295,year_2,NOT_PRIORITY,,,,,,True,False
year_2_003296,year_2,NOT_ASKED,True,False,False,False,False,True,True
year_2_003297,year_2,NOT_ASKED,False,True,False,False,False,True,True
year_2_003298,year_2,TOP_PRIORITY_MAIN,,,,,,True,False
year_2_003299,year_2,NOT_ASKED,False,True,False,False,False,True,True
year_2_003300,year_2,NOT_ASKED,False,True,False,False,False,True,True
year_2_003301,year_2,NOT_ASKED,False,True,False,False,False,True,True
year_2_003302,year_2,NOT_ASKED,True,False,False,False,False,True,True
year_2_003303,year_2,NOT_ASKED,False,True,False,False,False,True,True
year_2_003304,year_2,NOT_ASKED,True,False,False,False,False,True,True
year_2_003305,year_2,NOT_ASKED,True,False,False,False,False,True,True
year_2_003306,year_2,NOT_ASKED,,,,,,True,False
year_2_003307,year_2,NOT_ASKED,,,,,,True,False
year_2_003308,year_2,SECONDARY_INITIATIVE,,,,,,True,False
year_2_003309,year_2,NOT_ASKED,False,False,False,False,True,True,True
year_2_003310,year_2,NOT_PRIORITY,,,,,,True,False
year_2_003311,year_2,SECONDARY_INITIATIVE,,,,,,True,False
year_2_003312,year_2,NOT_ASKED,False,True,False,False,False,True,True
year_2_003313,year_2,NOT_ASKED,False,True,False,False,False,True,True
year_2_003314,year_2,TOP_PRIORITY_MAIN,,,,,,True,False
year_2_003315,year_2,SECONDARY_INITIATIVE,,,,,,True,False
year_2_003316,year_2,NOT_ASKED,True,False,False,False,False,True,True
year_2_003317,year_2,NOT_ASKED,False,True,False,False,False,True,True
year_2_003318,year_2,NOT_ASKED,False,False,False,True,False,True,True
year_2_003319,year_2,NOT_ASKED,False,True,False,False,False,True,True
year_2_003320,year_2,NOT_ASKED,False,True,False,False,False,True,True
year_2_003321,year_2,NOT_ASKED,False,True,False,False,False,True,True
year_2_003322,year_2,NOT_ASKED,,,,,,True,False
year_2_003323,year_2,NOT_ASKED,True,False,False,False,False,True,True
year_2_003324,year_2,NOT_ASKED,False,True,False,False,False,True,True
year_2_003325,year_2,NOT_ASKED,False,True,False,False,False,True,True
year_2_003326,year_2,TOP_PRIORITY_MEDIUM_TERM,,,,,,True,False
year_2_003327,year_2,SECONDARY_INITIATIVE,,,,,,True,False
year_2_003328,year_2,NOT_ASKED,False,True,False,False,False,True,True
year_2_003329,year_2,NOT_ASKED,,,,,,True,False
year_2_003330,year_2,NOT_ASKED,False,True,False,False,False,True,True
year_2_003331,year_2,NOT_ASKED,False,True,False,False,False,True,True
year_2_003332,year_2,NOT_ASKED,False,True,False,False,False,True,True
year_2_003333,year_2,NOT_ASKED,False,True,False,False,False,True,True
year_2_003334,year_2,NOT_ASKED,False,True,False,False,False,True,True
year_2_003335,year_2,NOT_ASKED,False,False,True,False,True,True,True
year_2_003336,year_2,NOT_ASKED,False,False,False,False,True,True,True
year_2_003337,year_2,NOT_ASKED,False,True,False,False,False,True,True
year_2_003338,year_2,NOT_ASKED,True,False,False,False,False,True,True
year_2_003339,year_2,NOT_ASKED,False,True,False,False,False,True,True
year_2_003340,year_2,NOT_ASKED,False,False,False,True,False,True,True
year_2_003341,year_2,NOT_ASKED,False,False,True,False,True,True,True
year_2_003342,year_2,NOT_ASKED,,,,,,True,False
year_2_003343,year_2,NOT_ASKED,False,True,False,False,False,True,True
year_2_003344,year_2,NOT_ASKED,False,True,False,False,False,True,True
year_2_003345,year_2,NOT_ASKED,False,False,False,False,True,True,True
year_2_003346,year_2,NOT_ASKED,False,True,False,False,False,True,True
year_2_003347,year_2,NOT_ASKED,,,,,,True,False
year_2_003348,year_2,NOT_ASKED,False,True,False,False,False,True,True
year_2_003349,year_2,NOT_ASKED,False,True,False,False,False,True,True
year_2_003350,year_2,NOT_ASKED,False,True,False,False,False,True,True
year_2_003351,year_2,NOT_ASKED,True,False,False,False,False,True,True
year_2_003352,year_2,NOT_ASKED,False,True,False,False,False,True,True
year_2_003353,year_2,NOT_ASKED,False,True,False,False,False,True,True
year_2_003354,year_2,NOT_ASKED,False,True,False,False,False,True,True
year_2_003355,year_2,NOT_ASKED,False,False,False,True,False,True,True
year_2_003356,year_2,NOT_ASKED,False,True,False,False,False,True,True
year_2_003357,year_2,NOT_ASKED,,,,,,True,False
year_2_003358,year_2,NOT_ASKED,,,,,,True,False
year_2_003359,year_2,NOT_ASKED,False,True,False,False,False,True,True
year_2_003360,year_2,NOT_ASKED,False,True,False,False,False,True,True
year_2_003361,year_2,NOT_PRIORITY,,,,,,True,False
year_2_003362,year_2,NOT_ASKED,True,False,False,False,False,True,True
year_2_003363,year_2,NOT_ASKED,False,True,False,False,False,True,True
year_2_003364,year_2,NOT_ASKED,False,True,False,False,False,True,True
year_2_003365,year_2,NOT_ASKED,False,True,False,False,False,True,True
year_2_003366,year_2,NOT_ASKED,False,True,False,False,False,True,True
year_2_003367,year_2,NOT_ASKED,False,False,True,False,True,True,True
year_2_003368,year_2,NOT_ASKED,True,False,False,False,False,True,True
year_2_003369,year_2,NOT_ASKED,,,,,,True,False
year_2_003370,year_2,NOT_ASKED,,,,,,True,False
year_2_003371,year_2,NOT_ASKED,True,True,False,False,False,True,True
year_2_003372,year_2,NOT_ASKED,False,True,False,False,False,True,True
year_2_003373,year_2,NOT_PRIORITY,,,,,,True,False
year_2_003374,year_2,NOT_ASKED,False,False,False,True,False,True,True
year_2_003375,year_2,TOP_PRIORITY_MAIN,,,,,,True,False
year_2_003376,year_2,NOT_ASKED,False,True,False,False,False,True,True
year_2_003377,year_2,NOT_ASKED,False,True,False,False,False,True,True
year_2_003378,year_2,NOT_ASKED,True,False,False,False,False,True,True
year_2_003379,year_2,NOT_ASKED,False,True,False,False,False,True,True
year_2_003380,year_2,NOT_ASKED,False,True,False,False,False,True,True
year_2_003381,year_2,NOT_ASKED,False,True,False,False,False,True,True
year_2_003382,year_2,NOT_ASKED,False,True,False,False,False,True,True
year_2_003383,year_2,TOP_PRIORITY_MAIN,,,,,,True,False
year_2_003384,year_2,NOT_ASKED,False,False,False,True,False,True,True
year_2_003385,year_2,SECONDARY_INITIATIVE,,,,,,True,False
year_2_003386,year_2,NOT_ASKED,False,True,False,False,False,True,True
year_2_003387,year_2,NOT_ASKED,False,False,False,True,False,True,True
year_2_003388,year_2,NOT_ASKED,False,False,True,False,False,True,True
year_2_003389,year_2,NOT_ASKED,False,True,False,False,False,True,True
year_2_003390,year_2,NOT_ASKED,False,True,False,False,False,True,True
year_2_003391,year_2,NOT_ASKED,False,True,False,False,False,True,True
year_2_003392,year_2,NOT_ASKED,False,True,False,False,False,True,True
year_2_003393,year_2,NOT_ASKED,False,False,True,False,False,True,True
year_2_003394,year_2,NOT_ASKED,False,False,True,False,False,True,True
year_2_003395,year_2,NOT_ASKED,True,False,False,False,False,True,True
year_2_003396,year_2,SECONDARY_INITIATIVE,,,,,,True,False
year_2_003397,year_2,NOT_ASKED,False,True,False,False,True,True,True
year_2_003398,year_2,NOT_ASKED,True,False,False,False,False,True,True
year_2_003399,year_2,NOT_ASKED,True,False,False,False,False,True,True
year_2_003400,year_2,NOT_ASKED,False,True,False,False,False,True,True
year_2_003401,year_2,TOP_PRIORITY_MAIN,,,,,,True,False
year_2_003402,year_2,NOT_ASKED,True,False,False,False,False,True,True
year_2_003403,year_2,NOT_ASKED,,,,,,True,False
year_2_003404,year_2,NOT_ASKED,True,False,False,False,False,True,True
year_2_003405,year_2,NOT_ASKED,,,,,,True,False
year_2_003406,year_2,NOT_PRIORITY,,,,,,True,False
year_2_003407,year_2,NOT_ASKED,False,True,False,False,False,True,True
year_2_003408,year_2,NOT_ASKED,False,False,False,False,True,True,True
year_2_003409,year_2,NOT_ASKED,False,True,False,False,False,True,True
year_2_003410,year_2,NOT_ASKED,False,False,True,False,False,True,True
year_2_003411,year_2,NOT_ASKED,False,False,False,False,True,True,True
year_2_003412,year_2,NOT_ASKED,False,True,False,False,False,True,True
year_2_003413,year_2,SECONDARY_INITIATIVE,,,,,,True,False
year_2_003414,year_2,NOT_ASKED,False,True,False,False,False,True,True
year_2_003415,year_2,TOP_PRIORITY_MEDIUM_TERM,,,,,,True,False
year_2_003416,year_2,NOT_ASKED,False,True,False,False,False,True,True
year_2_003417,year_2,NOT_ASKED,True,False,False,False,False,True,True
year_2_003418,year_2,NOT_ASKED,False,True,False,False,True,True,True
year_2_003419,year_2,NOT_ASKED,False,False,False,True,True,True,True
year_2_003420,year_2,NOT_ASKED,False,True,False,False,False,True,True
year_2_003421,year_2,NOT_ASKED,False,True,False,False,False,True,True
year_2_003422,year_2,NOT_ASKED,,,,,,True,False
year_2_003423,year_2,NOT_ASKED,False,True,False,False,False,True,True
year_2_003424,year_2,NOT_ASKED,True,False,False,False,False,True,True
year_2_003425,year_2,NOT_ASKED,False,True,False,False,False,True,True
year_2_003426,year_2,SECONDARY_INITIATIVE,,,,,,True,False
year_2_003427,year_2,NOT_ASKED,False,True,False,False,False,True,True
year_2_003428,year_2,NOT_ASKED,False,False,True,False,False,True,True
year_2_003429,year_2,NOT_ASKED,False,True,False,False,False,True,True
year_2_003430,year_2,NOT_ASKED,False,False,False,True,False,True,True
year_2_003431,year_2,NOT_ASKED,False,False,True,False,False,True,True
year_2_003432,year_2,NOT_ASKED,,,,,,True,False
year_2_003433,year_2,NOT_ASKED,False,True,False,False,False,True,True
year_2_003434,year_2,NOT_ASKED,False,True,False,False,False,True,True
year_2_003435,year_2,NOT_ASKED,,,,,,True,False
year_2_003436,year_2,NOT_ASKED,False,True,False,False,False,True,True
year_2_003437,year_2,SECONDARY_INITIATIVE,,,,,,True,False
year_2_003438,year_2,NOT_ASKED,False,True,False,False,False,True,True
year_2_003439,year_2,NOT_ASKED,False,True,False,False,False,True,True
year_2_003440,year_2,NOT_ASKED,True,False,False,False,False,True,True
year_2_003441,year_2,NOT_ASKED,False,True,False,False,False,True,True
year_2_003442,year_2,NOT_ASKED,False,True,False,False,False,True,True
year_2_003443,year_2,NOT_ASKED,False,False,True,False,False,True,True
year_2_003444,year_2,NOT_ASKED,,,,,,True,False
year_2_003445,year_2,NOT_ASKED,False,True,False,False,False,True,True
year_2_003446,year_2,NOT_ASKED,,,,,,True,False
year_2_003447,year_2,SECONDARY_INITIATIVE,,,,,,True,False
year_2_003448,year_2,NOT_ASKED,,,,,,True,False
year_2_003449,year_2,TOP_PRIORITY_MEDIUM_TERM,,,,,,True,False
year_2_003450,year_2,NOT_ASKED,,,,,,True,False
year_2_003451,year_2,NOT_ASKED,True,False,False,False,False,True,True
year_2_003452,year_2,NOT_ASKED,False,True,False,False,False,True,True
year_2_003453,year_2,NOT_ASKED,,,,,,True,False
year_2_003454,year_2,NOT_ASKED,True,False,False,False,False,True,True
year_2_003455,year_2,NOT_ASKED,False,True,False,False,False,True,True
year_2_003456,year_2,NOT_ASKED,True,False,False,False,False,True,True
year_2_003457,year_2,NOT_ASKED,,,,,,True,False
year_2_003458,year_2,NOT_ASKED,True,False,False,False,False,True,True
year_2_003459,year_2,NOT_ASKED,,,,,,True,False
year_2_003460,year_2,NOT_ASKED,,,,,,True,False
year_2_003461,year_2,NOT_ASKED,False,True,False,False,False,True,True
year_2_003462,year_2,NOT_PRIORITY,,,,,,True,False
year_2_003463,year_2,SECONDARY_INITIATIVE,,,,,,True,False
year_2_003464,year_2,NOT_ASKED,,,,,,True,False
year_2_003465,year_2,NOT_ASKED,False,True,False,False,False,True,True
year_2_003466,year_2,TOP_PRIORITY_MEDIUM_TERM,,,,,,True,False
year_2_003467,year_2,NOT_ASKED,False,True,False,False,False,True,True
year_2_003468,year_2,NOT_ASKED,False,True,False,False,False,True,True
year_2_003469,year_2,NOT_ASKED,False,True,False,False,False,True,True
year_2_003470,year_2,NOT_ASKED,False,True,False,False,False,True,True
year_2_003471,year_2,NOT_ASKED,True,True,False,False,False,True,True
year_2_003472,year_2,NOT_ASKED,,,,,,True,False
year_2_003473,year_2,NOT_ASKED,True,False,False,False,False,True,True
year_2_003474,year_2,NOT_ASKED,False,True,False,False,False,True,True
year_2_003475,year_2,SECONDARY_INITIATIVE,,,,,,True,False
year_2_003476,year_2,NOT_ASKED,False,True,False,False,False,True,True
year_2_003477,year_2,NOT_ASKED,False,True,False,False,False,True,True
year_2_003478,year_2,NOT_ASKED,True,False,False,False,False,True,True
year_2_003479,year_2,NOT_ASKED,False,True,False,False,False,True,True
year_2_003480,year_2,NOT_ASKED,False,True,False,False,True,True,True
year_2_003481,year_2,NOT_ASKED,False,True,False,False,False,True,True
year_2_003482,year_2,NOT_ASKED,False,False,False,True,True,True,True
year_2_003483,year_2,NOT_ASKED,False,False,False,False,True,True,True
year_2_003484,year_2,NOT_ASKED,True,False,False,False,False,True,True
year_2_003485,year_2,NOT_ASKED,False,True,False,False,False,True,True
year_2_003486,year_2,NOT_ASKED,False,True,False,True,False,True,True
year_2_003487,year_2,TOP_PRIORITY_MEDIUM_TERM,,,,,,True,False
year_2_003488,year_2,NOT_ASKED,,,,,,True,False
year_2_003489,year_2,NOT_ASKED,False,True,False,False,False,True,True
year_2_003490,year_2,NOT_ASKED,True,False,False,False,False,True,True
year_2_003491,year_2,NOT_ASKED,False,True,False,False,False,True,True
year_2_003492,year_2,NOT_PRIORITY,,,,,,True,False
year_2_003493,year_2,NOT_ASKED,False,True,False,False,True,True,True
year_2_003494,year_2,NOT_ASKED,False,True,False,False,False,True,True
year_2_003495,year_2,NOT_ASKED,False,True,False,False,False,True,True
year_2_003496,year_2,NOT_ASKED,True,False,False,False,False,True,True
year_2_003497,year_2,NOT_ASKED,False,True,False,False,False,True,True
year_2_003498,year_2,NOT_ASKED,False,True,False,False,False,True,True
year_2_003499,year_2,NOT_ASKED,True,False,False,False,False,True,True
year_2_003500,year_2,NOT_ASKED,False,True,False,False,False,True,True
year_2_003501,year_2,NOT_ASKED,,,,,,True,False
year_2_003502,year_2,NOT_ASKED,,,,,,True,False
year_2_003503,year_2,NOT_ASKED,False,False,True,False,False,True,True
year_2_003504,year_2,NOT_ASKED,False,True,False,False,False,True,True
year_2_003505,year_2,NOT_ASKED,,,,,,True,False
year_2_003506,year_2,NOT_ASKED,,,,,,True,False
year_2_003507,year_2,NOT_ASKED,,,,,,True,False
year_2_003508,year_2,NOT_ASKED,,,,,,True,False
year_2_003509,year_2,NOT_ASKED,True,False,False,False,False,True,True
year_2_003510,year_2,NOT_ASKED,True,False,False,False,False,True,True
year_2_003511,year_2,NOT_ASKED,False,False,False,True,False,True,True
year_2_003512,year_2,NOT_ASKED,False,True,False,False,False,True,True
year_2_003513,year_2,NOT_ASKED,True,False,False,False,False,True,True
year_2_003514,year_2,NOT_ASKED,False,True,False,False,False,True,True
year_2_003515,year_2,NOT_ASKED,,,,,,True,False
year_2_003516,year_2,NOT_ASKED,False,True,False,False,False,True,True
year_2_003517,year_2,TOP_PRIORITY_MEDIUM_TERM,,,,,,True,False
year_2_003518,year_2,TOP_PRIORITY_MAIN,,,,,,True,False
year_2_003519,year_2,NOT_ASKED,False,True,False,False,False,True,True
year_2_003520,year_2,NOT_ASKED,True,False,False,False,False,True,True
year_2_003521,year_2,NOT_ASKED,False,True,False,False,False,True,True
year_2_003522,year_2,SECONDARY_INITIATIVE,,,,,,True,False
year_2_003523,year_2,NOT_ASKED,False,True,False,False,False,True,True
year_2_003524,year_2,SECONDARY_INITIATIVE,,,,,,True,False
year_2_003525,year_2,NOT_ASKED,False,True,False,False,False,True,True
year_2_003526,year_2,NOT_ASKED,False,False,False,False,True,True,True
year_2_003527,year_2,NOT_ASKED,True,False,False,False,False,True,True
year_2_003528,year_2,NOT_ASKED,True,False,False,False,False,True,True
year_2_003529,year_2,NOT_ASKED,False,False,True,False,False,True,True
year_2_003530,year_2,NOT_ASKED,False,False,False,True,False,True,True
year_2_003531,year_2,NOT_ASKED,False,True,False,False,False,True,True
year_2_003532,year_2,SECONDARY_INITIATIVE,,,,,,True,False
year_2_003533,year_2,NOT_ASKED,False,False,False,False,True,True,True
year_2_003534,year_2,NOT_ASKED,False,True,False,False,False,True,True
year_2_003535,year_2,NOT_ASKED,False,True,False,False,False,True,True
year_2_003536,year_2,NOT_ASKED,False,True,False,False,False,True,True
year_2_003537,year_2,NOT_ASKED,False,False,True,False,False,True,True
year_2_003538,year_2,NOT_ASKED,False,False,True,False,False,True,True
year_2_003539,year_2,NOT_ASKED,False,False,False,True,True,True,True
year_2_003540,year_2,NOT_ASKED,False,True,False,False,False,True,True
year_2_003541,year_2,NOT_ASKED,False,True,False,False,False,True,True
year_2_003542,year_2,NOT_ASKED,False,True,False,False,True,True,True
year_2_003543,year_2,NOT_ASKED,,,,,,True,False
year_2_003544,year_2,NOT_ASKED,False,True,False,False,False,True,True
year_2_003545,year_2,NOT_ASKED,True,False,False,False,False,True,True
year_2_003546,year_2,NOT_ASKED,False,True,False,False,False,True,True
year_2_003547,year_2,NOT_ASKED,False,True,False,False,False,True,True
year_2_003548,year_2,NOT_ASKED,,,,,,True,False
year_2_003549,year_2,NOT_ASKED,True,False,True,False,False,True,True
year_2_003550,year_2,NOT_ASKED,True,False,False,False,False,True,True
year_2_003551,year_2,NOT_ASKED,False,True,False,False,False,True,True
year_2_003552,year_2,NOT_ASKED,,,,,,True,False
year_2_003553,year_2,NOT_ASKED,True,False,False,False,False,True,True
year_2_003554,year_2,NOT_ASKED,,,,,,True,False
year_2_003555,year_2,NOT_ASKED,False,False,False,True,False,True,True
year_2_003556,year_2,NOT_ASKED,,,,,,True,False
year_2_003557,year_2,NOT_ASKED,False,True,False,False,False,True,True
year_2_003558,year_2,NOT_ASKED,False,False,True,False,False,True,True
year_2_003559,year_2,NOT_ASKED,False,False,False,True,False,True,True
year_2_003560,year_2,NOT_ASKED,False,False,False,False,True,True,True
year_2_003561,year_2,NOT_ASKED,False,True,False,False,False,True,True
year_2_003562,year_2,NOT_ASKED,True,False,False,False,False,True,True
year_2_003563,year_2,NOT_ASKED,False,True,False,False,True,True,True
year_2_003564,year_2,NOT_ASKED,,,,,,True,False
year_2_003565,year_2,NOT_ASKED,False,True,False,False,False,True,True
year_2_003566,year_2,NOT_ASKED,False,True,False,False,False,True,True
year_2_003567,year_2,NOT_ASKED,False,False,True,False,True,True,True
year_2_003568,year_2,NOT_ASKED,False,False,False,True,False,True,True
year_2_003569,year_2,NOT_ASKED,False,False,False,True,False,True,True
year_2_003570,year_2,NOT_ASKED,False,True,False,False,False,True,True
year_2_003571,year_2,SECONDARY_INITIATIVE,,,,,,True,False
year_2_003572,year_2,NOT_ASKED,False,True,False,False,False,True,True
year_2_003573,year_2,NOT_ASKED,False,False,True,False,False,True,True
year_2_003574,year_2,NOT_ASKED,,,,,,True,False
year_2_003575,year_2,NOT_ASKED,False,False,False,True,True,True,True
year_2_003576,year_2,NOT_ASKED,,,,,,True,False
year_2_003577,year_2,NOT_ASKED,False,True,False,False,False,True,True
year_2_003578,year_2,NOT_ASKED,False,False,False,True,False,True,True
year_2_003579,year_2,NOT_ASKED,False,True,False,False,False,True,True
year_2_003580,year_2,NOT_ASKED,False,True,False,False,False,True,True
year_2_003581,year_2,SECONDARY_INITIATIVE,,,,,,True,False
year_2_003582,year_2,NOT_ASKED,False,True,False,False,False,True,True
year_2_003583,year_2,NOT_ASKED,False,True,False,False,False,True,True
year_2_003584,year_2,NOT_ASKED,False,True,False,False,False,True,True
year_2_003585,year_2,NOT_ASKED,,,,,,True,False
year_2_003586,year_2,NOT_ASKED,True,False,False,False,False,True,True
year_2_003587,year_2,NOT_ASKED,False,True,False,False,False,True,True
year_2_003588,year_2,NOT_ASKED,False,True,False,False,False,True,True
year_2_003589,year_2,NOT_ASKED,False,True,False,False,False,True,True
year_2_003590,year_2,TOP_PRIORITY_MEDIUM_TERM,,,,,,True,False
year_2_003591,year_2,NOT_ASKED,False,False,False,False,True,True,True
year_2_003592,year_2,TOP_PRIORITY_MEDIUM_TERM,,,,,,True,False
year_2_003593,year_2,NOT_ASKED,True,False,False,True,False,True,True
year_2_003594,year_2,NOT_ASKED,False,True,False,False,False,True,True
year_2_003595,year_2,NOT_ASKED,,,,,,True,False
year_2_003596,year_2,NOT_ASKED,,,,,,True,False
year_2_003597,year_2,NOT_ASKED,False,True,False,False,True,True,True
year_2_003598,year_2,NOT_ASKED,,,,,,True,False
year_2_003599,year_2,NOT_ASKED,False,True,False,False,True,True,True
year_2_003600,year_2,SECONDARY_INITIATIVE,,,,,,True,False
year_2_003601,year_2,NOT_ASKED,,,,,,True,False
year_2_003602,year_2,NOT_ASKED,False,True,False,False,False,True,True
year_2_003603,year_2,NOT_ASKED,False,False,False,True,False,True,True
year_2_003604,year_2,NOT_ASKED,False,True,False,False,False,True,True
year_2_003605,year_2,NOT_ASKED,False,True,False,False,False,True,True
year_2_003606,year_2,NOT_ASKED,False,True,False,False,False,True,True
year_2_003607,year_2,TOP_PRIORITY_MAIN,,,,,,True,False
year_2_003608,year_2,NOT_ASKED,False,False,True,False,False,True,True
year_2_003609,year_2,NOT_ASKED,False,True,False,False,False,True,True
year_2_003610,year_2,NOT_ASKED,,,,,,True,False
year_2_003611,year_2,NOT_ASKED,True,False,False,False,False,True,True
year_2_003612,year_2,SECONDARY_INITIATIVE,,,,,,True,False
year_2_003613,year_2,NOT_ASKED,True,False,False,False,False,True,True
year_2_003614,year_2,NOT_ASKED,,,,,,True,False
year_2_003615,year_2,NOT_ASKED,False,True,False,False,False,True,True
year_2_003616,year_2,NOT_ASKED,True,False,False,False,False,True,True
year_2_003617,year_2,TOP_PRIORITY_MAIN,,,,,,True,False
year_2_003618,year_2,NOT_ASKED,,,,,,True,False
year_2_003619,year_2,NOT_ASKED,True,False,False,False,False,True,True
year_2_003620,year_2,NOT_ASKED,False,True,False,False,False,True,True
year_2_003621,year_2,NOT_ASKED,True,False,False,False,False,True,True
year_2_003622,year_2,NOT_ASKED,True,False,False,False,False,True,True
year_2_003623,year_2,NOT_ASKED,True,False,False,False,False,True,True
year_2_003624,year_2,NOT_ASKED,False,True,False,False,False,True,True
year_2_003625,year_2,NOT_ASKED,False,True,False,False,False,True,True
year_2_003626,year_2,NOT_ASKED,False,True,False,False,False,True,True
year_2_003627,year_2,TOP_PRIORITY_MEDIUM_TERM,,,,,,True,False
year_2_003628,year_2,NOT_ASKED,False,True,False,False,False,True,True
year_2_003629,year_2,NOT_ASKED,False,False,False,True,True,True,True
year_2_003630,year_2,NOT_ASKED,,,,,,True,False
year_2_003631,year_2,NOT_ASKED,,,,,,True,False
year_2_003632,year_2,NOT_ASKED,True,False,False,False,False,True,True
year_2_003633,year_2,NOT_ASKED,,,,,,True,False
year_2_003634,year_2,NOT_ASKED,True,False,False,False,False,True,True
year_2_003635,year_2,NOT_ASKED,False,True,False,False,False,True,True
year_2_003636,year_2,NOT_ASKED,False,True,False,False,False,True,True
year_2_003637,year_2,NOT_ASKED,False,True,False,False,False,True,True
year_2_003638,year_2,NOT_ASKED,True,False,False,False,False,True,True
year_2_003639,year_2,NOT_ASKED,,,,,,True,False
year_2_003640,year_2,NOT_ASKED,False,False,True,False,False,True,True
year_2_003641,year_2,NOT_ASKED,,,,,,True,False
year_2_003642,year_2,NOT_ASKED,False,True,False,False,False,True,True
year_2_003643,year_2,NOT_ASKED,True,False,False,False,False,True,True
year_2_003644,year_2,NOT_ASKED,False,True,False,False,False,True,True
year_2_003645,year_2,NOT_ASKED,True,False,False,False,False,True,True
year_2_003646,year_2,NOT_ASKED,False,True,False,False,False,True,True
year_2_003647,year_2,NOT_ASKED,False,True,False,False,False,True,True
year_2_003648,year_2,NOT_ASKED,False,True,False,False,False,True,True
year_2_003649,year_2,SECONDARY_INITIATIVE,,,,,,True,False
year_2_003650,year_2,NOT_ASKED,True,False,False,False,False,True,True
year_2_003651,year_2,NOT_ASKED,True,False,False,False,False,True,True
year_2_003652,year_2,NOT_ASKED,False,False,True,False,False,True,True
year_2_003653,year_2,NOT_ASKED,False,True,False,False,False,True,True
year_2_003654,year_2,NOT_ASKED,False,True,False,False,False,True,True
year_2_003655,year_2,NOT_ASKED,True,False,False,False,False,True,True
year_2_003656,year_2,NOT_ASKED,False,True,False,False,False,True,True
year_2_003657,year_2,NOT_ASKED,False,True,False,False,False,True,True
year_2_003658,year_2,NOT_ASKED,False,True,False,False,False,True,True
year_2_003659,year_2,TOP_PRIORITY_MEDIUM_TERM,,,,,,True,False
year_2_003660,year_2,NOT_ASKED,False,True,False,False,False,True,True
year_2_003661,year_2,NOT_ASKED,True,False,False,False,False,True,True
year_2_003662,year_2,NOT_ASKED,False,False,False,False,True,True,True
year_2_003663,year_2,NOT_ASKED,False,False,False,False,True,True,True
year_2_003664,year_2,NOT_ASKED,,,,,,True,False
year_2_003665,year_2,NOT_ASKED,False,True,False,False,False,True,True
year_2_003666,year_2,NOT_ASKED,False,False,False,False,True,True,True
year_2_003667,year_2,NOT_ASKED,True,False,False,False,False,True,True
year_2_003668,year_2,NOT_ASKED,False,False,True,False,False,True,True
year_2_003669,year_2,SECONDARY_INITIATIVE,,,,,,True,False
year_2_003670,year_2,TOP_PRIORITY_MAIN,,,,,,True,False
year_2_003671,year_2,NOT_ASKED,False,True,False,False,False,True,True
year_2_003672,year_2,NOT_PRIORITY,,,,,,True,False
year_2_003673,year_2,NOT_ASKED,False,True,False,False,False,True,True
year_2_003674,year_2,NOT_ASKED,False,True,False,False,False,True,True
year_2_003675,year_2,TOP_PRIORITY_MEDIUM_TERM,,,,,,True,False
year_2_003676,year_2,NOT_ASKED,False,True,False,False,False,True,True
year_2_003677,year_2,NOT_ASKED,True,False,False,False,False,True,True
year_2_003678,year_2,NOT_ASKED,False,True,False,False,False,True,True
year_2_003679,year_2,NOT_ASKED,False,True,False,False,False,True,True
year_2_003680,year_2,NOT_ASKED,False,False,True,False,False,True,True
year_2_003681,year_2,NOT_ASKED,False,True,False,False,False,True,True
year_2_003682,year_2,NOT_ASKED,False,True,False,False,False,True,True
year_2_003683,year_2,NOT_ASKED,False,True,False,False,False,True,True
year_2_003684,year_2,NOT_ASKED,False,True,False,False,False,True,True
year_2_003685,year_2,NOT_ASKED,False,True,False,False,False,True,True
year_2_003686,year_2,NOT_ASKED,,,,,,True,False
year_2_003687,year_2,NOT_ASKED,False,False,False,True,False,True,True
year_2_003688,year_2,NOT_ASKED,True,False,False,False,False,True,True
year_2_003689,year_2,SECONDARY_INITIATIVE,,,,,,True,False
year_2_003690,year_2,NOT_ASKED,True,False,False,False,False,True,True
year_2_003691,year_2,NOT_ASKED,True,False,False,False,False,True,True
year_2_003692,year_2,NOT_ASKED,,,,,,True,False
year_2_003693,year_2,NOT_ASKED,False,True,True,False,False,True,True
year_2_003694,year_2,NOT_ASKED,False,False,False,True,True,True,True
year_2_003695,year_2,NOT_ASKED,False,True,False,False,False,True,True
year_2_003696,year_2,NOT_ASKED,False,True,False,False,False,True,True
year_2_003697,year_2,NOT_PRIORITY,,,,,,True,False
year_2_003698,year_2,NOT_ASKED,False,True,False,False,True,True,True
year_2_003699,year_2,NOT_ASKED,False,True,False,False,False,True,True
year_2_003700,year_2,NOT_ASKED,,,,,,True,False
year_2_003701,year_2,NOT_PRIORITY,,,,,,True,False
year_2_003702,year_2,NOT_ASKED,False,True,False,False,False,True,True
year_2_003703,year_2,NOT_ASKED,False,True,False,False,False,True,True
year_2_003704,year_2,NOT_ASKED,False,False,True,False,False,True,True
year_2_003705,year_2,NOT_ASKED,False,True,False,False,False,True,True
year_2_003706,year_2,SECONDARY_INITIATIVE,,,,,,True,False
year_2_003707,year_2,NOT_ASKED,False,True,False,False,False,True,True
year_2_003708,year_2,NOT_PRIORITY,,,,,,True,False
year_2_003709,year_2,NOT_ASKED,False,True,False,False,True,True,True
year_2_003710,year_2,NOT_ASKED,False,True,False,False,False,True,True
year_2_003711,year_2,NOT_ASKED,,,,,,True,False
year_2_003712,year_2,NOT_PRIORITY,,,,,,True,False
year_2_003713,year_2,NOT_ASKED,True,False,False,False,False,True,True
year_2_003714,year_2,NOT_ASKED,,,,,,True,False
year_2_003715,year_2,NOT_PRIORITY,,,,,,True,False
year_2_003716,year_2,NOT_ASKED,False,True,False,False,True,True,True
year_2_003717,year_2,NOT_ASKED,False,True,False,False,False,True,True
year_2_003718,year_2,NOT_ASKED,False,True,False,False,False,True,True
year_2_003719,year_2,NOT_ASKED,False,True,False,False,False,True,True
year_2_003720,year_2,NOT_ASKED,,,,,,True,False
year_2_003721,year_2,NOT_ASKED,False,True,False,False,False,True,True
year_2_003722,year_2,NOT_ASKED,True,False,False,False,False,True,True
year_2_003723,year_2,NOT_ASKED,False,True,False,False,False,True,True
year_2_003724,year_2,NOT_ASKED,False,True,False,False,False,True,True
year_2_003725,year_2,NOT_ASKED,False,True,False,False,False,True,True
year_2_003726,year_2,NOT_ASKED,False,False,False,True,True,True,True
year_2_003727,year_2,NOT_ASKED,,,,,,True,False
year_2_003728,year_2,NOT_ASKED,,,,,,True,False
year_2_003729,year_2,NOT_ASKED,False,True,False,False,False,True,True
year_2_003730,year_2,NOT_ASKED,False,True,False,False,False,True,True
year_2_003731,year_2,NOT_ASKED,True,False,False,False,False,True,True
year_2_003732,year_2,NOT_ASKED,True,False,False,False,False,True,True
year_2_003733,year_2,NOT_ASKED,False,False,False,True,False,True,True
year_2_003734,year_2,NOT_ASKED,,,,,,True,False
year_2_003735,year_2,NOT_ASKED,False,False,False,True,False,True,True
year_2_003736,year_2,NOT_ASKED,False,True,False,False,True,True,True
year_2_003737,year_2,NOT_ASKED,False,True,False,False,False,True,True
year_2_003738,year_2,TOP_PRIORITY_MEDIUM_TERM,,,,,,True,False
year_2_003739,year_2,NOT_ASKED,False,True,False,False,False,True,True
year_2_003740,year_2,NOT_ASKED,False,True,False,False,False,True,True
year_2_003741,year_2,TOP_PRIORITY_MEDIUM_TERM,,,,,,True,False
year_2_003742,year_2,NOT_ASKED,False,True,False,False,False,True,True
year_2_003743,year_2,NOT_ASKED,False,True,False,False,False,True,True
year_2_003744,year_2,NOT_ASKED,False,True,False,False,True,True,True
year_2_003745,year_2,NOT_ASKED,True,False,False,False,False,True,True
year_2_003746,year_2,NOT_ASKED,False,True,False,False,False,True,True
year_2_003747,year_2,NOT_ASKED,,,,,,True,False
year_2_003748,year_2,NOT_ASKED,False,True,False,False,False,True,True
year_2_003749,year_2,NOT_ASKED,True,False,False,False,False,True,True
year_2_003750,year_2,NOT_ASKED,False,False,False,True,False,True,True
year_2_003751,year_2,SECONDARY_INITIATIVE,,,,,,True,False
year_2_003752,year_2,NOT_ASKED,False,True,False,False,False,True,True
year_2_003753,year_2,NOT_ASKED,False,False,False,True,False,True,True
year_2_003754,year_2,SECONDARY_INITIATIVE,,,,,,True,False
year_2_003755,year_2,NOT_PRIORITY,,,,,,True,False
year_2_003756,year_2,SECONDARY_INITIATIVE,,,,,,True,False
year_2_003757,year_2,TOP_PRIORITY_MEDIUM_TERM,,,,,,True,False
year_2_003758,year_2,NOT_ASKED,False,True,False,False,False,True,True
year_2_003759,year_2,NOT_PRIORITY,,,,,,True,False
year_2_003760,year_2,NOT_ASKED,True,False,False,False,False,True,True
year_2_003761,year_2,TOP_PRIORITY_MAIN,,,,,,True,False
year_2_003762,year_2,NOT_ASKED,False,False,True,False,True,True,True
year_2_003763,year_2,NOT_ASKED,False,True,False,False,False,True,True
year_2_003764,year_2,TOP_PRIORITY_MEDIUM_TERM,,,,,,True,False
year_2_003765,year_2,NOT_ASKED,False,True,False,False,False,True,True
year_2_003766,year_2,NOT_ASKED,False,True,False,False,False,True,True
year_2_003767,year_2,NOT_ASKED,False,True,False,False,False,True,True
year_2_003768,year_2,NOT_ASKED,False,False,False,False,True,True,True
year_2_003769,year_2,NOT_ASKED,False,True,False,False,False,True,True
year_2_003770,year_2,NOT_ASKED,False,True,False,False,False,True,True
year_2_003771,year_2,NOT_PRIORITY,,,,,,True,False
year_2_003772,year_2,NOT_ASKED,False,True,False,False,False,True,True
year_2_003773,year_2,NOT_ASKED,False,True,False,False,False,True,True
year_2_003774,year_2,NOT_ASKED,False,True,False,False,False,True,True
year_2_003775,year_2,NOT_ASKED,,,,,,True,False
year_2_003776,year_2,NOT_ASKED,True,False,False,False,False,True,True
year_2_003777,year_2,NOT_ASKED,,,,,,True,False
year_2_003778,year_2,NOT_PRIORITY,,,,,,True,False
year_2_003779,year_2,NOT_ASKED,False,True,False,False,False,True,True
year_2_003780,year_2,NOT_ASKED,,,,,,True,False
year_2_003781,year_2,NOT_ASKED,,,,,,True,False
year_2_003782,year_2,SECONDARY_INITIATIVE,,,,,,True,False
year_2_003783,year_2,NOT_ASKED,False,True,False,False,False,True,True
year_2_003784,year_2,NOT_ASKED,,,,,,True,False
year_2_003785,year_2,NOT_ASKED,False,True,False,False,False,True,True
year_2_003786,year_2,NOT_ASKED,,,,,,True,False
year_2_003787,year_2,NOT_PRIORITY,,,,,,True,False
year_2_003788,year_2,NOT_PRIORITY,,,,,,True,False
year_2_003789,year_2,NOT_ASKED,,,,,,True,False
year_2_003790,year_2,NOT_ASKED,True,False,False,False,False,True,True
year_2_003791,year_2,TOP_PRIORITY_MEDIUM_TERM,,,,,,True,False
year_2_003792,year_2,NOT_ASKED,,,,,,True,False
year_2_003793,year_2,NOT_ASKED,False,True,False,False,False,True,True
year_2_003794,year_2,NOT_ASKED,False,True,False,False,False,True,True
year_2_003795,year_2,SECONDARY_INITIATIVE,,,,,,True,False
year_2_003796,year_2,NOT_ASKED,False,False,False,False,True,True,True
year_2_003797,year_2,NOT_ASKED,True,False,False,False,False,True,True
year_2_003798,year_2,NOT_ASKED,False,False,True,False,False,True,True
year_2_003799,year_2,NOT_ASKED,False,True,False,False,False,True,True
year_2_003800,year_2,NOT_ASKED,False,True,False,False,False,True,True
year_2_003801,year_2,NOT_ASKED,False,True,False,False,False,True,True
year_2_003802,year_2,NOT_ASKED,False,False,False,True,False,True,True
year_2_003803,year_2,NOT_ASKED,False,False,False,False,True,True,True
year_2_003804,year_2,NOT_ASKED,False,True,False,False,False,True,True
year_2_003805,year_2,SECONDARY_INITIATIVE,,,,,,True,False
year_2_003806,year_2,NOT_ASKED,True,False,False,False,False,True,True
year_2_003807,year_2,NOT_ASKED,False,True,False,False,False,True,True
year_2_003808,year_2,NOT_ASKED,False,False,True,False,False,True,True
year_2_003809,year_2,NOT_ASKED,,,,,,True,False
year_2_003810,year_2,NOT_ASKED,,,,,,True,False
year_2_003811,year_2,NOT_ASKED,False,True,False,False,False,True,True
year_2_003812,year_2,NOT_ASKED,False,True,False,False,False,True,True
year_2_003813,year_2,NOT_ASKED,False,True,False,False,False,True,True
year_2_003814,year_2,NOT_ASKED,False,True,False,False,False,True,True
year_2_003815,year_2,NOT_ASKED,False,False,True,False,False,True,True
year_2_003816,year_2,NOT_ASKED,False,True,False,False,False,True,True
year_2_003817,year_2,NOT_ASKED,True,False,False,False,False,True,True
year_2_003818,year_2,NOT_ASKED,True,False,False,False,False,True,True
year_2_003819,year_2,NOT_PRIORITY,,,,,,True,False
year_2_003820,year_2,NOT_ASKED,True,False,False,False,False,True,True
year_2_003821,year_2,NOT_ASKED,False,True,False,False,False,True,True
year_2_003822,year_2,SECONDARY_INITIATIVE,,,,,,True,False
year_2_003823,year_2,NOT_ASKED,False,True,False,False,True,True,True
year_2_003824,year_2,NOT_ASKED,False,True,False,False,False,True,True
year_2_003825,year_2,TOP_PRIORITY_MAIN,,,,,,True,False
year_2_003826,year_2,NOT_ASKED,True,True,False,False,False,True,True
year_2_003827,year_2,NOT_ASKED,False,True,False,False,False,True,True
year_2_003828,year_2,NOT_ASKED,False,True,False,False,False,True,True
year_2_003829,year_2,NOT_ASKED,True,False,False,False,False,True,True
year_2_003830,year_2,NOT_ASKED,False,True,False,False,False,True,True
year_2_003831,year_2,NOT_ASKED,True,False,False,False,False,True,True
year_2_003832,year_2,NOT_ASKED,True,False,False,False,False,True,True
year_2_003833,year_2,NOT_PRIORITY,,,,,,True,False
year_2_003834,year_2,NOT_ASKED,False,True,False,False,False,True,True
year_2_003835,year_2,NOT_ASKED,False,True,False,False,False,True,True
year_2_003836,year_2,NOT_ASKED,False,True,False,False,False,True,True
year_2_003837,year_2,NOT_ASKED,False,True,False,False,False,True,True
year_2_003838,year_2,NOT_ASKED,False,True,False,False,True,True,True
year_2_003839,year_2,NOT_ASKED,False,True,False,False,False,True,True
year_2_003840,year_2,NOT_ASKED,True,False,False,False,False,True,True
year_2_003841,year_2,NOT_ASKED,False,True,False,False,False,True,True
year_2_003842,year_2,NOT_ASKED,True,False,False,False,False,True,True
year_2_003843,year_2,NOT_ASKED,False,True,False,False,False,True,True
year_2_003844,year_2,NOT_ASKED,True,False,False,False,False,True,True
year_2_003845,year_2,NOT_ASKED,,,,,,True,False
year_2_003846,year_2,NOT_ASKED,True,False,False,False,False,True,True
year_2_003847,year_2,NOT_ASKED,,,,,,True,False
year_2_003848,year_2,NOT_ASKED,False,True,False,False,False,True,True
year_2_003849,year_2,NOT_ASKED,False,False,False,True,True,True,True
year_2_003850,year_2,NOT_ASKED,False,True,False,False,False,True,True
year_2_003851,year_2,NOT_ASKED,False,True,False,False,False,True,True
year_2_003852,year_2,TOP_PRIORITY_MEDIUM_TERM,,,,,,True,False
year_2_003853,year_2,NOT_ASKED,False,True,False,False,False,True,True
year_2_003854,year_2,NOT_ASKED,False,True,False,False,False,True,True
year_2_003855,year_2,NOT_ASKED,,,,,,True,False
year_2_003856,year_2,NOT_ASKED,False,True,False,False,False,True,True
year_2_003857,year_2,TOP_PRIORITY_MEDIUM_TERM,,,,,,True,False
year_2_003858,year_2,TOP_PRIORITY_MEDIUM_TERM,,,,,,True,False
year_2_003859,year_2,NOT_ASKED,False,True,False,False,False,True,True
year_2_003860,year_2,NOT_ASKED,False,True,False,False,False,True,True
year_2_003861,year_2,SECONDARY_INITIATIVE,,,,,,True,False
year_2_003862,year_2,NOT_ASKED,False,True,False,False,False,True,True
year_2_003863,year_2,NOT_ASKED,False,True,True,False,False,True,True
year_2_003864,year_2,NOT_ASKED,True,False,False,False,False,True,True
year_2_003865,year_2,NOT_ASKED,,,,,,True,False
year_2_003866,year_2,NOT_ASKED,False,True,False,False,False,True,True
year_2_003867,year_2,NOT_ASKED,False,False,True,False,False,True,True
year_2_003868,year_2,SECONDARY_INITIATIVE,,,,,,True,False
year_2_003869,year_2,NOT_PRIORITY,,,,,,True,False
year_2_003870,year_2,NOT_ASKED,False,True,False,False,False,True,True
year_2_003871,year_2,NOT_ASKED,False,False,False,False,True,True,True
year_2_003872,year_2,NOT_ASKED,False,True,False,False,False,True,True
year_2_003873,year_2,NOT_ASKED,False,False,False,False,True,True,True
year_2_003874,year_2,NOT_ASKED,False,True,False,False,False,True,True
year_2_003875,year_2,NOT_ASKED,False,True,False,False,False,True,True
year_2_003876,year_2,NOT_ASKED,False,True,False,False,False,True,True
year_2_003877,year_2,NOT_ASKED,False,True,False,False,False,True,True
year_2_003878,year_2,NOT_ASKED,False,False,True,False,False,True,True
year_2_003879,year_2,NOT_ASKED,True,False,False,False,False,True,True
year_2_003880,year_2,NOT_ASKED,False,True,False,False,False,True,True
year_2_003881,year_2,NOT_ASKED,False,True,False,False,False,True,True
year_2_003882,year_2,NOT_ASKED,True,False,False,False,False,True,True
year_2_003883,year_2,NOT_ASKED,,,,,,True,False
year_2_003884,year_2,NOT_ASKED,True,False,False,False,False,True,True
year_2_003885,year_2,NOT_ASKED,,,,,,True,False
year_2_003886,year_2,NOT_ASKED,False,True,False,False,False,True,True
year_2_003887,year_2,NOT_ASKED,True,False,False,False,False,True,True
year_2_003888,year_2,NOT_ASKED,True,False,False,False,False,True,True
year_2_003889,year_2,NOT_ASKED,False,False,False,False,True,True,True
year_2_003890,year_2,TOP_PRIORITY_MEDIUM_TERM,,,,,,True,False
year_2_003891,year_2,NOT_ASKED,False,True,False,False,False,True,True
year_2_003892,year_2,NOT_ASKED,False,True,False,False,False,True,True
year_2_003893,year_2,NOT_ASKED,False,True,False,False,False,True,True
year_2_003894,year_2,NOT_ASKED,False,True,False,False,False,True,True
year_2_003895,year_2,NOT_ASKED,True,False,False,False,False,True,True
year_2_003896,year_2,TOP_PRIORITY_MAIN,,,,,,True,False
year_2_003897,year_2,NOT_ASKED,False,True,False,False,False,True,True
year_2_003898,year_2,NOT_ASKED,False,True,False,False,False,True,True
year_2_003899,year_2,NOT_ASKED,False,True,False,False,False,True,True
year_2_003900,year_2,NOT_ASKED,,,,,,True,False
year_2_003901,year_2,TOP_PRIORITY_MEDIUM_TERM,,,,,,True,False
year_2_003902,year_2,SECONDARY_INITIATIVE,,,,,,True,False
year_2_003903,year_2,NOT_ASKED,,,,,,True,False
year_2_003904,year_2,NOT_ASKED,False,True,False,False,False,True,True
year_2_003905,year_2,NOT_ASKED,True,False,False,False,False,True,True
year_2_003906,year_2,NOT_ASKED,False,False,False,False,True,True,True
year_2_003907,year_2,TOP_PRIORITY_MEDIUM_TERM,,,,,,True,False
year_2_003908,year_2,SECONDARY_INITIATIVE,,,,,,True,False
year_2_003909,year_2,SECONDARY_INITIATIVE,,,,,,True,False
year_2_003910,year_2,NOT_ASKED,True,False,False,False,False,True,True
year_2_003911,year_2,NOT_ASKED,False,False,False,True,True,True,True
year_2_003912,year_2,NOT_ASKED,False,True,False,False,False,True,True
year_2_003913,year_2,NOT_ASKED,True,False,False,False,False,True,True
year_2_003914,year_2,SECONDARY_INITIATIVE,,,,,,True,False
year_2_003915,year_2,NOT_ASKED,False,True,False,False,False,True,True
year_2_003916,year_2,NOT_ASKED,False,True,False,False,False,True,True
year_2_003917,year_2,NOT_ASKED,False,True,False,False,False,True,True
year_2_003918,year_2,NOT_ASKED,False,True,False,False,False,True,True
year_2_003919,year_2,NOT_ASKED,,,,,,True,False
year_2_003920,year_2,NOT_ASKED,False,True,False,False,False,True,True
year_2_003921,year_2,NOT_ASKED,False,True,False,False,False,True,True
year_2_003922,year_2,NOT_ASKED,False,True,False,False,False,True,True
year_2_003923,year_2,NOT_ASKED,False,True,False,False,False,True,True
year_2_003924,year_2,TOP_PRIORITY_MAIN,,,,,,True,False
year_2_003925,year_2,NOT_ASKED,,,,,,True,False
year_2_003926,year_2,NOT_ASKED,False,False,True,False,False,True,True
year_2_003927,year_2,NOT_ASKED,False,True,False,False,False,True,True
year_2_003928,year_2,NOT_ASKED,False,True,False,False,False,True,True
year_2_003929,year_2,NOT_PRIORITY,,,,,,True,False
year_2_003930,year_2,NOT_ASKED,False,True,False,False,False,True,True
year_2_003931,year_2,NOT_ASKED,False,True,False,False,False,True,True
year_2_003932,year_2,NOT_ASKED,True,False,False,False,False,True,True
year_2_003933,year_2,NOT_ASKED,,,,,,True,False
year_2_003934,year_2,NOT_ASKED,False,True,False,False,False,True,True
year_2_003935,year_2,TOP_PRIORITY_MAIN,,,,,,True,False
year_2_003936,year_2,TOP_PRIORITY_MEDIUM_TERM,,,,,,True,False
year_2_003937,year_2,NOT_ASKED,True,False,False,False,False,True,True
year_2_003938,year_2,NOT_ASKED,False,True,False,False,False,True,True
year_2_003939,year_2,NOT_ASKED,False,True,False,False,False,True,True
year_2_003940,year_2,NOT_ASKED,,,,,,True,False
year_2_003941,year_2,NOT_ASKED,True,False,False,False,False,True,True
year_2_003942,year_2,NOT_ASKED,,,,,,True,False
year_2_003943,year_2,NOT_ASKED,False,True,False,False,False,True,True
year_2_003944,year_2,NOT_ASKED,False,True,False,False,False,True,True
year_2_003945,year_2,TOP_PRIORITY_MEDIUM_TERM,,,,,,True,False
year_2_003946,year_2,NOT_ASKED,False,True,False,False,False,True,True
year_2_003947,year_2,NOT_ASKED,True,False,False,False,False,True,True
year_2_003948,year_2,NOT_ASKED,False,True,False,False,True,True,True
year_2_003949,year_2,NOT_ASKED,False,True,False,False,False,True,True
year_2_003950,year_2,NOT_PRIORITY,,,,,,True,False
year_2_003951,year_2,SECONDARY_INITIATIVE,,,,,,True,False
year_2_003952,year_2,NOT_ASKED,False,False,True,False,False,True,True
year_2_003953,year_2,NOT_ASKED,False,True,False,False,False,True,True
year_2_003954,year_2,NOT_ASKED,False,True,False,False,False,True,True
year_2_003955,year_2,NOT_ASKED,True,False,False,False,False,True,True
year_2_003956,year_2,NOT_ASKED,True,False,False,False,False,True,True
year_2_003957,year_2,NOT_ASKED,False,False,False,True,True,True,True
year_2_003958,year_2,NOT_ASKED,False,False,False,False,True,True,True
year_2_003959,year_2,NOT_ASKED,False,True,False,False,False,True,True
year_2_003960,year_2,NOT_ASKED,True,False,False,False,False,True,True
year_2_003961,year_2,NOT_ASKED,False,True,False,False,False,True,True
year_2_003962,year_2,NOT_ASKED,,,,,,True,False
year_2_003963,year_2,NOT_ASKED,,,,,,True,False
year_2_003964,year_2,NOT_ASKED,False,True,False,False,False,True,True
year_2_003965,year_2,SECONDARY_INITIATIVE,,,,,,True,False
year_2_003966,year_2,NOT_ASKED,False,True,False,False,False,True,True
year_2_003967,year_2,NOT_ASKED,False,True,False,False,False,True,True
year_2_003968,year_2,NOT_ASKED,False,True,False,False,False,True,True
year_2_003969,year_2,NOT_ASKED,False,True,False,False,False,True,True
year_2_003970,year_2,NOT_ASKED,False,True,False,True,False,True,True
year_2_003971,year_2,NOT_ASKED,True,False,False,False,False,True,True
year_2_003972,year_2,NOT_ASKED,False,False,False,True,True,True,True
year_2_003973,year_2,NOT_ASKED,,,,,,True,False
year_2_003974,year_2,NOT_ASKED,True,False,False,False,False,True,True
year_2_003975,year_2,NOT_ASKED,False,True,False,False,False,True,True
year_2_003976,year_2,NOT_ASKED,,,,,,True,False
year_2_003977,year_2,NOT_ASKED,,,,,,True,False
year_2_003978,year_2,NOT_ASKED,True,False,False,False,False,True,True
year_2_003979,year_2,SECONDARY_INITIATIVE,,,,,,True,False
year_2_003980,year_2,NOT_ASKED,False,False,False,False,True,True,True
year_2_003981,year_2,NOT_ASKED,,,,,,True,False
year_2_003982,year_2,NOT_ASKED,,,,,,True,False
year_2_003983,year_2,NOT_ASKED,False,True,False,False,False,True,True
year_2_003984,year_2,NOT_ASKED,False,True,False,False,False,True,True
year_2_003985,year_2,NOT_ASKED,,,,,,True,False
year_2_003986,year_2,NOT_ASKED,True,False,False,False,False,True,True
year_2_003987,year_2,NOT_ASKED,False,False,False,True,True,True,True
year_2_003988,year_2,DONT_KNOW,,,,,,True,False
year_2_003989,year_2,NOT_ASKED,False,True,False,False,False,True,True
year_2_003990,year_2,NOT_ASKED,False,True,False,False,False,True,True
year_2_003991,year_2,NOT_ASKED,False,True,False,False,False,True,True
year_2_003992,year_2,NOT_ASKED,False,True,False,False,True,True,True
year_2_003993,year_2,NOT_ASKED,False,True,False,False,False,True,True
year_2_003994,year_2,NOT_ASKED,False,False,False,True,False,True,True
year_2_003995,year_2,NOT_ASKED,False,False,False,False,True,True,True
year_2_003996,year_2,NOT_PRIORITY,,,,,,True,False
year_2_003997,year_2,NOT_ASKED,False,False,True,False,False,True,True
year_2_003998,year_2,NOT_ASKED,False,False,True,False,False,True,True
year_2_003999,year_2,NOT_PRIORITY,,,,,,True,False
year_2_004000,year_2,NOT_PRIORITY,,,,,,True,False
year_2_004001,year_2,NOT_ASKED,False,True,False,False,False,True,True
year_2_004002,year_2,NOT_ASKED,True,False,False,False,False,True,True
year_2_004003,year_2,NOT_ASKED,,,,,,True,False
year_2_004004,year_2,NOT_ASKED,False,False,True,False,False,True,True
year_2_004005,year_2,NOT_ASKED,False,True,False,False,False,True,True
year_2_004006,year_2,NOT_ASKED,False,True,False,False,False,True,True
year_2_004007,year_2,NOT_ASKED,,,,,,True,False
year_2_004008,year_2,NOT_ASKED,True,False,False,False,False,True,True
year_2_004009,year_2,NOT_ASKED,,,,,,True,False
year_2_004010,year_2,NOT_ASKED,True,False,False,False,False,True,True
year_2_004011,year_2,NOT_ASKED,False,True,False,False,False,True,True
year_2_004012,year_2,NOT_ASKED,False,True,False,False,False,True,True
year_2_004013,year_2,NOT_ASKED,False,True,False,False,False,True,True
year_2_004014,year_2,NOT_ASKED,False,True,False,False,True,True,True
year_2_004015,year_2,NOT_ASKED,False,True,False,False,False,True,True
year_2_004016,year_2,NOT_ASKED,False,True,False,False,False,True,True
year_2_004017,year_2,NOT_ASKED,False,True,False,False,False,True,True
year_2_004018,year_2,NOT_ASKED,False,True,False,False,False,True,True
year_2_004019,year_2,NOT_ASKED,True,False,False,False,False,True,True
year_2_004020,year_2,NOT_ASKED,True,False,False,False,False,True,True
year_2_004021,year_2,NOT_ASKED,False,True,False,False,False,True,True
year_2_004022,year_2,NOT_ASKED,False,True,False,False,False,True,True
year_2_004023,year_2,TOP_PRIORITY_MEDIUM_TERM,,,,,,True,False
year_2_004024,year_2,NOT_ASKED,True,True,False,False,False,True,True
year_2_004025,year_2,TOP_PRIORITY_MAIN,,,,,,True,False
year_2_004026,year_2,NOT_ASKED,,,,,,True,False
year_2_004027,year_2,NOT_ASKED,,,,,,True,False
year_2_004028,year_2,SECONDARY_INITIATIVE,,,,,,True,False
year_2_004029,year_2,NOT_ASKED,False,True,False,False,False,True,True
year_2_004030,year_2,NOT_PRIORITY,,,,,,True,False
year_2_004031,year_2,TOP_PRIORITY_MAIN,,,,,,True,False
year_2_004032,year_2,SECONDARY_INITIATIVE,,,,,,True,False
year_2_004033,year_2,TOP_PRIORITY_MEDIUM_TERM,,,,,,True,False
year_2_004034,year_2,SECONDARY_INITIATIVE,,,,,,True,False
year_2_004035,year_2,NOT_ASKED,False,True,False,False,False,True,True
year_2_004036,year_2,NOT_ASKED,False,True,False,False,False,True,True
year_2_004037,year_2,NOT_ASKED,False,True,False,False,False,True,True
year_2_004038,year_2,NOT_ASKED,False,False,True,False,False,True,True
year_2_004039,year_2,NOT_ASKED,True,False,False,False,False,True,True
year_2_004040,year_2,NOT_ASKED,False,True,False,False,False,True,True
year_2_004041,year_2,NOT_ASKED,,,,,,True,False
year_2_004042,year_2,NOT_ASKED,False,True,False,False,False,True,True
year_2_004043,year_2,NOT_PRIORITY,,,,,,True,False
year_2_004044,year_2,NOT_ASKED,False,True,False,False,False,True,True
year_2_004045,year_2,NOT_ASKED,False,True,False,False,False,True,True
year_2_004046,year_2,NOT_ASKED,False,False,True,False,True,True,True
year_2_004047,year_2,NOT_ASKED,True,False,False,False,False,True,True
year_2_004048,year_2,NOT_ASKED,False,True,False,False,False,True,True
year_2_004049,year_2,NOT_ASKED,False,True,False,False,False,True,True
year_2_004050,year_2,SECONDARY_INITIATIVE,,,,,,True,False
year_2_004051,year_2,NOT_ASKED,False,True,False,False,False,True,True
year_2_004052,year_2,NOT_PRIORITY,,,,,,True,False
year_2_004053,year_2,NOT_ASKED,,,,,,True,False
year_2_004054,year_2,NOT_ASKED,False,True,False,False,False,True,True
year_2_004055,year_2,NOT_ASKED,True,False,False,False,False,True,True
year_2_004056,year_2,NOT_ASKED,,,,,,True,False
year_2_004057,year_2,NOT_ASKED,True,False,False,False,False,True,True
year_2_004058,year_2,NOT_ASKED,True,False,False,False,False,True,True
year_2_004059,year_2,NOT_ASKED,False,True,False,False,False,True,True
year_2_004060,year_2,NOT_ASKED,False,True,False,False,False,True,True
year_2_004061,year_2,NOT_ASKED,,,,,,True,False
year_2_004062,year_2,NOT_PRIORITY,,,,,,True,False
year_2_004063,year_2,NOT_ASKED,False,True,False,False,True,True,True
year_2_004064,year_2,NOT_ASKED,False,True,False,False,False,True,True
year_2_004065,year_2,NOT_ASKED,False,True,False,False,False,True,True
year_2_004066,year_2,NOT_ASKED,False,True,False,False,False,True,True
year_2_004067,year_2,NOT_PRIORITY,,,,,,True,False
year_2_004068,year_2,NOT_ASKED,False,True,False,False,False,True,True
year_2_004069,year_2,NOT_ASKED,False,True,False,False,True,True,True
year_2_004070,year_2,NOT_ASKED,True,False,False,False,False,True,True
year_2_004071,year_2,NOT_ASKED,False,False,False,False,True,True,True
year_2_004072,year_2,NOT_ASKED,False,True,False,False,False,True,True
year_2_004073,year_2,NOT_ASKED,False,False,False,True,False,True,True
year_2_004074,year_2,NOT_ASKED,False,False,False,True,False,True,True
year_2_004075,year_2,NOT_ASKED,False,True,False,False,False,True,True
year_2_004076,year_2,NOT_ASKED,False,True,False,False,False,True,True
year_2_004077,year_2,NOT_ASKED,False,True,False,False,False,True,True
year_2_004078,year_2,NOT_ASKED,,,,,,True,False
year_2_004079,year_2,NOT_ASKED,True,False,False,False,False,True,True
year_2_004080,year_2,NOT_ASKED,False,False,False,True,False,True,True
year_2_004081,year_2,NOT_ASKED,False,False,False,True,False,True,True
year_2_004082,year_2,NOT_ASKED,False,True,False,False,False,True,True
year_2_004083,year_2,NOT_ASKED,,,,,,True,False
year_2_004084,year_2,NOT_ASKED,False,True,False,False,False,True,True
year_2_004085,year_2,TOP_PRIORITY_MEDIUM_TERM,,,,,,True,False
year_2_004086,year_2,NOT_ASKED,,,,,,True,False
year_2_004087,year_2,NOT_PRIORITY,,,,,,True,False
year_2_004088,year_2,NOT_ASKED,False,True,False,False,False,True,True
year_2_004089,year_2,NOT_ASKED,True,False,False,False,False,True,True
year_2_004090,year_2,NOT_ASKED,False,True,False,False,False,True,True
year_2_004091,year_2,NOT_ASKED,False,True,False,False,False,True,True
year_2_004092,year_2,NOT_ASKED,False,True,False,False,False,True,True
year_2_004093,year_2,NOT_ASKED,False,True,False,False,False,True,True
year_2_004094,year_2,NOT_ASKED,True,False,False,False,False,True,True
year_2_004095,year_2,SECONDARY_INITIATIVE,,,,,,True,False
year_2_004096,year_2,NOT_ASKED,False,True,False,False,True,True,True
year_2_004097,year_2,NOT_ASKED,False,False,False,True,True,True,True
year_2_004098,year_2,NOT_ASKED,,,,,,True,False
year_2_004099,year_2,NOT_ASKED,,,,,,True,False
year_2_004100,year_2,SECONDARY_INITIATIVE,,,,,,True,False
year_2_004101,year_2,NOT_ASKED,False,True,False,False,False,True,True
year_2_004102,year_2,NOT_ASKED,False,True,False,False,False,True,True
year_2_004103,year_2,NOT_ASKED,True,False,False,False,False,True,True
year_2_004104,year_2,NOT_ASKED,False,False,False,True,True,True,True
year_2_004105,year_2,NOT_ASKED,False,True,False,False,False,True,True
year_2_004106,year_2,SECONDARY_INITIATIVE,,,,,,True,False
year_2_004107,year_2,NOT_ASKED,,,,,,True,False
year_2_004108,year_2,NOT_ASKED,False,True,False,False,False,True,True
year_2_004109,year_2,NOT_ASKED,False,True,False,False,True,True,True
year_2_004110,year_2,NOT_ASKED,False,False,True,False,False,True,True
year_2_004111,year_2,NOT_ASKED,False,True,False,False,False,True,True
year_2_004112,year_2,NOT_ASKED,True,False,False,False,False,True,True
year_2_004113,year_2,NOT_PRIORITY,,,,,,True,False
year_2_004114,year_2,NOT_ASKED,False,True,False,False,False,True,True
year_2_004115,year_2,NOT_ASKED,False,True,False,False,False,True,True
year_2_004116,year_2,NOT_ASKED,True,False,False,False,False,True,True
year_2_004117,year_2,NOT_ASKED,False,True,False,False,False,True,True
year_2_004118,year_2,TOP_PRIORITY_MAIN,,,,,,True,False
year_2_004119,year_2,NOT_ASKED,False,True,False,False,False,True,True
year_2_004120,year_2,NOT_ASKED,True,False,False,False,False,True,True
year_2_004121,year_2,SECONDARY_INITIATIVE,,,,,,True,False
year_2_004122,year_2,NOT_ASKED,False,True,False,False,False,True,True
year_2_004123,year_2,NOT_PRIORITY,,,,,,True,False
year_2_004124,year_2,NOT_ASKED,,,,,,True,False
year_2_004125,year_2,NOT_ASKED,False,False,False,True,False,True,True
year_2_004126,year_2,NOT_ASKED,False,True,False,False,False,True,True
year_2_004127,year_2,TOP_PRIORITY_MAIN,,,,,,True,False
year_2_004128,year_2,NOT_ASKED,False,True,False,False,False,True,True
year_2_004129,year_2,NOT_ASKED,False,True,False,False,False,True,True
year_2_004130,year_2,NOT_PRIORITY,,,,,,True,False
year_2_004131,year_2,NOT_PRIORITY,,,,,,True,False
year_2_004132,year_2,NOT_ASKED,True,False,False,False,False,True,True
year_2_004133,year_2,NOT_ASKED,False,True,False,False,False,True,True
year_2_004134,year_2,DONT_KNOW,,,,,,True,False
year_2_004135,year_2,NOT_ASKED,False,False,False,False,True,True,True
year_2_004136,year_2,NOT_PRIORITY,,,,,,True,False
year_2_004137,year_2,NOT_ASKED,,,,,,True,False
year_2_004138,year_2,NOT_ASKED,False,True,False,False,False,True,True
year_2_004139,year_2,NOT_ASKED,False,False,False,False,True,True,True
year_2_004140,year_2,NOT_ASKED,False,True,False,False,False,True,True
year_2_004141,year_2,NOT_ASKED,False,True,False,False,False,True,True
year_2_004142,year_2,NOT_ASKED,,,,,,True,False
year_2_004143,year_2,NOT_ASKED,True,False,False,False,False,True,True
year_2_004144,year_2,NOT_ASKED,,,,,,True,False
year_2_004145,year_2,NOT_ASKED,False,True,False,False,False,True,True
year_2_004146,year_2,NOT_ASKED,False,False,False,False,True,True,True
year_2_004147,year_2,TOP_PRIORITY_MEDIUM_TERM,,,,,,True,False
year_2_004148,year_2,NOT_ASKED,False,False,False,True,False,True,True
year_2_004149,year_2,NOT_ASKED,False,True,False,False,False,True,True
year_2_004150,year_2,NOT_ASKED,False,True,False,False,False,True,True
year_2_004151,year_2,NOT_ASKED,True,False,False,False,False,True,True
year_2_004152,year_2,NOT_ASKED,False,True,False,False,False,True,True
year_2_004153,year_2,NOT_ASKED,False,True,False,False,False,True,True
year_2_004154,year_2,NOT_ASKED,True,False,False,False,False,True,True
year_2_004155,year_2,NOT_ASKED,True,False,False,False,False,True,True
year_2_004156,year_2,NOT_ASKED,False,True,False,False,False,True,True
year_2_004157,year_2,NOT_ASKED,False,True,False,False,False,True,True
year_2_004158,year_2,NOT_ASKED,False,True,False,False,False,True,True
year_2_004159,year_2,SECONDARY_INITIATIVE,,,,,,True,False
year_2_004160,year_2,NOT_ASKED,True,False,False,False,False,True,True
year_2_004161,year_2,NOT_ASKED,False,True,False,False,False,True,True
year_2_004162,year_2,NOT_ASKED,False,True,False,False,False,True,True
year_2_004163,year_2,NOT_ASKED,,,,,,True,False
year_2_004164,year_2,NOT_ASKED,False,False,False,False,True,True,True
year_2_004165,year_2,NOT_ASKED,,,,,,True,False
year_2_004166,year_2,NOT_ASKED,False,True,False,False,False,True,True
year_2_004167,year_2,NOT_ASKED,,,,,,True,False
year_2_004168,year_2,NOT_ASKED,,,,,,True,False
year_2_004169,year_2,NOT_ASKED,False,True,False,False,False,True,True
year_2_004170,year_2,NOT_ASKED,True,False,False,False,False,True,True
year_2_004171,year_2,NOT_ASKED,,,,,,True,False
year_2_004172,year_2,NOT_ASKED,True,False,False,False,False,True,True
year_2_004173,year_2,NOT_ASKED,False,True,False,False,False,True,True
year_2_004174,year_2,NOT_ASKED,,,,,,True,False
year_2_004175,year_2,NOT_ASKED,False,False,False,True,False,True,True
year_2_004176,year_2,NOT_ASKED,False,True,False,False,False,True,True
year_2_004177,year_2,DONT_KNOW,,,,,,True,False
year_2_004178,year_2,NOT_ASKED,False,True,False,False,False,True,True
year_2_004179,year_2,SECONDARY_INITIATIVE,,,,,,True,False
year_2_004180,year_2,NOT_ASKED,False,True,False,False,False,True,True
year_2_004181,year_2,NOT_ASKED,,,,,,True,False
year_2_004182,year_2,NOT_ASKED,False,True,False,False,False,True,True
year_2_004183,year_2,NOT_ASKED,,,,,,True,False
year_2_004184,year_2,NOT_ASKED,False,True,False,False,False,True,True
year_2_004185,year_2,NOT_ASKED,,,,,,True,False
year_2_004186,year_2,NOT_ASKED,True,False,False,False,False,True,True
year_2_004187,year_2,NOT_ASKED,False,False,True,False,False,True,True
year_2_004188,year_2,TOP_PRIORITY_MAIN,,,,,,True,False
year_2_004189,year_2,NOT_ASKED,False,True,False,False,False,True,True
year_2_004190,year_2,TOP_PRIORITY_MEDIUM_TERM,,,,,,True,False
year_2_004191,year_2,NOT_ASKED,True,False,False,False,False,True,True
year_2_004192,year_2,NOT_ASKED,False,True,False,False,False,True,True
year_2_004193,year_2,NOT_PRIORITY,,,,,,True,False
year_2_004194,year_2,NOT_ASKED,False,True,False,False,False,True,True
year_2_004195,year_2,NOT_ASKED,True,False,False,False,False,True,True
year_2_004196,year_2,NOT_ASKED,False,True,False,False,False,True,True
year_2_004197,year_2,TOP_PRIORITY_MAIN,,,,,,True,False
year_2_004198,year_2,NOT_ASKED,False,True,False,False,False,True,True
year_2_004199,year_2,NOT_ASKED,True,False,False,False,False,True,True
year_2_004200,year_2,NOT_ASKED,False,True,False,False,False,True,True
year_2_004201,year_2,NOT_ASKED,False,True,False,False,False,True,True
year_2_004202,year_2,NOT_ASKED,True,False,False,False,False,True,True
year_2_004203,year_2,NOT_ASKED,True,False,False,False,False,True,True
year_2_004204,year_2,NOT_ASKED,False,True,False,False,False,True,True
year_2_004205,year_2,NOT_ASKED,False,True,False,False,False,True,True
year_2_004206,year_2,NOT_ASKED,,,,,,True,False
year_2_004207,year_2,NOT_ASKED,False,False,False,True,False,True,True
year_2_004208,year_2,NOT_ASKED,True,False,False,False,False,True,True
year_2_004209,year_2,NOT_PRIORITY,,,,,,True,False
year_2_004210,year_2,NOT_ASKED,False,True,False,False,False,True,True
year_2_004211,year_2,NOT_ASKED,False,True,False,False,False,True,True
year_2_004212,year_2,NOT_ASKED,True,False,False,False,False,True,True
year_2_004213,year_2,NOT_ASKED,True,False,False,False,False,True,True
year_2_004214,year_2,NOT_ASKED,,,,,,True,False
year_2_004215,year_2,NOT_ASKED,False,True,False,False,False,True,True
year_2_004216,year_2,NOT_ASKED,False,True,False,True,False,True,True
year_2_004217,year_2,NOT_ASKED,False,True,False,False,False,True,True
year_2_004218,year_2,NOT_ASKED,False,True,False,False,False,True,True
year_2_004219,year_2,NOT_ASKED,False,True,False,False,False,True,True
year_2_004220,year_2,NOT_ASKED,True,False,False,False,False,True,True
year_2_004221,year_2,NOT_PRIORITY,,,,,,True,False
year_2_004222,year_2,NOT_ASKED,True,False,False,False,False,True,True
year_2_004223,year_2,NOT_ASKED,False,True,False,False,False,True,True
year_2_004224,year_2,NOT_ASKED,False,True,False,False,True,True,True
year_2_004225,year_2,NOT_ASKED,False,True,False,False,False,True,True
year_2_004226,year_2,NOT_ASKED,False,True,False,False,False,True,True
year_2_004227,year_2,NOT_ASKED,False,False,True,False,False,True,True
year_2_004228,year_2,NOT_ASKED,False,True,False,False,False,True,True
year_2_004229,year_2,SECONDARY_INITIATIVE,,,,,,True,False
year_2_004230,year_2,NOT_ASKED,True,False,False,False,False,True,True
year_2_004231,year_2,TOP_PRIORITY_MAIN,,,,,,True,False
year_2_004232,year_2,NOT_ASKED,True,False,False,False,False,True,True
year_2_004233,year_2,NOT_ASKED,False,True,False,False,False,True,True
year_2_004234,year_2,NOT_ASKED,False,False,False,False,True,True,True
year_2_004235,year_2,NOT_ASKED,True,False,False,False,False,True,True
year_2_004236,year_2,NOT_ASKED,False,True,False,False,False,True,True
year_2_004237,year_2,NOT_ASKED,False,False,False,False,True,True,True
year_2_004238,year_2,NOT_ASKED,False,True,False,False,True,True,True
year_2_004239,year_2,NOT_ASKED,False,True,False,False,False,True,True
year_2_004240,year_2,NOT_ASKED,False,False,False,False,True,True,True
year_2_004241,year_2,NOT_ASKED,False,False,False,False,True,True,True
year_2_004242,year_2,NOT_ASKED,False,True,False,False,False,True,True
year_2_004243,year_2,NOT_ASKED,,,,,,True,False
year_2_004244,year_2,NOT_ASKED,True,False,False,False,False,True,True
year_2_004245,year_2,NOT_ASKED,True,False,False,False,False,True,True
year_2_004246,year_2,NOT_ASKED,False,True,False,False,False,True,True
year_2_004247,year_2,NOT_ASKED,False,True,False,False,False,True,True
year_2_004248,year_2,NOT_ASKED,False,True,False,False,False,True,True
year_2_004249,year_2,NOT_ASKED,False,True,False,False,False,True,True
year_2_004250,year_2,NOT_ASKED,False,True,False,False,False,True,True
year_2_004251,year_2,TOP_PRIORITY_MAIN,,,,,,True,False
year_2_004252,year_2,NOT_ASKED,False,True,False,False,False,True,True
year_2_004253,year_2,NOT_ASKED,False,True,False,False,False,True,True
year_2_004254,year_2,NOT_ASKED,True,False,False,False,False,True,True
year_2_004255,year_2,NOT_ASKED,False,True,False,False,True,True,True
year_2_004256,year_2,TOP_PRIORITY_MEDIUM_TERM,,,,,,True,False
year_2_004257,year_2,NOT_ASKED,False,True,False,False,False,True,True
year_2_004258,year_2,DONT_KNOW,,,,,,True,False
year_2_004259,year_2,NOT_ASKED,False,True,False,False,False,True,True
year_2_004260,year_2,NOT_ASKED,False,True,False,False,False,True,True
year_2_004261,year_2,NOT_ASKED,False,True,True,False,False,True,True
year_2_004262,year_2,NOT_ASKED,False,True,False,False,False,True,True
year_2_004263,year_2,NOT_ASKED,,,,,,True,False
year_2_004264,year_2,NOT_ASKED,False,True,False,False,False,True,True
year_2_004265,year_2,NOT_ASKED,False,True,False,False,False,True,True
year_2_004266,year_2,TOP_PRIORITY_MEDIUM_TERM,,,,,,True,False
year_2_004267,year_2,NOT_ASKED,False,False,True,False,False,True,True
year_2_004268,year_2,NOT_ASKED,False,True,False,False,False,True,True
year_2_004269,year_2,NOT_ASKED,False,True,False,False,False,True,True
year_2_004270,year_2,NOT_ASKED,,,,,,True,False
year_2_004271,year_2,SECONDARY_INITIATIVE,,,,,,True,False
year_2_004272,year_2,NOT_ASKED,,,,,,True,False
year_2_004273,year_2,NOT_ASKED,False,True,False,False,False,True,True
year_2_004274,year_2,NOT_ASKED,False,True,False,False,False,True,True
year_2_004275,year_2,NOT_ASKED,False,True,False,False,False,True,True
year_2_004276,year_2,NOT_ASKED,False,True,False,False,False,True,True
year_2_004277,year_2,NOT_ASKED,False,False,False,True,False,True,True
year_2_004278,year_2,NOT_ASKED,False,True,False,False,False,True,True
year_2_004279,year_2,NOT_ASKED,,,,,,True,False
year_2_004280,year_2,NOT_ASKED,,,,,,True,False
year_2_004281,year_2,NOT_ASKED,,,,,,True,False
year_2_004282,year_2,NOT_ASKED,False,False,False,True,False,True,True
year_2_004283,year_2,NOT_ASKED,False,True,False,False,False,True,True
year_2_004284,year_2,NOT_ASKED,False,False,True,False,False,True,True
year_2_004285,year_2,NOT_ASKED,False,True,False,False,False,True,True
year_2_004286,year_2,NOT_ASKED,False,True,False,False,False,True,True
year_2_004287,year_2,NOT_ASKED,False,False,False,False,True,True,True
year_2_004288,year_2,NOT_ASKED,,,,,,True,False
year_2_004289,year_2,NOT_ASKED,False,True,False,False,False,True,True
year_2_004290,year_2,NOT_ASKED,False,True,False,False,True,True,True
year_2_004291,year_2,NOT_ASKED,False,True,False,False,False,True,True
year_2_004292,year_2,NOT_PRIORITY,,,,,,True,False
year_2_004293,year_2,NOT_ASKED,False,True,False,False,False,True,True
year_2_004294,year_2,NOT_ASKED,False,True,False,False,False,True,True
year_2_004295,year_2,NOT_ASKED,False,True,False,False,False,True,True
year_2_004296,year_2,NOT_ASKED,False,True,False,False,False,True,True
year_2_004297,year_2,NOT_ASKED,False,True,False,False,False,True,True
year_2_004298,year_2,NOT_ASKED,False,True,False,False,False,True,True
year_2_004299,year_2,NOT_ASKED,False,True,False,False,False,True,True
year_2_004300,year_2,NOT_ASKED,,,,,,True,False
year_2_004301,year_2,NOT_ASKED,True,False,False,False,False,True,True
year_2_004302,year_2,SECONDARY_INITIATIVE,,,,,,True,False
year_2_004303,year_2,TOP_PRIORITY_MEDIUM_TERM,,,,,,True,False
year_2_004304,year_2,NOT_ASKED,,,,,,True,False
year_2_004305,year_2,NOT_ASKED,False,False,True,False,False,True,True
year_2_004306,year_2,NOT_ASKED,True,False,False,False,True,True,True
year_2_004307,year_2,NOT_ASKED,True,False,False,False,False,True,True
year_2_004308,year_2,NOT_ASKED,False,True,False,False,False,True,True
year_2_004309,year_2,NOT_ASKED,False,True,False,False,True,True,True
year_2_004310,year_2,NOT_ASKED,False,False,False,False,True,True,True
year_2_004311,year_2,NOT_ASKED,False,True,False,False,True,True,True
year_2_004312,year_2,NOT_ASKED,False,True,False,False,False,True,True
year_2_004313,year_2,NOT_ASKED,False,False,True,False,False,True,True
year_2_004314,year_2,NOT_ASKED,True,False,False,False,False,True,True
year_2_004315,year_2,NOT_ASKED,,,,,,True,False
year_2_004316,year_2,NOT_ASKED,False,True,False,False,False,True,True
year_2_004317,year_2,NOT_ASKED,,,,,,True,False
year_2_004318,year_2,NOT_ASKED,False,False,True,False,False,True,True
year_2_004319,year_2,NOT_ASKED,False,True,False,False,False,True,True
year_2_004320,year_2,NOT_ASKED,False,True,False,False,False,True,True
year_2_004321,year_2,NOT_ASKED,False,True,False,False,False,True,True
year_2_004322,year_2,NOT_ASKED,False,True,False,False,True,True,True
year_2_004323,year_2,NOT_ASKED,False,True,False,False,False,True,True
year_2_004324,year_2,NOT_ASKED,,,,,,True,False
year_2_004325,year_2,NOT_ASKED,,,,,,True,False
year_2_004326,year_2,NOT_ASKED,False,True,False,False,False,True,True
year_2_004327,year_2,NOT_ASKED,False,True,False,False,False,True,True
year_2_004328,year_2,NOT_ASKED,False,False,False,True,False,True,True
year_2_004329,year_2,NOT_ASKED,False,True,False,False,False,True,True
year_2_004330,year_2,NOT_ASKED,True,False,False,False,False,True,True
year_2_004331,year_2,NOT_ASKED,False,True,False,False,False,True,True
year_2_004332,year_2,NOT_PRIORITY,,,,,,True,False
year_2_004333,year_2,NOT_ASKED,False,True,False,False,False,True,True
year_2_004334,year_2,NOT_ASKED,False,True,False,False,False,True,True
year_2_004335,year_2,NOT_ASKED,False,True,False,False,False,True,True
year_2_004336,year_2,NOT_ASKED,False,True,False,False,False,True,True
year_2_004337,year_2,NOT_ASKED,False,True,False,False,False,True,True
year_2_004338,year_2,NOT_ASKED,False,True,False,False,False,True,True
year_2_004339,year_2,NOT_ASKED,False,True,False,False,False,True,True
year_2_004340,year_2,NOT_ASKED,True,False,False,False,False,True,True
year_2_004341,year_2,NOT_ASKED,False,True,False,False,False,True,True
year_2_004342,year_2,NOT_ASKED,False,True,False,False,False,True,True
year_2_004343,year_2,SECONDARY_INITIATIVE,,,,,,True,False
year_2_004344,year_2,NOT_ASKED,False,True,False,False,False,True,True
year_2_004345,year_2,NOT_ASKED,False,False,True,False,False,True,True
year_2_004346,year_2,NOT_ASKED,False,False,False,True,True,True,True
year_2_004347,year_2,NOT_ASKED,False,True,False,False,False,True,True
year_2_004348,year_2,NOT_ASKED,False,True,False,False,False,True,True
year_2_004349,year_2,NOT_PRIORITY,,,,,,True,False
year_2_004350,year_2,NOT_ASKED,False,False,False,False,True,True,True
year_2_004351,year_2,NOT_ASKED,False,True,False,False,False,True,True
year_2_004352,year_2,NOT_ASKED,True,False,False,False,False,True,True
year_2_004353,year_2,NOT_ASKED,False,True,False,False,False,True,True
year_2_004354,year_2,NOT_PRIORITY,,,,,,True,False
year_2_004355,year_2,NOT_ASKED,False,True,False,False,True,True,True
year_2_004356,year_2,SECONDARY_INITIATIVE,,,,,,True,False
year_2_004357,year_2,NOT_ASKED,False,True,False,False,False,True,True
year_2_004358,year_2,NOT_ASKED,,,,,,True,False
year_2_004359,year_2,NOT_ASKED,,,,,,True,False
year_2_004360,year_2,NOT_ASKED,,,,,,True,False
year_2_004361,year_2,NOT_ASKED,,,,,,True,False
year_2_004362,year_2,NOT_ASKED,,,,,,True,False
year_2_004363,year_2,NOT_ASKED,False,True,False,False,False,True,True
year_2_004364,year_2,NOT_ASKED,False,True,False,False,False,True,True
year_2_004365,year_2,NOT_ASKED,,,,,,True,False
year_2_004366,year_2,NOT_ASKED,True,False,False,False,False,True,True
year_2_004367,year_2,NOT_ASKED,False,False,False,False,True,True,True
year_2_004368,year_2,NOT_ASKED,False,True,False,False,False,True,True
year_2_004369,year_2,NOT_ASKED,True,False,False,False,False,True,True
year_2_004370,year_2,NOT_ASKED,False,True,False,False,False,True,True
year_2_004371,year_2,NOT_ASKED,True,False,False,False,False,True,True
year_2_004372,year_2,NOT_ASKED,False,True,False,True,False,True,True
year_2_004373,year_2,NOT_ASKED,True,False,False,False,False,True,True
year_2_004374,year_2,NOT_ASKED,False,False,False,False,True,True,True
year_2_004375,year_2,NOT_ASKED,False,True,False,False,False,True,True
year_2_004376,year_2,NOT_ASKED,True,False,False,False,False,True,True
year_2_004377,year_2,NOT_ASKED,False,True,False,False,False,True,True
year_2_004378,year_2,NOT_ASKED,False,True,False,False,False,True,True
year_2_004379,year_2,NOT_ASKED,False,True,False,False,False,True,True
year_2_004380,year_2,NOT_ASKED,False,False,False,True,False,True,True
year_2_004381,year_2,NOT_ASKED,False,False,False,True,False,True,True
year_2_004382,year_2,NOT_ASKED,True,False,False,False,False,True,True
year_2_004383,year_2,NOT_ASKED,,,,,,True,False
year_2_004384,year_2,NOT_ASKED,True,False,False,False,False,True,True
year_2_004385,year_2,NOT_ASKED,False,True,False,False,False,True,True
year_2_004386,year_2,NOT_ASKED,True,False,False,False,False,True,True
year_2_004387,year_2,NOT_ASKED,,,,,,True,False
year_2_004388,year_2,SECONDARY_INITIATIVE,,,,,,True,False
year_2_004389,year_2,NOT_ASKED,True,False,False,False,False,True,True
year_2_004390,year_2,NOT_ASKED,False,False,False,True,False,True,True
year_2_004391,year_2,NOT_PRIORITY,,,,,,True,False
year_2_004392,year_2,NOT_ASKED,True,False,False,False,False,True,True
year_2_004393,year_2,NOT_ASKED,False,True,False,False,False,True,True
year_2_004394,year_2,NOT_ASKED,False,False,False,True,False,True,True
year_2_004395,year_2,NOT_ASKED,False,True,False,False,False,True,True
year_2_004396,year_2,SECONDARY_INITIATIVE,,,,,,True,False
year_2_004397,year_2,NOT_ASKED,False,True,False,False,False,True,True
year_2_004398,year_2,NOT_ASKED,False,True,False,False,False,True,True
year_2_004399,year_2,NOT_ASKED,False,False,True,False,False,True,True
year_2_004400,year_2,NOT_ASKED,False,True,False,False,False,True,True
year_2_004401,year_2,NOT_ASKED,,,,,,True,False
year_2_004402,year_2,SECONDARY_INITIATIVE,,,,,,True,False
year_2_004403,year_2,NOT_ASKED,False,False,False,True,False,True,True
year_2_004404,year_2,NOT_ASKED,False,True,False,False,False,True,True
year_2_004405,year_2,TOP_PRIORITY_MAIN,,,,,,True,False
year_2_004406,year_2,NOT_ASKED,False,True,False,False,False,True,True
year_2_004407,year_2,NOT_ASKED,False,True,False,False,False,True,True
year_2_004408,year_2,NOT_ASKED,False,True,False,False,False,True,True
year_2_004409,year_2,NOT_PRIORITY,,,,,,True,False
year_2_004410,year_2,NOT_ASKED,False,True,False,False,False,True,True
year_2_004411,year_2,NOT_PRIORITY,,,,,,True,False
year_2_004412,year_2,NOT_ASKED,False,True,False,False,False,True,True
year_2_004413,year_2,NOT_ASKED,False,True,False,False,False,True,True
year_2_004414,year_2,NOT_ASKED,True,False,False,False,False,True,True
year_2_004415,year_2,NOT_ASKED,,,,,,True,False
year_2_004416,year_2,NOT_ASKED,False,True,False,False,False,True,True
year_2_004417,year_2,NOT_ASKED,False,True,False,False,True,True,True
year_2_004418,year_2,NOT_PRIORITY,,,,,,True,False
year_2_004419,year_2,NOT_ASKED,False,True,False,False,False,True,True
year_2_004420,year_2,NOT_ASKED,False,False,False,False,True,True,True
year_2_004421,year_2,NOT_ASKED,,,,,,True,False
year_2_004422,year_2,NOT_ASKED,False,True,False,False,False,True,True
year_2_004423,year_2,NOT_ASKED,True,False,False,False,False,True,True
year_2_004424,year_2,NOT_ASKED,,,,,,True,False
year_2_004425,year_2,NOT_ASKED,False,True,False,False,False,True,True
year_2_004426,year_2,NOT_PRIORITY,,,,,,True,False
year_2_004427,year_2,SECONDARY_INITIATIVE,,,,,,True,False
year_2_004428,year_2,NOT_ASKED,True,True,False,False,False,True,True
year_2_004429,year_2,NOT_ASKED,False,True,False,False,True,True,True
year_2_004430,year_2,NOT_ASKED,,,,,,True,False
year_2_004431,year_2,NOT_ASKED,False,True,False,True,False,True,True
year_2_004432,year_2,NOT_ASKED,False,True,False,False,False,True,True
year_2_004433,year_2,NOT_ASKED,True,False,False,False,False,True,True
year_2_004434,year_2,NOT_ASKED,False,True,False,False,True,True,True
year_2_004435,year_2,NOT_ASKED,False,True,False,False,False,True,True
year_2_004436,year_2,NOT_ASKED,False,False,False,True,True,True,True
year_2_004437,year_2,NOT_ASKED,,,,,,True,False
year_2_004438,year_2,NOT_ASKED,False,True,False,False,False,True,True
year_2_004439,year_2,NOT_ASKED,False,True,False,False,False,True,True
year_2_004440,year_2,NOT_ASKED,False,True,False,False,False,True,True
year_2_004441,year_2,NOT_ASKED,False,True,False,False,False,True,True
year_2_004442,year_2,TOP_PRIORITY_MEDIUM_TERM,,,,,,True,False
year_2_004443,year_2,NOT_ASKED,,,,,,True,False
year_2_004444,year_2,NOT_ASKED,True,False,False,False,False,True,True
year_2_004445,year_2,NOT_ASKED,False,True,False,False,False,True,True
year_2_004446,year_2,NOT_ASKED,False,False,False,False,True,True,True
year_2_004447,year_2,NOT_ASKED,False,True,False,False,False,True,True
year_2_004448,year_2,NOT_ASKED,False,True,False,False,False,True,True
year_2_004449,year_2,NOT_ASKED,,,,,,True,False
year_2_004450,year_2,NOT_ASKED,True,False,False,False,False,True,True
year_2_004451,year_2,NOT_ASKED,False,True,False,False,False,True,True
year_2_004452,year_2,NOT_PRIORITY,,,,,,True,False
year_2_004453,year_2,NOT_ASKED,False,True,False,False,False,True,True
year_2_004454,year_2,NOT_ASKED,True,False,False,False,False,True,True
year_2_004455,year_2,NOT_ASKED,False,False,False,True,True,True,True
year_2_004456,year_2,NOT_ASKED,False,True,False,False,False,True,True
year_2_004457,year_2,NOT_ASKED,True,False,False,False,False,True,True
year_2_004458,year_2,SECONDARY_INITIATIVE,,,,,,True,False
year_2_004459,year_2,NOT_PRIORITY,,,,,,True,False
year_2_004460,year_2,TOP_PRIORITY_MAIN,,,,,,True,False
year_2_004461,year_2,NOT_ASKED,True,False,False,False,False,True,True
year_2_004462,year_2,TOP_PRIORITY_MEDIUM_TERM,,,,,,True,False
year_2_004463,year_2,NOT_ASKED,False,True,False,False,False,True,True
year_2_004464,year_2,NOT_ASKED,,,,,,True,False
year_2_004465,year_2,NOT_ASKED,False,True,False,False,False,True,True
year_2_004466,year_2,NOT_ASKED,,,,,,True,False
year_2_004467,year_2,NOT_ASKED,False,True,False,False,False,True,True
year_2_004468,year_2,NOT_ASKED,False,True,False,False,False,True,True
year_2_004469,year_2,NOT_ASKED,False,True,False,False,False,True,True
year_2_004470,year_2,NOT_ASKED,False,True,False,False,False,True,True
year_2_004471,year_2,NOT_ASKED,False,True,False,False,False,True,True
year_2_004472,year_2,NOT_ASKED,False,True,False,False,False,True,True
year_2_004473,year_2,NOT_ASKED,False,True,False,False,False,True,True
year_2_004474,year_2,NOT_ASKED,True,False,False,False,False,True,True
year_2_004475,year_2,NOT_ASKED,False,True,False,False,False,True,True
year_2_004476,year_2,NOT_ASKED,True,False,False,False,False,True,True
year_2_004477,year_2,NOT_ASKED,False,True,False,False,False,True,True
year_2_004478,year_2,NOT_PRIORITY,,,,,,True,False
year_2_004479,year_2,NOT_ASKED,False,True,False,False,False,True,True
year_2_004480,year_2,NOT_ASKED,False,True,False,False,False,True,True
year_2_004481,year_2,NOT_PRIORITY,,,,,,True,False
year_2_004482,year_2,TOP_PRIORITY_MAIN,,,,,,True,False
year_2_004483,year_2,NOT_ASKED,False,True,False,False,False,True,True
year_2_004484,year_2,NOT_ASKED,False,True,False,False,False,True,True
year_2_004485,year_2,NOT_ASKED,False,False,True,False,False,True,True
year_2_004486,year_2,NOT_ASKED,False,True,False,False,True,True,True
year_2_004487,year_2,NOT_ASKED,True,False,False,False,False,True,True
year_2_004488,year_2,TOP_PRIORITY_MEDIUM_TERM,,,,,,True,False
year_2_004489,year_2,NOT_ASKED,False,True,False,False,False,True,True
year_2_004490,year_2,NOT_ASKED,,,,,,True,False
year_2_004491,year_2,NOT_ASKED,False,True,False,False,False,True,True
year_2_004492,year_2,NOT_ASKED,False,True,False,False,False,True,True
year_2_004493,year_2,NOT_ASKED,False,True,False,False,False,True,True
year_2_004494,year_2,NOT_ASKED,False,True,False,False,False,True,True
year_2_004495,year_2,NOT_ASKED,False,True,False,False,False,True,True
year_2_004496,year_2,NOT_ASKED,False,True,False,False,False,True,True
year_2_004497,year_2,NOT_ASKED,False,True,False,False,False,True,True
year_2_004498,year_2,NOT_ASKED,False,True,False,False,False,True,True
year_2_004499,year_2,NOT_ASKED,False,True,False,False,False,True,True
year_2_004500,year_2,NOT_ASKED,True,False,False,False,False,True,True
year_2_004501,year_2,NOT_ASKED,True,False,False,False,False,True,True
year_2_004502,year_2,NOT_ASKED,False,False,False,False,True,True,True
year_2_004503,year_2,NOT_ASKED,False,True,False,False,False,True,True
year_2_004504,year_2,NOT_ASKED,False,True,False,False,False,True,True
year_2_004505,year_2,NOT_ASKED,False,True,False,False,False,True,True
year_2_004506,year_2,NOT_ASKED,,,,,,True,False
year_2_004507,year_2,NOT_ASKED,True,False,False,False,False,True,True
year_2_004508,year_2,NOT_ASKED,False,True,False,False,False,True,True
year_2_004509,year_2,NOT_ASKED,False,True,False,False,True,True,True
year_2_004510,year_2,NOT_ASKED,False,True,False,False,False,True,True
year_2_004511,year_2,NOT_ASKED,True,False,False,False,False,True,True
year_2_004512,year_2,NOT_ASKED,False,True,False,False,True,True,True
year_2_004513,year_2,NOT_ASKED,True,False,False,False,False,True,True
year_2_004514,year_2,NOT_ASKED,,,,,,True,False
year_2_004515,year_2,NOT_ASKED,False,True,False,False,False,True,True
year_2_004516,year_2,NOT_ASKED,False,True,False,False,False,True,True
year_2_004517,year_2,NOT_ASKED,True,False,False,False,False,True,True
year_2_004518,year_2,TOP_PRIORITY_MEDIUM_TERM,,,,,,True,False
year_2_004519,year_2,NOT_ASKED,False,False,False,False,True,True,True
year_2_004520,year_2,NOT_ASKED,False,True,False,False,False,True,True
year_2_004521,year_2,NOT_ASKED,False,True,False,False,False,True,True
year_2_004522,year_2,NOT_ASKED,False,True,False,False,False,True,True
year_2_004523,year_2,NOT_ASKED,False,True,False,False,False,True,True
year_2_004524,year_2,NOT_ASKED,False,True,False,False,False,True,True
year_2_004525,year_2,NOT_ASKED,False,True,False,False,False,True,True
year_2_004526,year_2,NOT_ASKED,False,True,False,False,False,True,True
year_2_004527,year_2,NOT_ASKED,False,True,False,False,False,True,True
year_2_004528,year_2,NOT_ASKED,False,True,False,False,False,True,True
year_2_004529,year_2,SECONDARY_INITIATIVE,,,,,,True,False
year_2_004530,year_2,NOT_ASKED,True,False,False,False,False,True,True
year_2_004531,year_2,NOT_ASKED,False,True,False,False,False,True,True
year_2_004532,year_2,NOT_ASKED,,,,,,True,False
year_2_004533,year_2,NOT_ASKED,,,,,,True,False
year_2_004534,year_2,NOT_ASKED,False,False,False,True,False,True,True
year_2_004535,year_2,NOT_ASKED,True,True,False,False,False,True,True
year_2_004536,year_2,NOT_ASKED,False,False,True,False,False,True,True
year_2_004537,year_2,NOT_ASKED,,,,,,True,False
year_2_004538,year_2,NOT_ASKED,,,,,,True,False
year_2_004539,year_2,TOP_PRIORITY_MEDIUM_TERM,,,,,,True,False
year_2_004540,year_2,TOP_PRIORITY_MAIN,,,,,,True,False
year_2_004541,year_2,NOT_ASKED,False,False,False,False,True,True,True
year_2_004542,year_2,NOT_ASKED,False,False,True,False,False,True,True
year_2_004543,year_2,SECONDARY_INITIATIVE,,,,,,True,False
year_2_004544,year_2,NOT_ASKED,False,True,False,False,False,True,True
year_2_004545,year_2,NOT_ASKED,,,,,,True,False
year_2_004546,year_2,NOT_ASKED,False,True,False,False,False,True,True
year_2_004547,year_2,SECONDARY_INITIATIVE,,,,,,True,False
year_2_004548,year_2,NOT_ASKED,False,True,False,False,False,True,True
year_2_004549,year_2,NOT_ASKED,False,False,True,False,False,True,True
year_2_004550,year_2,NOT_ASKED,,,,,,True,False
year_2_004551,year_2,NOT_ASKED,False,True,False,False,False,True,True
year_2_004552,year_2,NOT_ASKED,False,True,False,False,False,True,True
year_2_004553,year_2,NOT_ASKED,False,True,False,False,False,True,True
year_2_004554,year_2,DONT_KNOW,,,,,,True,False
year_2_004555,year_2,NOT_ASKED,False,True,False,False,False,True,True
year_2_004556,year_2,NOT_ASKED,False,True,False,False,False,True,True
year_2_004557,year_2,SECONDARY_INITIATIVE,,,,,,True,False
year_2_004558,year_2,NOT_ASKED,False,True,False,False,False,True,True
year_2_004559,year_2,NOT_ASKED,False,True,False,False,False,True,True
year_2_004560,year_2,NOT_ASKED,False,True,False,False,False,True,True
year_2_004561,year_2,NOT_ASKED,False,True,False,False,False,True,True
year_2_004562,year_2,NOT_PRIORITY,,,,,,True,False
year_2_004563,year_2,NOT_PRIORITY,,,,,,True,False
year_2_004564,year_2,NOT_ASKED,False,True,False,False,False,True,True
year_2_004565,year_2,NOT_ASKED,False,True,False,False,False,True,True
year_2_004566,year_2,NOT_ASKED,False,False,True,False,False,True,True
year_2_004567,year_2,NOT_ASKED,False,True,False,False,False,True,True
year_2_004568,year_2,NOT_ASKED,False,False,False,True,False,True,True
year_2_004569,year_2,NOT_ASKED,False,True,False,False,False,True,True
year_2_004570,year_2,NOT_ASKED,False,True,False,False,False,True,True
year_2_004571,year_2,NOT_ASKED,False,True,False,False,False,True,True
year_2_004572,year_2,NOT_ASKED,False,True,False,False,False,True,True
year_2_004573,year_2,NOT_ASKED,False,True,False,False,False,True,True
year_2_004574,year_2,NOT_ASKED,False,True,False,False,True,True,True
year_2_004575,year_2,NOT_ASKED,False,True,False,False,False,True,True
year_2_004576,year_2,NOT_ASKED,False,True,False,False,False,True,True
year_2_004577,year_2,NOT_ASKED,True,False,False,False,False,True,True
year_2_004578,year_2,NOT_ASKED,False,True,False,False,False,True,True
year_2_004579,year_2,NOT_PRIORITY,,,,,,True,False
year_2_004580,year_2,NOT_ASKED,True,False,False,False,False,True,True
year_2_004581,year_2,NOT_ASKED,,,,,,True,False
year_2_004582,year_2,NOT_ASKED,False,True,False,False,False,True,True
year_2_004583,year_2,NOT_ASKED,False,True,False,False,False,True,True
year_2_004584,year_2,NOT_ASKED,,,,,,True,False
year_2_004585,year_2,TOP_PRIORITY_MAIN,,,,,,True,False
year_2_004586,year_2,NOT_ASKED,False,False,True,False,False,True,True
year_2_004587,year_2,NOT_ASKED,False,False,True,False,False,True,True
year_2_004588,year_2,NOT_ASKED,True,False,False,False,False,True,True
year_2_004589,year_2,NOT_ASKED,,,,,,True,False
year_2_004590,year_2,NOT_ASKED,False,True,False,False,False,True,True
year_2_004591,year_2,NOT_ASKED,True,False,False,False,False,True,True
year_2_004592,year_2,NOT_PRIORITY,,,,,,True,False
year_2_004593,year_2,NOT_ASKED,False,True,False,False,False,True,True
year_2_004594,year_2,SECONDARY_INITIATIVE,,,,,,True,False
year_2_004595,year_2,TOP_PRIORITY_MEDIUM_TERM,,,,,,True,False
year_2_004596,year_2,NOT_ASKED,False,True,False,False,False,True,True
year_2_004597,year_2,NOT_ASKED,True,False,False,False,False,True,True
year_2_004598,year_2,NOT_ASKED,True,False,False,False,False,True,True
year_2_004599,year_2,NOT_ASKED,False,True,False,False,False,True,True
year_2_004600,year_2,SECONDARY_INITIATIVE,,,,,,True,False
year_2_004601,year_2,NOT_ASKED,False,True,False,False,True,True,True
year_2_004602,year_2,NOT_ASKED,False,True,False,False,False,True,True
year_2_004603,year_2,NOT_ASKED,False,True,False,False,False,True,True
year_2_004604,year_2,NOT_ASKED,False,True,False,False,False,True,True
year_2_004605,year_2,NOT_ASKED,,,,,,True,False
year_2_004606,year_2,NOT_ASKED,False,False,False,False,True,True,True
year_2_004607,year_2,NOT_ASKED,True,False,False,False,False,True,True
year_2_004608,year_2,SECONDARY_INITIATIVE,,,,,,True,False
year_2_004609,year_2,NOT_ASKED,False,True,False,False,False,True,True
year_2_004610,year_2,NOT_ASKED,True,False,False,False,False,True,True
year_2_004611,year_2,NOT_ASKED,False,True,False,False,False,True,True
year_2_004612,year_2,NOT_ASKED,False,True,False,False,False,True,True
year_2_004613,year_2,SECONDARY_INITIATIVE,,,,,,True,False
year_2_004614,year_2,NOT_ASKED,False,False,True,False,True,True,True
year_2_004615,year_2,NOT_ASKED,False,True,False,False,False,True,True
year_2_004616,year_2,NOT_ASKED,,,,,,True,False
year_2_004617,year_2,NOT_ASKED,True,False,False,False,False,True,True
year_2_004618,year_2,NOT_ASKED,,,,,,True,False
year_2_004619,year_2,NOT_ASKED,False,True,False,False,False,True,True
year_2_004620,year_2,NOT_ASKED,True,False,False,False,False,True,True
year_2_004621,year_2,NOT_ASKED,False,True,False,False,True,True,True
year_2_004622,year_2,NOT_ASKED,False,True,False,False,False,True,True
year_2_004623,year_2,NOT_ASKED,False,False,True,False,False,True,True
year_2_004624,year_2,NOT_PRIORITY,,,,,,True,False
year_2_004625,year_2,NOT_ASKED,,,,,,True,False
year_2_004626,year_2,NOT_ASKED,False,True,False,False,False,True,True
year_2_004627,year_2,NOT_ASKED,True,False,False,False,False,True,True
year_2_004628,year_2,NOT_ASKED,False,True,False,False,False,True,True
year_2_004629,year_2,NOT_ASKED,True,False,False,False,False,True,True
year_2_004630,year_2,NOT_ASKED,False,True,False,False,False,True,True
year_2_004631,year_2,NOT_ASKED,False,True,False,False,False,True,True
year_2_004632,year_2,NOT_ASKED,False,False,False,True,False,True,True
year_2_004633,year_2,SECONDARY_INITIATIVE,,,,,,True,False
year_2_004634,year_2,NOT_ASKED,False,False,False,False,True,True,True
year_2_004635,year_2,NOT_ASKED,False,False,True,False,False,True,True
year_2_004636,year_2,NOT_ASKED,,,,,,True,False
year_2_004637,year_2,NOT_ASKED,False,True,False,False,False,True,True
year_2_004638,year_2,NOT_ASKED,False,True,False,False,False,True,True
year_2_004639,year_2,NOT_ASKED,False,True,False,False,False,True,True
year_2_004640,year_2,TOP_PRIORITY_MEDIUM_TERM,,,,,,True,False
year_2_004641,year_2,NOT_ASKED,False,True,False,False,True,True,True
year_2_004642,year_2,NOT_ASKED,False,True,False,False,False,True,True
year_2_004643,year_2,NOT_ASKED,,,,,,True,False
year_2_004644,year_2,NOT_ASKED,False,True,False,False,False,True,True
year_2_004645,year_2,NOT_PRIORITY,,,,,,True,False
year_2_004646,year_2,NOT_ASKED,,,,,,True,False
year_2_004647,year_2,SECONDARY_INITIATIVE,,,,,,True,False
year_2_004648,year_2,NOT_ASKED,False,False,True,False,False,True,True
year_2_004649,year_2,NOT_ASKED,False,True,False,False,False,True,True
year_2_004650,year_2,TOP_PRIORITY_MEDIUM_TERM,,,,,,True,False
year_2_004651,year_2,NOT_ASKED,False,True,False,False,False,True,True
year_2_004652,year_2,NOT_PRIORITY,,,,,,True,False
year_2_004653,year_2,NOT_ASKED,False,True,False,False,False,True,True
year_2_004654,year_2,NOT_ASKED,True,False,False,False,False,True,True
year_2_004655,year_2,NOT_ASKED,False,False,False,False,True,True,True
year_2_004656,year_2,NOT_ASKED,False,False,True,False,True,True,True
year_2_004657,year_2,NOT_ASKED,False,True,False,False,False,True,True
year_2_004658,year_2,NOT_ASKED,False,True,False,False,False,True,True
year_2_004659,year_2,NOT_ASKED,False,False,False,False,True,True,True
year_2_004660,year_2,NOT_ASKED,False,True,False,False,False,True,True
year_2_004661,year_2,SECONDARY_INITIATIVE,,,,,,True,False
year_2_004662,year_2,NOT_ASKED,True,False,False,False,False,True,True
year_2_004663,year_2,NOT_ASKED,False,False,True,False,False,True,True
year_2_004664,year_2,NOT_ASKED,,,,,,True,False
year_2_004665,year_2,NOT_ASKED,False,False,True,False,False,True,True
year_2_004666,year_2,NOT_ASKED,False,True,False,False,False,True,True
year_2_004667,year_2,NOT_ASKED,False,True,False,False,False,True,True
year_2_004668,year_2,NOT_ASKED,False,True,False,False,False,True,True
year_2_004669,year_2,TOP_PRIORITY_MEDIUM_TERM,,,,,,True,False
year_2_004670,year_2,TOP_PRIORITY_MAIN,,,,,,True,False
year_2_004671,year_2,NOT_ASKED,False,False,True,False,False,True,True
year_2_004672,year_2,NOT_ASKED,False,True,False,False,False,True,True
year_2_004673,year_2,NOT_ASKED,False,False,True,False,False,True,True
year_2_004674,year_2,NOT_ASKED,False,False,False,False,True,True,True
year_2_004675,year_2,NOT_ASKED,False,True,False,False,False,True,True
year_2_004676,year_2,NOT_ASKED,True,False,False,False,False,True,True
year_2_004677,year_2,NOT_PRIORITY,,,,,,True,False
year_2_004678,year_2,SECONDARY_INITIATIVE,,,,,,True,False
year_2_004679,year_2,NOT_ASKED,False,True,False,False,False,True,True
year_2_004680,year_2,NOT_ASKED,False,True,False,False,False,True,True
year_2_004681,year_2,NOT_PRIORITY,,,,,,True,False
year_2_004682,year_2,NOT_ASKED,False,False,False,True,True,True,True
year_2_004683,year_2,NOT_ASKED,False,False,False,False,True,True,True
year_2_004684,year_2,NOT_ASKED,,,,,,True,False
year_2_004685,year_2,NOT_ASKED,False,True,False,False,False,True,True
year_2_004686,year_2,NOT_ASKED,False,True,False,False,False,True,True
year_2_004687,year_2,NOT_ASKED,,,,,,True,False
year_2_004688,year_2,NOT_ASKED,False,True,False,False,True,True,True
year_2_004689,year_2,SECONDARY_INITIATIVE,,,,,,True,False
year_2_004690,year_2,NOT_ASKED,False,True,False,False,True,True,True
year_2_004691,year_2,NOT_ASKED,True,False,False,False,False,True,True
year_2_004692,year_2,NOT_ASKED,False,True,False,True,False,True,True
year_2_004693,year_2,NOT_ASKED,False,True,False,False,False,True,True
year_2_004694,year_2,NOT_ASKED,False,False,False,True,False,True,True
year_2_004695,year_2,NOT_ASKED,False,True,False,False,False,True,True
year_2_004696,year_2,NOT_ASKED,,,,,,True,False
year_2_004697,year_2,SECONDARY_INITIATIVE,,,,,,True,False
year_2_004698,year_2,NOT_ASKED,False,True,False,False,False,True,True
year_2_004699,year_2,NOT_PRIORITY,,,,,,True,False
year_2_004700,year_2,NOT_ASKED,True,False,False,False,False,True,True
year_2_004701,year_2,NOT_ASKED,True,True,False,False,False,True,True
year_2_004702,year_2,NOT_ASKED,True,False,False,False,False,True,True
year_2_004703,year_2,NOT_ASKED,,,,,,True,False
year_2_004704,year_2,NOT_ASKED,False,True,False,False,False,True,True
year_2_004705,year_2,NOT_ASKED,False,True,False,False,False,True,True
year_2_004706,year_2,NOT_ASKED,True,False,False,False,False,True,True
year_2_004707,year_2,NOT_ASKED,False,True,False,False,False,True,True
year_2_004708,year_2,NOT_ASKED,False,False,False,False,True,True,True
year_2_004709,year_2,NOT_ASKED,False,True,False,False,False,True,True
year_2_004710,year_2,DONT_KNOW,,,,,,True,False
year_2_004711,year_2,NOT_ASKED,False,False,True,False,False,True,True
year_2_004712,year_2,TOP_PRIORITY_MEDIUM_TERM,,,,,,True,False
year_2_004713,year_2,NOT_ASKED,,,,,,True,False
year_2_004714,year_2,NOT_ASKED,True,False,False,False,False,True,True
year_2_004715,year_2,TOP_PRIORITY_MEDIUM_TERM,,,,,,True,False
year_2_004716,year_2,NOT_ASKED,False,True,False,False,False,True,True
year_2_004717,year_2,NOT_ASKED,False,True,False,False,False,True,True
year_2_004718,year_2,NOT_ASKED,False,True,False,False,False,True,True
year_2_004719,year_2,NOT_ASKED,False,True,False,False,False,True,True
year_2_004720,year_2,NOT_PRIORITY,,,,,,True,False
year_2_004721,year_2,NOT_ASKED,False,True,False,False,False,True,True
year_2_004722,year_2,NOT_ASKED,False,False,True,False,False,True,True
year_2_004723,year_2,NOT_ASKED,False,True,False,False,False,True,True
year_2_004724,year_2,TOP_PRIORITY_MEDIUM_TERM,,,,,,True,False
year_2_004725,year_2,TOP_PRIORITY_MEDIUM_TERM,,,,,,True,False
year_2_004726,year_2,NOT_ASKED,,,,,,True,False
year_2_004727,year_2,NOT_ASKED,False,True,False,False,False,True,True
year_2_004728,year_2,NOT_ASKED,True,False,False,False,False,True,True
year_2_004729,year_2,NOT_ASKED,False,True,False,False,False,True,True
year_2_004730,year_2,NOT_ASKED,False,True,False,False,True,True,True
year_2_004731,year_2,TOP_PRIORITY_MEDIUM_TERM,,,,,,True,False
year_2_004732,year_2,NOT_ASKED,True,False,False,False,False,True,True
year_2_004733,year_2,NOT_ASKED,False,True,False,False,False,True,True
year_2_004734,year_2,NOT_ASKED,False,False,False,True,False,True,True
year_2_004735,year_2,NOT_ASKED,False,True,False,False,False,True,True
year_2_004736,year_2,NOT_ASKED,False,False,False,True,False,True,True
year_2_004737,year_2,NOT_ASKED,False,True,False,False,False,True,True
year_2_004738,year_2,NOT_ASKED,False,True,False,False,False,True,True
year_2_004739,year_2,SECONDARY_INITIATIVE,,,,,,True,False
year_2_004740,year_2,NOT_ASKED,False,True,False,False,False,True,True
year_2_004741,year_2,NOT_ASKED,False,True,False,False,False,True,True
year_2_004742,year_2,NOT_ASKED,,,,,,True,False
year_2_004743,year_2,NOT_ASKED,False,True,False,False,False,True,True
year_2_004744,year_2,NOT_ASKED,False,True,False,False,False,True,True
year_2_004745,year_2,NOT_PRIORITY,,,,,,True,False
year_2_004746,year_2,NOT_ASKED,False,True,False,False,False,True,True
year_2_004747,year_2,NOT_ASKED,False,True,False,False,False,True,True
year_2_004748,year_2,TOP_PRIORITY_MAIN,,,,,,True,False
year_2_004749,year_2,NOT_ASKED,False,True,False,False,False,True,True
year_2_004750,year_2,NOT_ASKED,False,False,False,True,True,True,True
year_2_004751,year_2,NOT_ASKED,False,True,False,False,False,True,True
year_2_004752,year_2,NOT_ASKED,False,False,False,True,True,True,True
year_2_004753,year_2,NOT_ASKED,True,False,False,False,False,True,True
year_2_004754,year_2,NOT_ASKED,,,,,,True,False
year_2_004755,year_2,TOP_PRIORITY_MEDIUM_TERM,,,,,,True,False
year_2_004756,year_2,NOT_ASKED,False,True,False,False,False,True,True
year_2_004757,year_2,NOT_ASKED,True,False,False,False,False,True,True
year_2_004758,year_2,NOT_ASKED,True,False,False,False,False,True,True
year_2_004759,year_2,SECONDARY_INITIATIVE,,,,,,True,False
year_2_004760,year_2,NOT_ASKED,False,True,False,False,False,True,True
year_2_004761,year_2,NOT_ASKED,False,True,False,False,False,True,True
year_2_004762,year_2,NOT_ASKED,False,True,False,False,False,True,True
year_2_004763,year_2,NOT_ASKED,False,True,False,False,False,True,True
year_2_004764,year_2,NOT_ASKED,,,,,,True,False
year_2_004765,year_2,NOT_ASKED,False,False,False,False,True,True,True
year_2_004766,year_2,NOT_ASKED,False,True,False,False,False,True,True
year_2_004767,year_2,NOT_ASKED,False,True,False,False,False,True,True
year_2_004768,year_2,NOT_ASKED,True,False,False,False,False,True,True
year_2_004769,year_2,NOT_ASKED,False,True,False,False,False,True,True
year_2_004770,year_2,TOP_PRIORITY_MEDIUM_TERM,,,,,,True,False
year_2_004771,year_2,NOT_ASKED,False,True,False,False,False,True,True
year_2_004772,year_2,NOT_ASKED,False,True,False,False,True,True,True
year_2_004773,year_2,SECONDARY_INITIATIVE,,,,,,True,False
year_2_004774,year_2,NOT_PRIORITY,,,,,,True,False
year_2_004775,year_2,NOT_ASKED,False,True,False,False,False,True,True
year_2_004776,year_2,NOT_ASKED,False,True,False,False,False,True,True
year_2_004777,year_2,TOP_PRIORITY_MEDIUM_TERM,,,,,,True,False
year_2_004778,year_2,SECONDARY_INITIATIVE,,,,,,True,False
year_2_004779,year_2,NOT_ASKED,False,False,False,True,False,True,True
year_2_004780,year_2,TOP_PRIORITY_MAIN,,,,,,True,False
year_2_004781,year_2,NOT_ASKED,False,True,False,False,False,True,True
year_2_004782,year_2,NOT_PRIORITY,,,,,,True,False
year_2_004783,year_2,NOT_ASKED,True,False,False,False,False,True,True
year_2_004784,year_2,NOT_ASKED,,,,,,True,False
year_2_004785,year_2,NOT_ASKED,False,True,False,False,False,True,True
year_2_004786,year_2,NOT_ASKED,False,False,False,True,False,True,True
year_2_004787,year_2,NOT_ASKED,False,True,False,False,False,True,True
year_2_004788,year_2,NOT_ASKED,False,True,False,False,False,True,True
year_2_004789,year_2,NOT_ASKED,False,False,False,False,True,True,True
year_2_004790,year_2,NOT_ASKED,False,False,False,True,False,True,True
year_2_004791,year_2,NOT_ASKED,False,True,False,False,False,True,True
year_2_004792,year_2,TOP_PRIORITY_MAIN,,,,,,True,False
year_2_004793,year_2,NOT_ASKED,False,True,False,False,False,True,True
year_2_004794,year_2,NOT_PRIORITY,,,,,,True,False
year_2_004795,year_2,NOT_ASKED,False,False,False,True,True,True,True
year_2_004796,year_2,DONT_KNOW,,,,,,True,False
year_2_004797,year_2,NOT_ASKED,False,True,False,False,False,True,True
year_2_004798,year_2,SECONDARY_INITIATIVE,,,,,,True,False
year_2_004799,year_2,NOT_ASKED,True,False,False,False,False,True,True
year_2_004800,year_2,NOT_ASKED,,,,,,True,False
year_2_004801,year_2,NOT_ASKED,True,False,False,False,False,True,True
year_2_004802,year_2,NOT_ASKED,True,False,False,False,False,True,True
year_2_004803,year_2,NOT_ASKED,False,True,False,False,False,True,True
year_2_004804,year_2,NOT_ASKED,False,False,False,True,False,True,True
year_2_004805,year_2,NOT_ASKED,False,True,False,False,False,True,True
year_2_004806,year_2,SECONDARY_INITIATIVE,,,,,,True,False
year_2_004807,year_2,NOT_PRIORITY,,,,,,True,False
year_2_004808,year_2,NOT_ASKED,True,False,False,False,False,True,True
year_2_004809,year_2,NOT_ASKED,True,True,False,False,False,True,True
year_2_004810,year_2,NOT_ASKED,False,True,False,False,False,True,True
year_2_004811,year_2,NOT_ASKED,False,True,False,False,False,True,True
year_2_004812,year_2,TOP_PRIORITY_MEDIUM_TERM,,,,,,True,False
year_2_004813,year_2,NOT_ASKED,,,,,,True,False
year_2_004814,year_2,NOT_ASKED,False,True,False,False,False,True,True
year_2_004815,year_2,SECONDARY_INITIATIVE,,,,,,True,False
year_2_004816,year_2,NOT_ASKED,True,False,False,False,False,True,True
year_2_004817,year_2,NOT_ASKED,True,False,False,False,False,True,True
year_2_004818,year_2,NOT_ASKED,False,True,False,False,False,True,True
year_2_004819,year_2,NOT_ASKED,False,True,False,False,False,True,True
year_2_004820,year_2,SECONDARY_INITIATIVE,,,,,,True,False
year_2_004821,year_2,NOT_ASKED,True,False,False,False,False,True,True
year_2_004822,year_2,NOT_ASKED,False,False,True,False,False,True,True
year_2_004823,year_2,NOT_ASKED,False,True,False,False,False,True,True
year_2_004824,year_2,NOT_ASKED,False,False,True,False,False,True,True
year_2_004825,year_2,NOT_ASKED,,,,,,True,False
year_2_004826,year_2,NOT_ASKED,True,True,False,False,False,True,True
year_2_004827,year_2,NOT_ASKED,False,False,True,False,True,True,True
year_2_004828,year_2,NOT_ASKED,False,False,True,False,False,True,True
year_2_004829,year_2,NOT_ASKED,True,False,False,False,False,True,True
year_2_004830,year_2,NOT_ASKED,True,False,False,False,False,True,True
year_2_004831,year_2,NOT_ASKED,,,,,,True,False
year_2_004832,year_2,TOP_PRIORITY_MEDIUM_TERM,,,,,,True,False
year_2_004833,year_2,NOT_ASKED,False,True,False,False,False,True,True
year_2_004834,year_2,NOT_ASKED,False,True,False,False,False,True,True
year_2_004835,year_2,NOT_ASKED,False,False,False,True,False,True,True
year_2_004836,year_2,NOT_ASKED,False,True,False,False,False,True,True
year_2_004837,year_2,NOT_ASKED,False,True,False,False,False,True,True
year_2_004838,year_2,NOT_ASKED,True,False,False,False,False,True,True
year_2_004839,year_2,NOT_PRIORITY,,,,,,True,False
year_2_004840,year_2,NOT_ASKED,False,True,False,False,False,True,True
year_2_004841,year_2,NOT_ASKED,,,,,,True,False
year_2_004842,year_2,NOT_ASKED,True,False,False,False,False,True,True
year_2_004843,year_2,NOT_ASKED,False,True,False,False,False,True,True
year_2_004844,year_2,NOT_ASKED,False,False,False,False,True,True,True
year_2_004845,year_2,SECONDARY_INITIATIVE,,,,,,True,False
year_2_004846,year_2,NOT_ASKED,False,True,False,False,False,True,True
year_2_004847,year_2,NOT_ASKED,,,,,,True,False
year_2_004848,year_2,NOT_ASKED,False,True,False,False,False,True,True
year_2_004849,year_2,NOT_ASKED,,,,,,True,False
year_2_004850,year_2,NOT_ASKED,,,,,,True,False
year_2_004851,year_2,NOT_ASKED,False,True,False,False,False,True,True
year_2_004852,year_2,NOT_ASKED,,,,,,True,False
year_2_004853,year_2,NOT_ASKED,False,False,False,True,False,True,True
year_2_004854,year_2,NOT_ASKED,False,True,False,False,False,True,True
year_2_004855,year_2,SECONDARY_INITIATIVE,,,,,,True,False
year_2_004856,year_2,TOP_PRIORITY_MAIN,,,,,,True,False
year_2_004857,year_2,NOT_ASKED,True,False,False,False,False,True,True
year_2_004858,year_2,TOP_PRIORITY_MAIN,,,,,,True,False
year_2_004859,year_2,NOT_ASKED,False,False,False,False,True,True,True
year_2_004860,year_2,NOT_ASKED,False,True,False,False,False,True,True
year_2_004861,year_2,NOT_ASKED,False,False,False,True,False,True,True
year_2_004862,year_2,NOT_ASKED,False,True,False,False,False,True,True
year_2_004863,year_2,NOT_ASKED,True,False,False,False,False,True,True
year_2_004864,year_2,NOT_ASKED,,,,,,True,False
year_2_004865,year_2,NOT_ASKED,True,False,False,False,False,True,True
year_2_004866,year_2,NOT_ASKED,False,True,False,False,False,True,True
year_2_004867,year_2,NOT_ASKED,,,,,,True,False
year_2_004868,year_2,NOT_ASKED,True,False,False,False,False,True,True
year_2_004869,year_2,TOP_PRIORITY_MEDIUM_TERM,,,,,,True,False
year_2_004870,year_2,NOT_ASKED,False,True,False,False,False,True,True
year_2_004871,year_2,NOT_ASKED,False,True,False,False,False,True,True
year_2_004872,year_2,NOT_ASKED,,,,,,True,False
year_2_004873,year_2,NOT_ASKED,False,True,False,False,False,True,True
year_2_004874,year_2,NOT_ASKED,True,False,False,False,False,True,True
year_2_004875,year_2,NOT_ASKED,True,False,False,False,False,True,True
year_2_004876,year_2,NOT_ASKED,False,False,True,False,False,True,True
year_2_004877,year_2,NOT_ASKED,,,,,,True,False
year_2_004878,year_2,NOT_ASKED,False,True,False,False,False,True,True
year_2_004879,year_2,NOT_ASKED,True,False,False,False,False,True,True
year_2_004880,year_2,NOT_ASKED,False,True,False,False,False,True,True
year_2_004881,year_2,NOT_ASKED,False,False,True,False,True,True,True
year_2_004882,year_2,NOT_ASKED,False,False,True,False,False,True,True
year_2_004883,year_2,NOT_ASKED,False,True,False,False,False,True,True
year_2_004884,year_2,NOT_ASKED,False,False,True,False,False,True,True
year_2_004885,year_2,NOT_ASKED,False,True,False,False,False,True,True
year_2_004886,year_2,NOT_PRIORITY,,,,,,True,False
year_2_004887,year_2,NOT_ASKED,False,True,False,False,False,True,True
year_2_004888,year_2,SECONDARY_INITIATIVE,,,,,,True,False
year_2_004889,year_2,NOT_ASKED,False,False,False,False,True,True,True
year_2_004890,year_2,NOT_ASKED,False,True,False,False,True,True,True
year_2_004891,year_2,NOT_ASKED,False,True,False,False,False,True,True
year_2_004892,year_2,NOT_ASKED,False,True,False,False,True,True,True
year_2_004893,year_2,NOT_ASKED,False,True,False,False,False,True,True
year_2_004894,year_2,NOT_ASKED,False,True,False,False,False,True,True
year_2_004895,year_2,NOT_ASKED,False,True,False,False,False,True,True
year_2_004896,year_2,NOT_ASKED,False,True,False,False,False,True,True
year_2_004897,year_2,NOT_ASKED,True,False,False,False,False,True,True
year_2_004898,year_2,NOT_ASKED,False,True,False,False,False,True,True
year_2_004899,year_2,NOT_ASKED,False,False,True,False,False,True,True
year_2_004900,year_2,TOP_PRIORITY_MAIN,,,,,,True,False
year_2_004901,year_2,NOT_ASKED,True,False,False,False,False,True,True
year_2_004902,year_2,NOT_ASKED,False,True,False,False,False,True,True
year_2_004903,year_2,NOT_ASKED,True,False,False,False,False,True,True
year_2_004904,year_2,NOT_ASKED,False,True,False,False,False,True,True
year_2_004905,year_2,NOT_ASKED,False,True,False,False,False,True,True
year_2_004906,year_2,NOT_ASKED,,,,,,True,False
year_2_004907,year_2,NOT_ASKED,False,True,False,False,False,True,True
year_2_004908,year_2,TOP_PRIORITY_MAIN,,,,,,True,False
year_2_004909,year_2,TOP_PRIORITY_MEDIUM_TERM,,,,,,True,False
year_2_004910,year_2,TOP_PRIORITY_MEDIUM_TERM,,,,,,True,False
year_2_004911,year_2,NOT_ASKED,,,,,,True,False
year_2_004912,year_2,NOT_ASKED,False,False,True,False,False,True,True
year_2_004913,year_2,NOT_ASKED,False,True,False,False,False,True,True
year_2_004914,year_2,NOT_PRIORITY,,,,,,True,False
year_2_004915,year_2,NOT_ASKED,False,True,False,False,False,True,True
year_2_004916,year_2,NOT_ASKED,False,True,False,False,False,True,True
year_2_004917,year_2,NOT_ASKED,True,False,False,False,False,True,True
year_2_004918,year_2,NOT_ASKED,False,False,False,True,False,True,True
year_2_004919,year_2,SECONDARY_INITIATIVE,,,,,,True,False
year_2_004920,year_2,NOT_ASKED,False,True,False,False,False,True,True
year_2_004921,year_2,NOT_ASKED,False,True,False,False,False,True,True
year_2_004922,year_2,NOT_ASKED,True,False,False,False,False,True,True
year_2_004923,year_2,NOT_ASKED,False,True,False,False,False,True,True
year_2_004924,year_2,NOT_ASKED,False,False,True,False,False,True,True
year_2_004925,year_2,SECONDARY_INITIATIVE,,,,,,True,False
year_2_004926,year_2,NOT_ASKED,,,,,,True,False
year_2_004927,year_2,NOT_ASKED,False,True,False,False,False,True,True
year_2_004928,year_2,NOT_ASKED,False,True,False,False,False,True,True
year_2_004929,year_2,NOT_ASKED,False,True,False,False,False,True,True
year_2_004930,year_2,NOT_ASKED,True,False,False,False,False,True,True
year_2_004931,year_2,NOT_PRIORITY,,,,,,True,False
year_2_004932,year_2,NOT_ASKED,False,True,False,False,False,True,True
year_2_004933,year_2,NOT_ASKED,False,True,False,False,False,True,True
year_2_004934,year_2,NOT_ASKED,False,True,False,False,False,True,True
year_2_004935,year_2,NOT_ASKED,False,True,False,False,False,True,True
year_2_004936,year_2,TOP_PRIORITY_MEDIUM_TERM,,,,,,True,False
year_2_004937,year_2,TOP_PRIORITY_MEDIUM_TERM,,,,,,True,False
year_2_004938,year_2,NOT_ASKED,False,False,False,True,False,True,True
year_2_004939,year_2,NOT_ASKED,False,True,False,False,False,True,True
year_2_004940,year_2,NOT_ASKED,False,True,False,False,False,True,True
year_2_004941,year_2,NOT_ASKED,True,False,False,False,False,True,True
year_2_004942,year_2,NOT_ASKED,False,True,False,False,False,True,True
year_2_004943,year_2,NOT_PRIORITY,,,,,,True,False
year_2_004944,year_2,NOT_ASKED,,,,,,True,False
year_2_004945,year_2,NOT_ASKED,False,True,False,False,False,True,True
year_2_004946,year_2,NOT_ASKED,False,True,False,True,False,True,True
year_2_004947,year_2,TOP_PRIORITY_MEDIUM_TERM,,,,,,True,False
year_2_004948,year_2,NOT_ASKED,False,True,False,False,False,True,True
year_2_004949,year_2,NOT_ASKED,False,True,False,False,False,True,True
year_2_004950,year_2,NOT_ASKED,False,False,False,True,False,True,True
year_2_004951,year_2,NOT_ASKED,False,False,False,True,False,True,True
year_2_004952,year_2,NOT_ASKED,False,False,False,True,False,True,True
year_2_004953,year_2,NOT_ASKED,False,True,False,False,False,True,True
year_2_004954,year_2,NOT_ASKED,True,False,False,False,False,True,True
year_2_004955,year_2,NOT_ASKED,True,False,False,False,False,True,True
year_2_004956,year_2,NOT_ASKED,False,True,False,False,True,True,True
year_2_004957,year_2,NOT_ASKED,False,True,False,False,False,True,True
year_2_004958,year_2,NOT_ASKED,False,True,False,False,False,True,True
year_2_004959,year_2,NOT_PRIORITY,,,,,,True,False
year_2_004960,year_2,NOT_ASKED,False,False,False,True,False,True,True
year_2_004961,year_2,NOT_ASKED,,,,,,True,False
year_2_004962,year_2,NOT_ASKED,False,True,False,False,False,True,True
year_2_004963,year_2,NOT_ASKED,False,True,False,False,False,True,True
year_2_004964,year_2,NOT_ASKED,False,True,False,False,False,True,True
year_2_004965,year_2,NOT_ASKED,False,True,False,False,False,True,True
year_2_004966,year_2,NOT_ASKED,,,,,,True,False
year_2_004967,year_2,NOT_ASKED,False,False,False,False,True,True,True
year_2_004968,year_2,NOT_ASKED,True,False,False,False,False,True,True
year_2_004969,year_2,NOT_ASKED,False,False,True,False,True,True,True
year_2_004970,year_2,NOT_ASKED,False,True,False,False,True,True,True
year_2_004971,year_2,NOT_ASKED,False,True,False,False,False,True,True
year_2_004972,year_2,NOT_ASKED,False,True,False,False,True,True,True
year_2_004973,year_2,NOT_ASKED,False,True,False,False,False,True,True
year_2_004974,year_2,NOT_ASKED,False,True,False,False,False,True,True
year_2_004975,year_2,NOT_ASKED,True,False,False,False,False,True,True
year_2_004976,year_2,NOT_PRIORITY,,,,,,True,False
year_2_004977,year_2,NOT_ASKED,False,True,False,False,False,True,True
year_2_004978,year_2,NOT_ASKED,False,True,False,False,False,True,True
year_2_004979,year_2,NOT_ASKED,False,False,False,True,False,True,True
year_2_004980,year_2,SECONDARY_INITIATIVE,,,,,,True,False
year_2_004981,year_2,NOT_ASKED,,,,,,True,False
year_2_004982,year_2,NOT_ASKED,False,False,True,False,False,True,True
year_2_004983,year_2,NOT_ASKED,,,,,,True,False
year_2_004984,year_2,SECONDARY_INITIATIVE,,,,,,True,False
year_2_004985,year_2,NOT_ASKED,False,True,False,False,False,True,True
year_2_004986,year_2,NOT_ASKED,False,True,False,False,False,True,True
year_2_004987,year_2,NOT_ASKED,False,True,False,False,False,True,True
year_2_004988,year_2,NOT_ASKED,True,False,False,False,False,True,True
year_2_004989,year_2,NOT_ASKED,,,,,,True,False
year_2_004990,year_2,NOT_ASKED,,,,,,True,False
year_2_004991,year_2,NOT_ASKED,False,True,False,False,False,True,True
year_2_004992,year_2,NOT_ASKED,False,True,False,False,False,True,True
year_2_004993,year_2,NOT_ASKED,,,,,,True,False
year_2_004994,year_2,NOT_ASKED,,,,,,True,False
year_2_004995,year_2,NOT_PRIORITY,,,,,,True,False
year_2_004996,year_2,NOT_ASKED,False,True,False,False,False,True,True
year_2_004997,year_2,NOT_ASKED,False,True,False,False,False,True,True
year_2_004998,year_2,NOT_ASKED,False,True,False,False,False,True,True
year_2_004999,year_2,NOT_ASKED,False,True,False,False,True,True,True
year_2_005000,year_2,NOT_ASKED,False,True,False,False,False,True,True
year_2_005001,year_2,NOT_ASKED,True,False,False,False,False,True,True
year_2_005002,year_2,NOT_ASKED,False,True,False,False,False,True,True
year_2_005003,year_2,NOT_ASKED,False,False,True,True,False,True,True
year_2_005004,year_2,NOT_ASKED,False,False,False,False,True,True,True
year_2_005005,year_2,NOT_ASKED,True,False,False,False,False,True,True
year_2_005006,year_2,NOT_ASKED,False,True,False,False,False,True,True
year_2_005007,year_2,SECONDARY_INITIATIVE,,,,,,True,False
year_2_005008,year_2,NOT_ASKED,False,True,False,False,False,True,True
year_2_005009,year_2,NOT_ASKED,False,False,True,True,False,True,True
year_2_005010,year_2,DONT_KNOW,,,,,,True,False
year_2_005011,year_2,NOT_ASKED,False,False,True,False,True,True,True
year_2_005012,year_2,NOT_ASKED,False,True,False,False,False,True,True
year_2_005013,year_2,NOT_PRIORITY,,,,,,True,False
year_2_005014,year_2,NOT_ASKED,True,False,False,False,False,True,True
year_2_005015,year_2,NOT_ASKED,,,,,,True,False
year_2_005016,year_2,NOT_ASKED,True,False,False,True,False,True,True
year_2_005017,year_2,NOT_ASKED,False,False,False,True,False,True,True
year_2_005018,year_2,NOT_PRIORITY,,,,,,True,False
year_2_005019,year_2,NOT_ASKED,False,True,False,False,False,True,True
year_2_005020,year_2,NOT_ASKED,False,True,False,False,False,True,True
year_2_005021,year_2,NOT_PRIORITY,,,,,,True,False
year_2_005022,year_2,NOT_ASKED,,,,,,True,False
year_2_005023,year_2,NOT_ASKED,False,False,True,True,False,True,True
year_2_005024,year_2,NOT_ASKED,False,True,False,False,False,True,True
year_2_005025,year_2,NOT_ASKED,,,,,,True,False
year_2_005026,year_2,DONT_KNOW,,,,,,True,False
year_2_005027,year_2,TOP_PRIORITY_MEDIUM_TERM,,,,,,True,False
year_2_005028,year_2,NOT_ASKED,False,True,False,False,False,True,True
year_2_005029,year_2,SECONDARY_INITIATIVE,,,,,,True,False
year_2_005030,year_2,NOT_ASKED,True,False,False,False,False,True,True
year_2_005031,year_2,NOT_PRIORITY,,,,,,True,False
year_2_005032,year_2,NOT_ASKED,False,False,True,False,False,True,True
year_2_005033,year_2,NOT_ASKED,False,False,False,True,False,True,True
year_2_005034,year_2,SECONDARY_INITIATIVE,,,,,,True,False
year_2_005035,year_2,TOP_PRIORITY_MEDIUM_TERM,,,,,,True,False
year_2_005036,year_2,TOP_PRIORITY_MEDIUM_TERM,,,,,,True,False
year_2_005037,year_2,NOT_ASKED,True,False,False,False,False,True,True
year_2_005038,year_2,NOT_ASKED,False,True,False,False,False,True,True
year_2_005039,year_2,NOT_ASKED,,,,,,True,False
year_2_005040,year_2,TOP_PRIORITY_MEDIUM_TERM,,,,,,True,False
year_2_005041,year_2,NOT_ASKED,False,False,True,False,True,True,True
year_2_005042,year_2,NOT_ASKED,True,False,False,False,False,True,True
year_2_005043,year_2,NOT_ASKED,False,False,True,False,False,True,True
year_2_005044,year_2,NOT_ASKED,,,,,,True,False
year_2_005045,year_2,NOT_ASKED,False,True,False,False,False,True,True
year_2_005046,year_2,NOT_ASKED,False,True,False,False,False,True,True
year_2_005047,year_2,NOT_ASKED,False,False,True,False,False,True,True
year_2_005048,year_2,NOT_ASKED,False,True,False,False,False,True,True
year_2_005049,year_2,NOT_ASKED,True,False,False,False,False,True,True
year_2_005050,year_2,NOT_ASKED,True,False,False,False,False,True,True
year_2_005051,year_2,NOT_ASKED,False,True,False,False,False,True,True
year_2_005052,year_2,NOT_ASKED,False,True,False,False,False,True,True
year_2_005053,year_2,NOT_ASKED,False,True,False,False,False,True,True
year_2_005054,year_2,TOP_PRIORITY_MEDIUM_TERM,,,,,,True,False
year_2_005055,year_2,NOT_ASKED,False,True,False,False,False,True,True
year_2_005056,year_2,NOT_ASKED,False,False,False,True,False,True,True
year_2_005057,year_2,TOP_PRIORITY_MAIN,,,,,,True,False
year_2_005058,year_2,NOT_ASKED,False,False,False,True,False,True,True
year_2_005059,year_2,SECONDARY_INITIATIVE,,,,,,True,False
year_2_005060,year_2,NOT_ASKED,,,,,,True,False
year_2_005061,year_2,NOT_ASKED,False,True,False,False,False,True,True
year_2_005062,year_2,NOT_ASKED,True,False,False,False,False,True,True
year_2_005063,year_2,NOT_ASKED,False,False,True,False,True,True,True
year_2_005064,year_2,NOT_ASKED,True,False,False,False,False,True,True
year_2_005065,year_2,NOT_ASKED,False,False,False,False,True,True,True
year_2_005066,year_2,NOT_ASKED,False,True,False,False,False,True,True
year_2_005067,year_2,NOT_ASKED,False,True,False,False,False,True,True
year_2_005068,year_2,NOT_PRIORITY,,,,,,True,False
year_2_005069,year_2,NOT_ASKED,False,True,False,False,False,True,True
year_2_005070,year_2,NOT_ASKED,,,,,,True,False
year_2_005071,year_2,NOT_ASKED,False,True,False,False,False,True,True
year_2_005072,year_2,NOT_ASKED,False,False,True,False,False,True,True
year_2_005073,year_2,NOT_ASKED,False,True,False,False,False,True,True
year_2_005074,year_2,NOT_ASKED,False,True,False,False,False,True,True
year_2_005075,year_2,NOT_ASKED,False,True,False,False,False,True,True
year_2_005076,year_2,NOT_ASKED,True,False,False,False,False,True,True
year_2_005077,year_2,NOT_ASKED,False,True,False,False,False,True,True
year_2_005078,year_2,NOT_ASKED,False,False,False,True,False,True,True
year_2_005079,year_2,NOT_ASKED,False,True,False,False,False,True,True
year_2_005080,year_2,NOT_ASKED,False,True,False,False,False,True,True
year_2_005081,year_2,NOT_ASKED,True,False,False,False,False,True,True
year_2_005082,year_2,NOT_ASKED,False,False,True,False,False,True,True
year_2_005083,year_2,NOT_ASKED,False,True,False,False,False,True,True
year_2_005084,year_2,NOT_ASKED,False,True,False,False,False,True,True
year_2_005085,year_2,NOT_ASKED,True,False,False,False,False,True,True
year_2_005086,year_2,SECONDARY_INITIATIVE,,,,,,True,False
year_2_005087,year_2,NOT_ASKED,False,False,True,False,True,True,True
year_2_005088,year_2,NOT_ASKED,False,True,False,False,False,True,True
year_2_005089,year_2,NOT_ASKED,False,True,False,False,False,True,True
year_2_005090,year_2,NOT_ASKED,False,True,False,False,False,True,True
year_2_005091,year_2,NOT_ASKED,False,True,False,False,False,True,True
year_2_005092,year_2,NOT_ASKED,,,,,,True,False
year_2_005093,year_2,NOT_ASKED,False,True,False,False,False,True,True
year_2_005094,year_2,TOP_PRIORITY_MEDIUM_TERM,,,,,,True,False
year_2_005095,year_2,NOT_ASKED,False,True,False,False,False,True,True
year_2_005096,year_2,NOT_ASKED,False,True,False,False,False,True,True
year_2_005097,year_2,NOT_ASKED,False,True,False,False,False,True,True
year_2_005098,year_2,NOT_ASKED,False,True,False,False,False,True,True
year_2_005099,year_2,NOT_PRIORITY,,,,,,True,False
year_2_005100,year_2,NOT_ASKED,,,,,,True,False
year_2_005101,year_2,NOT_ASKED,False,True,False,False,False,True,True
year_2_005102,year_2,NOT_ASKED,False,False,False,True,False,True,True
year_2_005103,year_2,NOT_ASKED,,,,,,True,False
year_2_005104,year_2,NOT_ASKED,False,False,False,False,True,True,True
year_2_005105,year_2,NOT_PRIORITY,,,,,,True,False
year_2_005106,year_2,NOT_ASKED,False,False,False,True,False,True,True
year_2_005107,year_2,TOP_PRIORITY_MEDIUM_TERM,,,,,,True,False
year_2_005108,year_2,NOT_ASKED,False,True,False,False,False,True,True
year_2_005109,year_2,NOT_ASKED,False,False,False,False,True,True,True
year_2_005110,year_2,NOT_ASKED,,,,,,True,False
year_2_005111,year_2,NOT_ASKED,False,False,True,False,True,True,True
year_2_005112,year_2,NOT_ASKED,False,False,False,False,True,True,True
year_2_005113,year_2,NOT_ASKED,False,True,False,False,False,True,True
year_2_005114,year_2,NOT_ASKED,False,False,False,False,True,True,True
year_2_005115,year_2,NOT_PRIORITY,,,,,,True,False
year_2_005116,year_2,NOT_PRIORITY,,,,,,True,False
year_2_005117,year_2,NOT_ASKED,,,,,,True,False
year_2_005118,year_2,NOT_ASKED,False,True,False,False,False,True,True
year_2_005119,year_2,NOT_ASKED,,,,,,True,False
year_2_005120,year_2,NOT_ASKED,False,True,False,False,False,True,True
year_2_005121,year_2,DONT_KNOW,,,,,,True,False
year_2_005122,year_2,SECONDARY_INITIATIVE,,,,,,True,False
year_2_005123,year_2,SECONDARY_INITIATIVE,,,,,,True,False
year_2_005124,year_2,NOT_ASKED,False,True,False,False,False,True,True
year_2_005125,year_2,NOT_ASKED,False,False,True,False,False,True,True
year_2_005126,year_2,TOP_PRIORITY_MAIN,,,,,,True,False
year_2_005127,year_2,NOT_ASKED,False,False,False,True,False,True,True
year_2_005128,year_2,NOT_ASKED,False,True,False,False,True,True,True
year_2_005129,year_2,TOP_PRIORITY_MEDIUM_TERM,,,,,,True,False
year_2_005130,year_2,NOT_ASKED,True,False,False,False,False,True,True
year_2_005131,year_2,SECONDARY_INITIATIVE,,,,,,True,False
year_2_005132,year_2,NOT_ASKED,True,False,False,False,False,True,True
year_2_005133,year_2,NOT_ASKED,False,True,False,False,False,True,True
year_2_005134,year_2,TOP_PRIORITY_MEDIUM_TERM,,,,,,True,False
year_2_005135,year_2,NOT_ASKED,False,True,False,False,False,True,True
year_2_005136,year_2,SECONDARY_INITIATIVE,,,,,,True,False
year_2_005137,year_2,NOT_ASKED,,,,,,True,False
year_2_005138,year_2,NOT_ASKED,False,False,False,False,True,True,True
year_2_005139,year_2,NOT_ASKED,,,,,,True,False
year_2_005140,year_2,NOT_ASKED,,,,,,True,False
year_2_005141,year_2,NOT_ASKED,False,True,False,False,True,True,True
year_2_005142,year_2,NOT_ASKED,False,True,False,False,False,True,True
year_2_005143,year_2,NOT_PRIORITY,,,,,,True,False
year_2_005144,year_2,TOP_PRIORITY_MEDIUM_TERM,,,,,,True,False
year_2_005145,year_2,NOT_ASKED,False,True,False,False,False,True,True
year_2_005146,year_2,SECONDARY_INITIATIVE,,,,,,True,False
year_2_005147,year_2,NOT_ASKED,False,True,False,True,False,True,True
year_2_005148,year_2,NOT_ASKED,False,True,False,False,False,True,True
year_2_005149,year_2,TOP_PRIORITY_MEDIUM_TERM,,,,,,True,False
year_2_005150,year_2,NOT_ASKED,False,True,False,False,False,True,True
year_2_005151,year_2,SECONDARY_INITIATIVE,,,,,,True,False
year_2_005152,year_2,TOP_PRIORITY_MEDIUM_TERM,,,,,,True,False
year_2_005153,year_2,NOT_ASKED,True,False,False,False,False,True,True
year_2_005154,year_2,NOT_ASKED,False,True,False,False,False,True,True
year_2_005155,year_2,NOT_ASKED,False,True,False,False,False,True,True
year_2_005156,year_2,NOT_ASKED,False,True,False,False,False,True,True
year_2_005157,year_2,SECONDARY_INITIATIVE,,,,,,True,False
year_2_005158,year_2,NOT_ASKED,True,False,False,False,False,True,True
year_2_005159,year_2,NOT_ASKED,False,True,False,False,False,True,True
year_2_005160,year_2,TOP_PRIORITY_MEDIUM_TERM,,,,,,True,False
year_2_005161,year_2,NOT_ASKED,False,True,False,False,True,True,True
year_2_005162,year_2,NOT_ASKED,False,False,False,True,False,True,True
year_2_005163,year_2,TOP_PRIORITY_MAIN,,,,,,True,False
year_2_005164,year_2,NOT_ASKED,True,False,False,False,False,True,True
year_2_005165,year_2,NOT_ASKED,True,False,False,False,False,True,True
year_2_005166,year_2,NOT_ASKED,True,False,False,False,False,True,True
year_2_005167,year_2,NOT_ASKED,False,True,False,False,False,True,True
year_2_005168,year_2,NOT_ASKED,True,False,False,False,False,True,True
year_2_005169,year_2,NOT_ASKED,,,,,,True,False
year_2_005170,year_2,TOP_PRIORITY_MAIN,,,,,,True,False
year_2_005171,year_2,TOP_PRIORITY_MEDIUM_TERM,,,,,,True,False
year_2_005172,year_2,NOT_ASKED,True,False,False,False,False,True,True
year_2_005173,year_2,NOT_ASKED,False,False,True,False,True,True,True
year_2_005174,year_2,NOT_ASKED,False,True,False,False,False,True,True
year_2_005175,year_2,NOT_PRIORITY,,,,,,True,False
year_2_005176,year_2,TOP_PRIORITY_MEDIUM_TERM,,,,,,True,False
year_2_005177,year_2,NOT_ASKED,,,,,,True,False
year_2_005178,year_2,SECONDARY_INITIATIVE,,,,,,True,False
year_2_005179,year_2,NOT_ASKED,True,False,False,False,False,True,True
year_2_005180,year_2,NOT_ASKED,False,True,False,False,False,True,True
year_2_005181,year_2,NOT_ASKED,True,False,False,False,False,True,True
year_2_005182,year_2,NOT_ASKED,False,True,False,False,False,True,True
year_2_005183,year_2,NOT_ASKED,False,False,False,True,False,True,True
year_2_005184,year_2,NOT_ASKED,False,False,True,False,True,True,True
year_2_005185,year_2,NOT_PRIORITY,,,,,,True,False
year_2_005186,year_2,NOT_ASKED,,,,,,True,False
year_2_005187,year_2,NOT_ASKED,,,,,,True,False
year_2_005188,year_2,SECONDARY_INITIATIVE,,,,,,True,False
year_2_005189,year_2,NOT_PRIORITY,,,,,,True,False
year_2_005190,year_2,TOP_PRIORITY_MEDIUM_TERM,,,,,,True,False
year_2_005191,year_2,NOT_ASKED,False,True,False,False,False,True,True
year_2_005192,year_2,NOT_ASKED,False,False,False,False,True,True,True
year_2_005193,year_2,NOT_ASKED,False,True,False,False,False,True,True
year_2_005194,year_2,NOT_ASKED,False,True,False,False,False,True,True
year_2_005195,year_2,NOT_ASKED,False,True,False,False,False,True,True
year_2_005196,year_2,NOT_ASKED,False,True,False,False,False,True,True
year_2_005197,year_2,NOT_ASKED,False,True,False,False,False,True,True
year_2_005198,year_2,NOT_ASKED,False,True,False,False,False,True,True
year_2_005199,year_2,NOT_ASKED,False,False,False,True,False,True,True
year_2_005200,year_2,NOT_ASKED,False,True,False,False,False,True,True
year_2_005201,year_2,NOT_ASKED,False,False,False,True,False,True,True
year_2_005202,year_2,NOT_ASKED,True,False,False,False,False,True,True
year_2_005203,year_2,NOT_PRIORITY,,,,,,True,False
year_2_005204,year_2,NOT_ASKED,False,True,False,False,True,True,True
year_2_005205,year_2,NOT_ASKED,False,True,False,False,False,True,True
year_2_005206,year_2,NOT_ASKED,False,True,False,False,True,True,True
year_2_005207,year_2,NOT_ASKED,False,True,False,False,False,True,True
year_2_005208,year_2,TOP_PRIORITY_MAIN,,,,,,True,False
year_2_005209,year_2,NOT_ASKED,False,True,False,True,False,True,True
year_2_005210,year_2,NOT_PRIORITY,,,,,,True,False
year_2_005211,year_2,NOT_ASKED,,,,,,True,False
year_2_005212,year_2,SECONDARY_INITIATIVE,,,,,,True,False
year_2_005213,year_2,NOT_ASKED,False,True,False,False,False,True,True
year_2_005214,year_2,NOT_ASKED,False,False,False,True,False,True,True
year_2_005215,year_2,NOT_ASKED,,,,,,True,False
year_2_005216,year_2,NOT_ASKED,False,False,False,True,True,True,True
year_2_005217,year_2,NOT_ASKED,False,True,False,False,False,True,True
year_2_005218,year_2,NOT_ASKED,False,True,False,False,False,True,True
year_2_005219,year_2,NOT_ASKED,False,False,False,False,True,True,True
year_2_005220,year_2,NOT_ASKED,False,False,False,True,False,True,True
year_2_005221,year_2,NOT_ASKED,False,False,False,False,True,True,True
year_2_005222,year_2,NOT_ASKED,False,True,False,False,False,True,True
year_2_005223,year_2,NOT_ASKED,False,True,False,False,False,True,True
year_2_005224,year_2,NOT_ASKED,True,False,False,False,False,True,True
year_2_005225,year_2,NOT_ASKED,False,True,False,False,False,True,True
year_2_005226,year_2,NOT_ASKED,False,True,False,False,False,True,True
year_2_005227,year_2,NOT_ASKED,False,True,False,False,False,True,True
year_2_005228,year_2,NOT_ASKED,False,True,False,False,False,True,True
year_2_005229,year_2,NOT_ASKED,False,True,False,False,False,True,True
year_2_005230,year_2,NOT_ASKED,,,,,,True,False
year_2_005231,year_2,NOT_PRIORITY,,,,,,True,False
year_2_005232,year_2,NOT_ASKED,False,True,False,False,False,True,True
year_2_005233,year_2,NOT_ASKED,True,False,False,False,False,True,True
year_2_005234,year_2,TOP_PRIORITY_MAIN,,,,,,True,False
year_2_005235,year_2,NOT_ASKED,False,False,False,True,False,True,True
year_2_005236,year_2,NOT_ASKED,False,False,True,False,True,True,True
year_2_005237,year_2,NOT_ASKED,False,False,True,False,False,True,True
year_2_005238,year_2,NOT_ASKED,False,True,False,False,False,True,True
year_2_005239,year_2,NOT_ASKED,False,True,False,False,False,True,True
year_2_005240,year_2,NOT_ASKED,False,True,False,False,False,True,True
year_2_005241,year_2,NOT_ASKED,False,True,False,False,False,True,True
year_2_005242,year_2,NOT_ASKED,,,,,,True,False
year_2_005243,year_2,NOT_ASKED,,,,,,True,False
year_2_005244,year_2,NOT_ASKED,True,False,False,False,False,True,True
year_2_005245,year_2,NOT_ASKED,False,True,False,False,False,True,True
year_2_005246,year_2,NOT_ASKED,False,True,False,False,False,True,True
year_2_005247,year_2,NOT_ASKED,False,True,False,False,False,True,True
year_2_005248,year_2,NOT_ASKED,False,True,False,False,False,True,True
year_2_005249,year_2,NOT_ASKED,False,True,False,False,False,True,True
year_2_005250,year_2,NOT_ASKED,False,True,False,False,False,True,True
year_2_005251,year_2,TOP_PRIORITY_MAIN,,,,,,True,False
year_2_005252,year_2,NOT_ASKED,False,True,False,False,False,True,True
year_2_005253,year_2,NOT_ASKED,False,False,False,True,False,True,True
year_2_005254,year_2,DONT_KNOW,,,,,,True,False
year_2_005255,year_2,TOP_PRIORITY_MAIN,,,,,,True,False
year_2_005256,year_2,NOT_ASKED,False,True,False,False,False,True,True
year_2_005257,year_2,NOT_ASKED,False,True,False,False,False,True,True
year_2_005258,year_2,NOT_ASKED,False,False,False,False,True,True,True
year_2_005259,year_2,NOT_ASKED,False,False,True,False,False,True,True
year_2_005260,year_2,NOT_ASKED,False,True,False,False,False,True,True
year_2_005261,year_2,NOT_ASKED,False,True,False,False,False,True,True
year_2_005262,year_2,NOT_ASKED,False,True,False,False,False,True,True
year_2_005263,year_2,NOT_ASKED,False,True,False,False,False,True,True
year_2_005264,year_2,NOT_PRIORITY,,,,,,True,False
year_2_005265,year_2,NOT_ASKED,False,True,False,False,False,True,True
year_2_005266,year_2,NOT_ASKED,False,True,False,False,False,True,True
year_2_005267,year_2,NOT_PRIORITY,,,,,,True,False
year_2_005268,year_2,NOT_ASKED,False,False,False,False,True,True,True
year_2_005269,year_2,NOT_ASKED,False,True,False,False,False,True,True
year_2_005270,year_2,NOT_ASKED,False,True,False,False,True,True,True
year_2_005271,year_2,NOT_ASKED,False,True,False,False,False,True,True
year_2_005272,year_2,NOT_ASKED,False,True,False,False,False,True,True
year_2_005273,year_2,SECONDARY_INITIATIVE,,,,,,True,False
year_2_005274,year_2,NOT_ASKED,False,True,False,False,False,True,True
year_2_005275,year_2,NOT_ASKED,False,True,False,False,False,True,True
year_2_005276,year_2,NOT_ASKED,False,False,True,False,True,True,True
year_2_005277,year_2,NOT_ASKED,,,,,,True,False
year_2_005278,year_2,NOT_ASKED,False,True,False,False,True,True,True
year_2_005279,year_2,NOT_ASKED,False,True,False,False,False,True,True
year_2_005280,year_2,NOT_PRIORITY,,,,,,True,False
year_2_005281,year_2,NOT_ASKED,False,True,False,False,False,True,True
year_2_005282,year_2,TOP_PRIORITY_MEDIUM_TERM,,,,,,True,False
year_2_005283,year_2,NOT_ASKED,False,False,True,False,True,True,True
year_2_005284,year_2,NOT_ASKED,,,,,,True,False
year_2_005285,year_2,NOT_ASKED,False,True,False,False,False,True,True
year_2_005286,year_2,NOT_ASKED,False,False,True,False,False,True,True
year_2_005287,year_2,NOT_ASKED,False,False,True,False,True,True,True
year_2_005288,year_2,NOT_PRIORITY,,,,,,True,False
year_2_005289,year_2,NOT_ASKED,False,False,False,True,True,True,True
year_2_005290,year_2,NOT_ASKED,False,True,False,False,False,True,True
year_2_005291,year_2,NOT_ASKED,,,,,,True,False
year_2_005292,year_2,NOT_ASKED,,,,,,True,False
year_3_000000,year_3,TOP_PRIORITY_MEDIUM_TERM,,,,,,True,False
year_3_000001,year_3,NOT_ASKED,,,,,,True,False
year_3_000002,year_3,NOT_ASKED,False,False,False,True,False,True,True
year_3_000003,year_3,NOT_ASKED,False,False,True,False,False,True,True
year_3_000004,year_3,NOT_ASKED,,,,,,True,False
year_3_000005,year_3,NOT_ASKED,False,False,False,True,False,True,True
year_3_000006,year_3,NOT_ASKED,False,False,False,True,False,True,True
year_3_000007,year_3,NOT_ASKED,False,False,False,True,True,True,True
year_3_000008,year_3,NOT_ASKED,False,True,False,False,False,True,True
year_3_000009,year_3,NOT_PRIORITY,,,,,,True,False
year_3_000010,year_3,NOT_ASKED,False,False,True,False,False,True,True
year_3_000011,year_3,NOT_PRIORITY,,,,,,True,False
year_3_000012,year_3,TOP_PRIORITY_MEDIUM_TERM,,,,,,True,False
year_3_000013,year_3,NOT_ASKED,False,True,False,False,True,True,True
year_3_000014,year_3,NOT_PRIORITY,,,,,,True,False
year_3_000015,year_3,TOP_PRIORITY_MAIN,,,,,,True,False
year_3_000016,year_3,NOT_ASKED,False,False,True,False,False,True,True
year_3_000017,year_3,NOT_ASKED,False,True,False,True,False,True,True
year_3_000018,year_3,NOT_ASKED,False,True,False,False,False,True,True
year_3_000019,year_3,NOT_ASKED,,,,,,True,False
year_3_000020,year_3,NOT_PRIORITY,,,,,,True,False
year_3_000021,year_3,NOT_ASKED,False,False,False,True,False,True,True
year_3_000022,year_3,NOT_ASKED,False,True,False,False,False,True,True
year_3_000023,year_3,SECONDARY_INITIATIVE,,,,,,True,False
year_3_000024,year_3,NOT_ASKED,False,True,False,False,False,True,True
year_3_000025,year_3,NOT_ASKED,False,True,True,False,False,True,True
year_3_000026,year_3,NOT_ASKED,False,False,False,True,True,True,True
year_3_000027,year_3,NOT_ASKED,False,False,False,True,True,True,True
year_3_000028,year_3,NOT_ASKED,False,False,True,True,False,True,True
year_3_000029,year_3,TOP_PRIORITY_MEDIUM_TERM,,,,,,True,False
year_3_000030,year_3,NOT_ASKED,False,True,False,False,False,True,True
year_3_000031,year_3,NOT_ASKED,False,False,True,False,False,True,True
year_3_000032,year_3,NOT_ASKED,False,False,True,True,False,True,True
year_3_000033,year_3,NOT_ASKED,,,,,,True,False
year_3_000034,year_3,NOT_ASKED,False,False,False,True,True,True,True
year_3_000035,year_3,TOP_PRIORITY_MAIN,,,,,,True,False
year_3_000036,year_3,NOT_ASKED,False,True,False,False,False,True,True
year_3_000037,year_3,NOT_ASKED,False,False,False,True,False,True,True
year_3_000038,year_3,NOT_ASKED,False,False,True,False,False,True,True
year_3_000039,year_3,NOT_ASKED,False,False,False,False,True,True,True
year_3_000040,year_3,NOT_ASKED,False,False,False,False,True,True,True
year_3_000041,year_3,NOT_ASKED,False,True,False,False,False,True,True
year_3_000042,year_3,SECONDARY_INITIATIVE,,,,,,True,False
year_3_000043,year_3,NOT_ASKED,False,False,False,True,False,True,True
year_3_000044,year_3,NOT_ASKED,False,False,True,False,False,True,True
year_3_000045,year_3,NOT_ASKED,False,False,False,True,True,True,True
year_3_000046,year_3,NOT_ASKED,False,False,False,True,False,True,True
year_3_000047,year_3,NOT_ASKED,False,False,True,True,False,True,True
year_3_000048,year_3,NOT_ASKED,False,False,False,True,True,True,True
year_3_000049,year_3,NOT_ASKED,False,False,False,True,False,True,True
year_3_000050,year_3,NOT_ASKED,False,False,False,True,False,True,True
year_3_000051,year_3,NOT_ASKED,False,False,True,False,False,True,True
year_3_000052,year_3,NOT_ASKED,False,True,False,False,False,True,True
year_3_000053,year_3,NOT_ASKED,False,False,False,True,False,True,True
year_3_000054,year_3,NOT_ASKED,False,False,False,True,True,True,True
year_3_000055,year_3,NOT_ASKED,False,False,False,True,True,True,True
year_3_000056,year_3,NOT_ASKED,False,False,False,True,False,True,True
year_3_000057,year_3,NOT_ASKED,False,False,True,False,False,True,True
year_3_000058,year_3,NOT_ASKED,False,False,False,True,False,True,True
year_3_000059,year_3,NOT_ASKED,False,True,False,False,False,True,True
year_3_000060,year_3,NOT_ASKED,False,False,False,True,False,True,True
year_3_000061,year_3,NOT_ASKED,False,True,False,False,False,True,True
year_3_000062,year_3,NOT_ASKED,False,True,False,False,False,True,True
year_3_000063,year_3,NOT_ASKED,False,False,True,False,True,True,True
year_3_000064,year_3,TOP_PRIORITY_MAIN,,,,,,True,False
year_3_000065,year_3,NOT_ASKED,False,False,False,True,False,True,True
year_3_000066,year_3,NOT_ASKED,False,False,True,False,False,True,True
year_3_000067,year_3,TOP_PRIORITY_MAIN,,,,,,True,False
year_3_000068,year_3,NOT_ASKED,False,False,True,False,False,True,True
year_3_000069,year_3,TOP_PRIORITY_MAIN,,,,,,True,False
year_3_000070,year_3,SECONDARY_INITIATIVE,,,,,,True,False
year_3_000071,year_3,NOT_ASKED,False,True,False,False,True,True,True
year_3_000072,year_3,NOT_ASKED,False,False,False,True,True,True,True
year_3_000073,year_3,TOP_PRIORITY_MEDIUM_TERM,,,,,,True,False
year_3_000074,year_3,NOT_ASKED,False,True,False,False,False,True,True
year_3_000075,year_3,NOT_ASKED,False,False,True,False,True,True,True
year_3_000076,year_3,NOT_ASKED,False,False,True,True,False,True,True
year_3_000077,year_3,NOT_ASKED,False,False,False,False,True,True,True
year_3_000078,year_3,NOT_ASKED,False,True,False,False,False,True,True
year_3_000079,year_3,NOT_ASKED,False,False,False,True,False,True,True
year_3_000080,year_3,NOT_ASKED,,,,,,True,False
year_3_000081,year_3,TOP_PRIORITY_MEDIUM_TERM,,,,,,True,False
year_3_000082,year_3,NOT_ASKED,False,False,False,True,True,True,True
year_3_000083,year_3,NOT_ASKED,False,True,False,False,False,True,True
year_3_000084,year_3,TOP_PRIORITY_MEDIUM_TERM,,,,,,True,False
year_3_000085,year_3,NOT_ASKED,False,False,True,False,False,True,True
year_3_000086,year_3,NOT_ASKED,False,False,False,True,False,True,True
year_3_000087,year_3,NOT_PRIORITY,,,,,,True,False
year_3_000088,year_3,TOP_PRIORITY_MAIN,,,,,,True,False
year_3_000089,year_3,NOT_ASKED,False,True,False,False,False,True,True
year_3_000090,year_3,NOT_ASKED,False,True,False,False,True,True,True
year_3_000091,year_3,NOT_ASKED,False,False,False,True,True,True,True
year_3_000092,year_3,NOT_ASKED,False,True,False,False,False,True,True
year_3_000093,year_3,NOT_ASKED,False,True,False,False,False,True,True
year_3_000094,year_3,NOT_ASKED,False,False,True,False,False,True,True
year_3_000095,year_3,NOT_ASKED,False,False,False,True,False,True,True
year_3_000096,year_3,NOT_ASKED,False,False,True,False,False,True,True
year_3_000097,year_3,SECONDARY_INITIATIVE,,,,,,True,False
year_3_000098,year_3,NOT_ASKED,False,False,False,True,False,True,True
year_3_000099,year_3,NOT_ASKED,False,False,False,True,False,True,True
year_3_000100,year_3,SECONDARY_INITIATIVE,,,,,,True,False
year_3_000101,year_3,NOT_ASKED,False,True,False,False,True,True,True
year_3_000102,year_3,NOT_ASKED,False,False,False,True,False,True,True
year_3_000103,year_3,TOP_PRIORITY_MEDIUM_TERM,,,,,,True,False
year_3_000104,year_3,NOT_ASKED,False,True,False,False,False,True,True
year_3_000105,year_3,NOT_ASKED,False,True,False,False,False,True,True
year_3_000106,year_3,TOP_PRIORITY_MEDIUM_TERM,,,,,,True,False
year_3_000107,year_3,NOT_ASKED,False,False,False,True,False,True,True
year_3_000108,year_3,NOT_PRIORITY,,,,,,True,False
year_3_000109,year_3,NOT_ASKED,,,,,,True,False
year_3_000110,year_3,NOT_ASKED,False,True,False,False,False,True,True
year_3_000111,year_3,TOP_PRIORITY_MAIN,,,,,,True,False
year_3_000112,year_3,NOT_ASKED,False,True,False,True,False,True,True
year_3_000113,year_3,NOT_ASKED,False,False,False,True,False,True,True
year_3_000114,year_3,NOT_ASKED,False,True,False,False,True,True,True
year_3_000115,year_3,NOT_ASKED,False,True,False,False,False,True,True
year_3_000116,year_3,TOP_PRIORITY_MAIN,,,,,,True,False
year_3_000117,year_3,TOP_PRIORITY_MAIN,,,,,,True,False
year_3_000118,year_3,NOT_ASKED,False,False,True,False,True,True,True
year_3_000119,year_3,TOP_PRIORITY_MAIN,,,,,,True,False
year_3_000120,year_3,TOP_PRIORITY_MAIN,,,,,,True,False
year_3_000121,year_3,NOT_ASKED,False,True,False,False,False,True,True
year_3_000122,year_3,NOT_ASKED,False,False,False,False,True,True,True
year_3_000123,year_3,NOT_ASKED,False,True,False,False,True,True,True
year_3_000124,year_3,TOP_PRIORITY_MEDIUM_TERM,,,,,,True,False
year_3_000125,year_3,TOP_PRIORITY_MEDIUM_TERM,,,,,,True,False
year_3_000126,year_3,TOP_PRIORITY_MAIN,,,,,,True,False
year_3_000127,year_3,NOT_ASKED,False,True,False,False,True,True,True
year_3_000128,year_3,NOT_ASKED,False,False,True,True,False,True,True
year_3_000129,year_3,NOT_ASKED,False,False,True,False,False,True,True
year_3_000130,year_3,TOP_PRIORITY_MEDIUM_TERM,,,,,,True,False
year_3_000131,year_3,NOT_ASKED,False,True,False,False,False,True,True
year_3_000132,year_3,NOT_ASKED,False,False,True,False,False,True,True
year_3_000133,year_3,TOP_PRIORITY_MEDIUM_TERM,,,,,,True,False
year_3_000134,year_3,NOT_PRIORITY,,,,,,True,False
year_3_000135,year_3,TOP_PRIORITY_MEDIUM_TERM,,,,,,True,False
year_3_000136,year_3,NOT_ASKED,True,False,False,False,False,True,True
year_3_000137,year_3,NOT_ASKED,False,True,False,False,True,True,True
year_3_000138,year_3,TOP_PRIORITY_MEDIUM_TERM,,,,,,True,False
year_3_000139,year_3,NOT_ASKED,False,False,True,True,False,True,True
year_3_000140,year_3,NOT_ASKED,False,True,False,False,True,True,True
year_3_000141,year_3,NOT_ASKED,False,False,True,True,False,True,True
year_3_000142,year_3,NOT_ASKED,False,True,False,False,False,True,True
year_3_000143,year_3,NOT_ASKED,,,,,,True,False
year_3_000144,year_3,NOT_ASKED,False,True,False,False,False,True,True
year_3_000145,year_3,NOT_ASKED,False,False,True,False,False,True,True
year_3_000146,year_3,NOT_ASKED,False,False,True,False,False,True,True
year_3_000147,year_3,NOT_ASKED,False,False,True,False,False,True,True
year_3_000148,year_3,NOT_ASKED,False,True,False,True,False,True,True
year_3_000149,year_3,DONT_KNOW,,,,,,True,False
year_3_000150,year_3,NOT_ASKED,False,False,False,True,False,True,True
year_3_000151,year_3,SECONDARY_INITIATIVE,,,,,,True,False
year_3_000152,year_3,TOP_PRIORITY_MEDIUM_TERM,,,,,,True,False
year_3_000153,year_3,NOT_ASKED,False,False,True,True,False,True,True
year_3_000154,year_3,NOT_ASKED,False,True,False,False,False,True,True
year_3_000155,year_3,NOT_ASKED,,,,,,True,False
year_3_000156,year_3,NOT_ASKED,False,False,False,True,True,True,True
year_3_000157,year_3,NOT_ASKED,False,False,False,True,True,True,True
year_3_000158,year_3,TOP_PRIORITY_MEDIUM_TERM,,,,,,True,False
year_3_000159,year_3,NOT_ASKED,False,False,False,True,True,True,True
year_3_000160,year_3,NOT_ASKED,False,True,False,False,False,True,True
year_3_000161,year_3,NOT_ASKED,False,True,False,False,True,True,True
year_3_000162,year_3,NOT_ASKED,False,False,False,True,False,True,True
year_3_000163,year_3,NOT_ASKED,False,True,False,False,False,True,True
year_3_000164,year_3,TOP_PRIORITY_MEDIUM_TERM,,,,,,True,False
year_3_000165,year_3,NOT_ASKED,False,False,False,True,True,True,True
year_3_000166,year_3,NOT_ASKED,False,False,False,True,True,True,True
year_3_000167,year_3,NOT_ASKED,False,False,False,True,False,True,True
year_3_000168,year_3,NOT_ASKED,False,False,False,True,True,True,True
year_3_000169,year_3,NOT_ASKED,False,False,False,True,False,True,True
year_3_000170,year_3,NOT_ASKED,False,True,False,False,False,True,True
year_3_000171,year_3,NOT_ASKED,False,False,False,True,False,True,True
year_3_000172,year_3,NOT_ASKED,False,False,True,False,False,True,True
year_3_000173,year_3,NOT_ASKED,False,False,True,False,False,True,True
year_3_000174,year_3,NOT_ASKED,False,False,False,True,False,True,True
year_3_000175,year_3,TOP_PRIORITY_MAIN,,,,,,True,False
year_3_000176,year_3,TOP_PRIORITY_MEDIUM_TERM,,,,,,True,False
year_3_000177,year_3,NOT_ASKED,False,False,False,True,False,True,True
year_3_000178,year_3,NOT_ASKED,False,False,False,True,False,True,True
year_3_000179,year_3,NOT_ASKED,False,False,True,False,False,True,True
year_3_000180,year_3,SECONDARY_INITIATIVE,,,,,,True,False
year_3_000181,year_3,NOT_ASKED,False,False,False,True,True,True,True
year_3_000182,year_3,NOT_ASKED,False,False,False,True,True,True,True
year_3_000183,year_3,NOT_ASKED,False,True,False,False,False,True,True
year_3_000184,year_3,NOT_ASKED,False,False,True,False,False,True,True
year_3_000185,year_3,NOT_ASKED,False,False,False,True,False,True,True
year_3_000186,year_3,NOT_ASKED,False,False,False,True,True,True,True
year_3_000187,year_3,NOT_ASKED,False,False,False,True,False,True,True
year_3_000188,year_3,NOT_ASKED,False,True,False,False,True,True,True
year_3_000189,year_3,SECONDARY_INITIATIVE,,,,,,True,False
year_3_000190,year_3,NOT_ASKED,False,True,False,False,False,True,True
year_3_000191,year_3,DONT_KNOW,,,,,,True,False
year_3_000192,year_3,NOT_ASKED,False,True,False,False,False,True,True
year_3_000193,year_3,NOT_ASKED,False,False,False,True,False,True,True
year_3_000194,year_3,NOT_ASKED,False,False,True,False,True,True,True
year_3_000195,year_3,NOT_ASKED,False,False,False,False,True,True,True
year_3_000196,year_3,NOT_ASKED,False,True,False,False,False,True,True
year_3_000197,year_3,NOT_ASKED,False,True,False,False,False,True,True
year_3_000198,year_3,NOT_ASKED,False,True,False,False,False,True,True
year_3_000199,year_3,NOT_ASKED,,,,,,True,False
year_3_000200,year_3,NOT_ASKED,,,,,,True,False
year_3_000201,year_3,NOT_ASKED,False,False,False,True,False,True,True
year_3_000202,year_3,DONT_KNOW,,,,,,True,False
year_3_000203,year_3,NOT_ASKED,False,True,False,False,False,True,True
year_3_000204,year_3,NOT_ASKED,,,,,,True,False
year_3_000205,year_3,NOT_ASKED,False,False,False,True,False,True,True
year_3_000206,year_3,NOT_ASKED,False,False,True,False,True,True,True
year_3_000207,year_3,NOT_ASKED,,,,,,True,False
year_3_000208,year_3,NOT_ASKED,False,True,False,True,False,True,True
year_3_000209,year_3,NOT_ASKED,False,False,False,True,False,True,True
year_3_000210,year_3,NOT_ASKED,False,False,True,False,False,True,True
year_3_000211,year_3,NOT_ASKED,False,False,True,True,False,True,True
year_3_000212,year_3,NOT_ASKED,False,True,False,False,True,True,True
year_3_000213,year_3,NOT_ASKED,False,False,True,True,False,True,True
year_3_000214,year_3,NOT_ASKED,False,True,False,False,False,True,True
year_3_000215,year_3,NOT_ASKED,False,True,False,False,True,True,True
year_3_000216,year_3,NOT_ASKED,False,False,True,False,False,True,True
year_3_000217,year_3,TOP_PRIORITY_MAIN,,,,,,True,False
year_3_000218,year_3,NOT_ASKED,False,False,True,False,False,True,True
year_3_000219,year_3,NOT_ASKED,True,False,False,False,False,True,True
year_3_000220,year_3,SECONDARY_INITIATIVE,,,,,,True,False
year_3_000221,year_3,TOP_PRIORITY_MEDIUM_TERM,,,,,,True,False
year_3_000222,year_3,NOT_ASKED,False,False,False,False,True,True,True
year_3_000223,year_3,NOT_ASKED,False,True,False,True,False,True,True
year_3_000224,year_3,NOT_ASKED,,,,,,True,False
year_3_000225,year_3,NOT_ASKED,,,,,,True,False
year_3_000226,year_3,NOT_ASKED,False,False,False,True,False,True,True
year_3_000227,year_3,NOT_ASKED,True,False,False,False,False,True,True
year_3_000228,year_3,NOT_ASKED,False,False,False,True,False,True,True
year_3_000229,year_3,NOT_ASKED,False,False,False,True,True,True,True
year_3_000230,year_3,NOT_ASKED,False,False,True,False,False,True,True
year_3_000231,year_3,TOP_PRIORITY_MEDIUM_TERM,,,,,,True,False
year_3_000232,year_3,NOT_ASKED,False,False,False,True,True,True,True
year_3_000233,year_3,NOT_ASKED,,,,,,True,False
year_3_000234,year_3,NOT_ASKED,False,True,False,False,False,True,True
year_3_000235,year_3,NOT_ASKED,,,,,,True,False
year_3_000236,year_3,NOT_ASKED,False,False,False,True,True,True,True
year_3_000237,year_3,NOT_ASKED,False,True,False,True,False,True,True
year_3_000238,year_3,TOP_PRIORITY_MEDIUM_TERM,,,,,,True,False
year_3_000239,year_3,NOT_ASKED,False,False,False,True,False,True,True
year_3_000240,year_3,NOT_ASKED,False,False,False,True,False,True,True
year_3_000241,year_3,NOT_ASKED,False,False,False,True,False,True,True
year_3_000242,year_3,NOT_ASKED,False,True,False,False,False,True,True
year_3_000243,year_3,TOP_PRIORITY_MEDIUM_TERM,,,,,,True,False
year_3_000244,year_3,NOT_ASKED,False,False,True,False,False,True,True
year_3_000245,year_3,NOT_PRIORITY,,,,,,True,False
year_3_000246,year_3,NOT_ASKED,False,False,False,True,False,True,True
year_3_000247,year_3,NOT_ASKED,False,False,False,False,True,True,True
year_3_000248,year_3,NOT_ASKED,False,False,True,False,False,True,True
year_3_000249,year_3,NOT_ASKED,False,False,False,True,False,True,True
year_3_000250,year_3,NOT_ASKED,False,True,False,False,False,True,True
year_3_000251,year_3,NOT_ASKED,False,False,False,True,False,True,True
year_3_000252,year_3,NOT_ASKED,False,False,False,True,True,True,True
year_3_000253,year_3,NOT_ASKED,False,False,True,False,False,True,True
year_3_000254,year_3,NOT_ASKED,False,False,True,True,False,True,True
year_3_000255,year_3,NOT_ASKED,False,False,False,True,False,True,True
year_3_000256,year_3,SECONDARY_INITIATIVE,,,,,,True,False
year_3_000257,year_3,TOP_PRIORITY_MAIN,,,,,,True,False
year_3_000258,year_3,NOT_ASKED,,,,,,True,False
year_3_000259,year_3,TOP_PRIORITY_MEDIUM_TERM,,,,,,True,False
year_3_000260,year_3,NOT_ASKED,False,False,True,False,False,True,True
year_3_000261,year_3,NOT_ASKED,False,True,False,False,False,True,True
year_3_000262,year_3,NOT_ASKED,,,,,,True,False
year_3_000263,year_3,NOT_ASKED,,,,,,True,False
year_3_000264,year_3,TOP_PRIORITY_MEDIUM_TERM,,,,,,True,False
year_3_000265,year_3,NOT_PRIORITY,,,,,,True,False
year_3_000266,year_3,NOT_ASKED,False,False,False,False,True,True,True
year_3_000267,year_3,NOT_ASKED,False,False,False,True,False,True,True
year_3_000268,year_3,NOT_ASKED,False,False,False,False,True,True,True
year_3_000269,year_3,NOT_ASKED,False,True,False,False,True,True,True
year_3_000270,year_3,TOP_PRIORITY_MEDIUM_TERM,,,,,,True,False
year_3_000271,year_3,NOT_ASKED,False,False,False,True,False,True,True
year_3_000272,year_3,NOT_ASKED,False,False,False,True,True,True,True
year_3_000273,year_3,NOT_ASKED,False,True,False,False,False,True,True
year_3_000274,year_3,NOT_ASKED,False,False,True,False,True,True,True
year_3_000275,year_3,NOT_ASKED,False,False,False,True,False,True,True
year_3_000276,year_3,NOT_PRIORITY,,,,,,True,False
year_3_000277,year_3,NOT_ASKED,False,True,False,False,False,True,True
year_3_000278,year_3,NOT_ASKED,,,,,,True,False
year_3_000279,year_3,NOT_ASKED,False,True,False,False,False,True,True
year_3_000280,year_3,NOT_ASKED,False,False,True,False,False,True,True
year_3_000281,year_3,NOT_ASKED,False,True,False,False,True,True,True
year_3_000282,year_3,TOP_PRIORITY_MEDIUM_TERM,,,,,,True,False
year_3_000283,year_3,NOT_ASKED,False,False,False,True,True,True,True
year_3_000284,year_3,TOP_PRIORITY_MEDIUM_TERM,,,,,,True,False
year_3_000285,year_3,NOT_ASKED,False,False,True,False,False,True,True
year_3_000286,year_3,NOT_ASKED,False,True,False,False,False,True,True
year_3_000287,year_3,NOT_ASKED,False,True,False,False,False,True,True
year_3_000288,year_3,NOT_ASKED,False,False,False,True,True,True,True
year_3_000289,year_3,NOT_ASKED,False,True,False,False,False,True,True
year_3_000290,year_3,NOT_ASKED,False,False,False,False,True,True,True
year_3_000291,year_3,NOT_ASKED,False,False,False,True,False,True,True
year_3_000292,year_3,NOT_ASKED,False,True,False,False,False,True,True
year_3_000293,year_3,TOP_PRIORITY_MAIN,,,,,,True,False
year_3_000294,year_3,NOT_ASKED,False,True,False,False,False,True,True
year_3_000295,year_3,SECONDARY_INITIATIVE,,,,,,True,False
year_3_000296,year_3,NOT_ASKED,True,False,False,False,False,True,True
year_3_000297,year_3,NOT_ASKED,False,False,False,True,False,True,True
year_3_000298,year_3,NOT_ASKED,False,False,True,True,False,True,True
year_3_000299,year_3,NOT_ASKED,False,False,False,True,True,True,True
year_3_000300,year_3,NOT_ASKED,False,False,True,False,False,True,True
year_3_000301,year_3,SECONDARY_INITIATIVE,,,,,,True,False
year_3_000302,year_3,NOT_ASKED,False,False,False,True,False,True,True
year_3_000303,year_3,NOT_ASKED,False,False,False,True,True,True,True
year_3_000304,year_3,NOT_ASKED,False,False,True,True,False,True,True
year_3_000305,year_3,NOT_ASKED,False,False,False,True,False,True,True
year_3_000306,year_3,NOT_ASKED,,,,,,True,False
year_3_000307,year_3,TOP_PRIORITY_MEDIUM_TERM,,,,,,True,False
year_3_000308,year_3,NOT_ASKED,False,False,False,True,False,True,True
year_3_000309,year_3,NOT_ASKED,False,False,False,True,False,True,True
year_3_000310,year_3,NOT_ASKED,False,False,False,True,True,True,True
year_3_000311,year_3,NOT_ASKED,False,False,False,True,True,True,True
year_3_000312,year_3,NOT_ASKED,False,False,False,True,False,True,True
year_3_000313,year_3,TOP_PRIORITY_MEDIUM_TERM,,,,,,True,False
year_3_000314,year_3,NOT_PRIORITY,,,,,,True,False
year_3_000315,year_3,NOT_ASKED,False,False,True,False,True,True,True
year_3_000316,year_3,NOT_ASKED,False,False,False,True,False,True,True
year_3_000317,year_3,TOP_PRIORITY_MEDIUM_TERM,,,,,,True,False
year_3_000318,year_3,NOT_ASKED,False,False,False,True,False,True,True
year_3_000319,year_3,NOT_ASKED,False,False,False,True,True,True,True
year_3_000320,year_3,NOT_ASKED,False,False,False,True,False,True,True
year_3_000321,year_3,TOP_PRIORITY_MEDIUM_TERM,,,,,,True,False
year_3_000322,year_3,NOT_ASKED,False,False,False,False,True,True,True
year_3_000323,year_3,NOT_ASKED,False,False,False,True,False,True,True
year_3_000324,year_3,NOT_ASKED,False,False,False,True,True,True,True
year_3_000325,year_3,NOT_ASKED,False,False,False,True,False,True,True
year_3_000326,year_3,NOT_ASKED,False,False,False,True,False,True,True
year_3_000327,year_3,NOT_ASKED,False,True,False,False,False,True,True
year_3_000328,year_3,NOT_ASKED,False,False,False,True,False,True,True
year_3_000329,year_3,TOP_PRIORITY_MEDIUM_TERM,,,,,,True,False
year_3_000330,year_3,NOT_ASKED,False,True,False,True,False,True,True
year_3_000331,year_3,NOT_ASKED,False,False,False,True,False,True,True
year_3_000332,year_3,TOP_PRIORITY_MAIN,,,,,,True,False
year_3_000333,year_3,TOP_PRIORITY_MEDIUM_TERM,,,,,,True,False
year_3_000334,year_3,NOT_ASKED,False,False,False,True,True,True,True
year_3_000335,year_3,NOT_ASKED,False,True,False,False,False,True,True
year_3_000336,year_3,NOT_ASKED,False,True,False,False,False,True,True
year_3_000337,year_3,TOP_PRIORITY_MEDIUM_TERM,,,,,,True,False
year_3_000338,year_3,NOT_ASKED,False,False,True,False,False,True,True
year_3_000339,year_3,NOT_ASKED,True,False,False,False,False,True,True
year_3_000340,year_3,NOT_ASKED,False,False,False,True,False,True,True
year_3_000341,year_3,NOT_ASKED,False,True,False,True,False,True,True
year_3_000342,year_3,NOT_ASKED,False,True,False,False,False,True,True
year_3_000343,year_3,NOT_ASKED,False,True,False,False,False,True,True
year_3_000344,year_3,NOT_ASKED,False,False,False,True,True,True,True
year_3_000345,year_3,NOT_ASKED,False,False,False,True,False,True,True
year_3_000346,year_3,NOT_ASKED,False,False,False,True,True,True,True
year_3_000347,year_3,TOP_PRIORITY_MEDIUM_TERM,,,,,,True,False
year_3_000348,year_3,NOT_ASKED,False,False,False,True,False,True,True
year_3_000349,year_3,NOT_ASKED,,,,,,True,False
year_3_000350,year_3,NOT_ASKED,False,True,False,False,False,True,True
year_3_000351,year_3,NOT_ASKED,False,True,False,False,False,True,True
year_3_000352,year_3,NOT_ASKED,,,,,,True,False
year_3_000353,year_3,NOT_ASKED,False,False,False,True,False,True,True
year_3_000354,year_3,NOT_ASKED,False,False,False,True,False,True,True
year_3_000355,year_3,NOT_ASKED,True,False,False,False,False,True,True
year_3_000356,year_3,NOT_ASKED,False,False,False,True,False,True,True
year_3_000357,year_3,NOT_ASKED,False,True,False,False,True,True,True
year_3_000358,year_3,NOT_ASKED,,,,,,True,False
year_3_000359,year_3,TOP_PRIORITY_MEDIUM_TERM,,,,,,True,False
year_3_000360,year_3,NOT_ASKED,False,False,False,True,False,True,True
year_3_000361,year_3,TOP_PRIORITY_MEDIUM_TERM,,,,,,True,False
year_3_000362,year_3,NOT_ASKED,False,False,False,True,True,True,True
year_3_000363,year_3,NOT_ASKED,False,True,False,False,True,True,True
year_3_000364,year_3,NOT_ASKED,False,False,False,False,True,True,True
year_3_000365,year_3,NOT_ASKED,True,False,False,False,False,True,True
year_3_000366,year_3,NOT_ASKED,False,True,False,False,False,True,True
year_3_000367,year_3,NOT_ASKED,False,False,True,False,False,True,True
year_3_000368,year_3,NOT_ASKED,False,False,False,False,True,True,True
year_3_000369,year_3,NOT_ASKED,False,False,True,False,False,True,True
year_3_000370,year_3,NOT_ASKED,,,,,,True,False
year_3_000371,year_3,NOT_ASKED,False,False,False,True,False,True,True
year_3_000372,year_3,NOT_ASKED,,,,,,True,False
year_3_000373,year_3,NOT_ASKED,False,True,False,False,False,True,True
year_3_000374,year_3,NOT_ASKED,False,False,False,True,False,True,True
year_3_000375,year_3,NOT_ASKED,False,False,False,True,False,True,True
year_3_000376,year_3,NOT_ASKED,False,False,True,False,False,True,True
year_3_000377,year_3,NOT_ASKED,False,False,False,True,True,True,True
year_3_000378,year_3,NOT_ASKED,False,False,False,True,False,True,True
year_3_000379,year_3,NOT_ASKED,False,False,True,False,True,True,True
year_3_000380,year_3,TOP_PRIORITY_MAIN,,,,,,True,False
year_3_000381,year_3,TOP_PRIORITY_MEDIUM_TERM,,,,,,True,False
year_3_000382,year_3,NOT_ASKED,False,True,False,False,False,True,True
year_3_000383,year_3,NOT_ASKED,False,False,True,False,False,True,True
year_3_000384,year_3,NOT_ASKED,False,False,False,True,False,True,True
year_3_000385,year_3,NOT_ASKED,False,False,True,False,False,True,True
year_3_000386,year_3,NOT_ASKED,False,False,False,True,False,True,True
year_3_000387,year_3,SECONDARY_INITIATIVE,,,,,,True,False
year_3_000388,year_3,NOT_ASKED,False,True,False,False,True,True,True
year_3_000389,year_3,NOT_ASKED,False,False,False,True,False,True,True
year_3_000390,year_3,NOT_ASKED,False,True,False,False,False,True,True
year_3_000391,year_3,TOP_PRIORITY_MEDIUM_TERM,,,,,,True,False
year_3_000392,year_3,NOT_ASKED,False,True,False,False,False,True,True
year_3_000393,year_3,NOT_ASKED,False,False,False,True,False,True,True
year_3_000394,year_3,NOT_ASKED,,,,,,True,False
year_3_000395,year_3,NOT_ASKED,,,,,,True,False
year_3_000396,year_3,NOT_ASKED,False,False,False,True,False,True,True
year_3_000397,year_3,NOT_ASKED,False,True,False,False,True,True,True
year_3_000398,year_3,NOT_ASKED,False,True,False,False,False,True,True
year_3_000399,year_3,NOT_ASKED,False,False,False,True,True,True,True
year_3_000400,year_3,NOT_ASKED,False,False,False,True,True,True,True
year_3_000401,year_3,NOT_ASKED,False,False,False,True,False,True,True
year_3_000402,year_3,NOT_ASKED,False,True,False,False,False,True,True
year_3_000403,year_3,NOT_ASKED,False,False,False,True,True,True,True
year_3_000404,year_3,TOP_PRIORITY_MAIN,,,,,,True,False
year_3_000405,year_3,NOT_ASKED,False,False,False,True,False,True,True
year_3_000406,year_3,NOT_ASKED,False,False,False,True,False,True,True
year_3_000407,year_3,NOT_ASKED,False,False,False,True,True,True,True
year_3_000408,year_3,NOT_ASKED,False,False,False,True,False,True,True
year_3_000409,year_3,TOP_PRIORITY_MAIN,,,,,,True,False
year_3_000410,year_3,NOT_ASKED,False,False,True,False,False,True,True
year_3_000411,year_3,NOT_ASKED,False,False,False,True,False,True,True
year_3_000412,year_3,NOT_ASKED,False,True,False,False,False,True,True
year_3_000413,year_3,TOP_PRIORITY_MAIN,,,,,,True,False
year_3_000414,year_3,NOT_ASKED,False,True,False,False,True,True,True
year_3_000415,year_3,SECONDARY_INITIATIVE,,,,,,True,False
year_3_000416,year_3,NOT_ASKED,True,False,False,False,False,True,True
year_3_000417,year_3,NOT_ASKED,True,True,False,False,False,True,True
year_3_000418,year_3,NOT_ASKED,False,True,False,False,False,True,True
year_3_000419,year_3,TOP_PRIORITY_MAIN,,,,,,True,False
year_3_000420,year_3,NOT_ASKED,False,False,True,False,True,True,True
year_3_000421,year_3,NOT_ASKED,False,True,False,False,True,True,True
year_3_000422,year_3,NOT_ASKED,False,False,False,True,False,True,True
year_3_000423,year_3,NOT_ASKED,False,False,False,True,False,True,True
year_3_000424,year_3,NOT_ASKED,False,True,False,False,True,True,True
year_3_000425,year_3,NOT_ASKED,False,False,False,False,True,True,True
year_3_000426,year_3,NOT_ASKED,False,False,False,True,False,True,True
year_3_000427,year_3,TOP_PRIORITY_MEDIUM_TERM,,,,,,True,False
year_3_000428,year_3,NOT_ASKED,False,True,False,True,False,True,True
year_3_000429,year_3,NOT_ASKED,False,True,False,False,True,True,True
year_3_000430,year_3,NOT_ASKED,False,False,True,False,False,True,True
year_3_000431,year_3,TOP_PRIORITY_MAIN,,,,,,True,False
year_3_000432,year_3,NOT_ASKED,False,False,False,True,True,True,True
year_3_000433,year_3,TOP_PRIORITY_MAIN,,,,,,True,False
year_3_000434,year_3,NOT_ASKED,False,True,False,False,False,True,True
year_3_000435,year_3,NOT_ASKED,,,,,,True,False
year_3_000436,year_3,TOP_PRIORITY_MAIN,,,,,,True,False
year_3_000437,year_3,NOT_ASKED,False,True,False,False,False,True,True
year_3_000438,year_3,NOT_ASKED,False,False,False,False,True,True,True
year_3_000439,year_3,SECONDARY_INITIATIVE,,,,,,True,False
year_3_000440,year_3,NOT_ASKED,False,False,False,True,True,True,True
year_3_000441,year_3,NOT_ASKED,False,False,True,False,True,True,True
year_3_000442,year_3,SECONDARY_INITIATIVE,,,,,,True,False
year_3_000443,year_3,NOT_ASKED,False,False,False,True,True,True,True
year_3_000444,year_3,NOT_ASKED,False,False,False,False,True,True,True
year_3_000445,year_3,NOT_ASKED,False,False,False,True,False,True,True
year_3_000446,year_3,NOT_ASKED,False,False,False,True,False,True,True
year_3_000447,year_3,NOT_ASKED,False,True,False,False,False,True,True
year_3_000448,year_3,SECONDARY_INITIATIVE,,,,,,True,False
year_3_000449,year_3,NOT_ASKED,False,False,False,True,False,True,True
year_3_000450,year_3,TOP_PRIORITY_MEDIUM_TERM,,,,,,True,False
year_3_000451,year_3,NOT_ASKED,False,False,False,True,False,True,True
year_3_000452,year_3,NOT_ASKED,,,,,,True,False
year_3_000453,year_3,NOT_ASKED,False,False,False,True,True,True,True
year_3_000454,year_3,NOT_ASKED,False,False,False,True,True,True,True
year_3_000455,year_3,TOP_PRIORITY_MEDIUM_TERM,,,,,,True,False
year_3_000456,year_3,NOT_ASKED,True,False,False,False,False,True,True
year_3_000457,year_3,NOT_ASKED,False,True,False,False,True,True,True
year_3_000458,year_3,NOT_ASKED,,,,,,True,False
year_3_000459,year_3,NOT_ASKED,False,False,True,False,True,True,True
year_3_000460,year_3,NOT_ASKED,True,True,False,False,False,True,True
year_3_000461,year_3,NOT_PRIORITY,,,,,,True,False
year_3_000462,year_3,TOP_PRIORITY_MEDIUM_TERM,,,,,,True,False
year_3_000463,year_3,NOT_ASKED,False,True,False,False,False,True,True
year_3_000464,year_3,NOT_ASKED,False,False,False,True,True,True,True
year_3_000465,year_3,NOT_ASKED,False,False,False,True,False,True,True
year_3_000466,year_3,NOT_ASKED,False,False,True,False,False,True,True
year_3_000467,year_3,NOT_ASKED,False,False,False,False,True,True,True
year_3_000468,year_3,NOT_ASKED,False,False,False,True,False,True,True
year_3_000469,year_3,TOP_PRIORITY_MEDIUM_TERM,,,,,,True,False
year_3_000470,year_3,NOT_ASKED,False,False,False,False,True,True,True
year_3_000471,year_3,NOT_ASKED,False,False,False,True,False,True,True
year_3_000472,year_3,NOT_ASKED,False,False,True,True,False,True,True
year_3_000473,year_3,NOT_ASKED,False,False,False,True,False,True,True
year_3_000474,year_3,NOT_ASKED,False,False,False,True,False,True,True
year_3_000475,year_3,TOP_PRIORITY_MEDIUM_TERM,,,,,,True,False
year_3_000476,year_3,NOT_ASKED,False,False,True,False,False,True,True
year_3_000477,year_3,NOT_ASKED,False,False,True,False,False,True,True
year_3_000478,year_3,NOT_ASKED,False,False,True,False,False,True,True
year_3_000479,year_3,NOT_ASKED,False,False,True,True,False,True,True
year_3_000480,year_3,SECONDARY_INITIATIVE,,,,,,True,False
year_3_000481,year_3,SECONDARY_INITIATIVE,,,,,,True,False
year_3_000482,year_3,NOT_ASKED,False,False,False,True,False,True,True
year_3_000483,year_3,NOT_ASKED,False,False,False,True,False,True,True
year_3_000484,year_3,TOP_PRIORITY_MAIN,,,,,,True,False
year_3_000485,year_3,NOT_ASKED,False,True,False,False,False,True,True
year_3_000486,year_3,NOT_ASKED,False,False,False,True,False,True,True
year_3_000487,year_3,NOT_ASKED,False,False,True,False,False,True,True
year_3_000488,year_3,NOT_ASKED,False,True,False,False,False,True,True
year_3_000489,year_3,NOT_ASKED,False,False,True,False,True,True,True
year_3_000490,year_3,NOT_ASKED,False,True,False,False,False,True,True
year_3_000491,year_3,NOT_ASKED,False,False,False,True,False,True,True
year_3_000492,year_3,NOT_ASKED,True,False,False,False,False,True,True
year_3_000493,year_3,NOT_ASKED,False,False,True,False,True,True,True
year_3_000494,year_3,NOT_ASKED,False,False,False,True,True,True,True
year_3_000495,year_3,NOT_ASKED,False,False,False,False,True,True,True
year_3_000496,year_3,NOT_ASKED,False,False,False,False,True,True,True
year_3_000497,year_3,TOP_PRIORITY_MAIN,,,,,,True,False
year_3_000498,year_3,TOP_PRIORITY_MEDIUM_TERM,,,,,,True,False
year_3_000499,year_3,NOT_ASKED,False,True,False,False,False,True,True
year_3_000500,year_3,NOT_PRIORITY,,,,,,True,False
year_3_000501,year_3,NOT_ASKED,,,,,,True,False
year_3_000502,year_3,TOP_PRIORITY_MAIN,,,,,,True,False
year_3_000503,year_3,NOT_ASKED,False,True,False,False,False,True,True
year_3_000504,year_3,NOT_PRIORITY,,,,,,True,False
year_3_000505,year_3,NOT_ASKED,,,,,,True,False
year_3_000506,year_3,SECONDARY_INITIATIVE,,,,,,True,False
year_3_000507,year_3,NOT_ASKED,False,False,False,False,True,True,True
year_3_000508,year_3,TOP_PRIORITY_MEDIUM_TERM,,,,,,True,False
year_3_000509,year_3,TOP_PRIORITY_MAIN,,,,,,True,False
year_3_000510,year_3,NOT_ASKED,False,True,False,False,False,True,True
year_3_000511,year_3,SECONDARY_INITIATIVE,,,,,,True,False
year_3_000512,year_3,NOT_ASKED,False,False,False,True,True,True,True
year_3_000513,year_3,NOT_ASKED,False,False,False,True,True,True,True
year_3_000514,year_3,SECONDARY_INITIATIVE,,,,,,True,False
year_3_000515,year_3,NOT_ASKED,False,False,True,False,True,True,True
year_3_000516,year_3,NOT_ASKED,False,False,True,False,False,True,True
year_3_000517,year_3,NOT_ASKED,False,False,False,True,False,True,True
year_3_000518,year_3,NOT_ASKED,False,False,False,True,True,True,True
year_3_000519,year_3,NOT_ASKED,False,True,False,False,False,True,True
year_3_000520,year_3,NOT_ASKED,True,False,False,False,False,True,True
year_3_000521,year_3,NOT_ASKED,False,False,False,True,True,True,True
year_3_000522,year_3,NOT_ASKED,False,False,True,False,False,True,True
year_3_000523,year_3,NOT_ASKED,False,False,True,False,False,True,True
year_3_000524,year_3,SECONDARY_INITIATIVE,,,,,,True,False
year_3_000525,year_3,NOT_ASKED,False,False,False,True,True,True,True
year_3_000526,year_3,NOT_ASKED,False,True,True,False,False,True,True
year_3_000527,year_3,SECONDARY_INITIATIVE,,,,,,True,False
year_3_000528,year_3,NOT_ASKED,,,,,,True,False
year_3_000529,year_3,NOT_ASKED,,,,,,True,False
year_3_000530,year_3,NOT_ASKED,,,,,,True,False
year_3_000531,year_3,NOT_ASKED,False,False,True,False,False,True,True
year_3_000532,year_3,NOT_ASKED,,,,,,True,False
year_3_000533,year_3,NOT_ASKED,False,False,True,False,True,True,True
year_3_000534,year_3,NOT_ASKED,False,False,False,True,False,True,True
year_3_000535,year_3,NOT_ASKED,False,False,True,False,False,True,True
year_3_000536,year_3,TOP_PRIORITY_MEDIUM_TERM,,,,,,True,False
year_3_000537,year_3,NOT_ASKED,False,False,False,True,True,True,True
year_3_000538,year_3,NOT_ASKED,False,False,False,True,False,True,True
year_3_000539,year_3,NOT_ASKED,False,False,False,True,False,True,True
year_3_000540,year_3,NOT_ASKED,False,False,True,True,False,True,True
year_3_000541,year_3,NOT_ASKED,False,False,False,True,True,True,True
year_3_000542,year_3,NOT_ASKED,False,True,False,False,False,True,True
year_3_000543,year_3,TOP_PRIORITY_MEDIUM_TERM,,,,,,True,False
year_3_000544,year_3,NOT_ASKED,False,False,False,True,True,True,True
year_3_000545,year_3,TOP_PRIORITY_MEDIUM_TERM,,,,,,True,False
year_3_000546,year_3,TOP_PRIORITY_MEDIUM_TERM,,,,,,True,False
year_3_000547,year_3,NOT_ASKED,,,,,,True,False
year_3_000548,year_3,NOT_ASKED,False,True,False,False,False,True,True
year_3_000549,year_3,NOT_ASKED,False,True,False,False,False,True,True
year_3_000550,year_3,NOT_ASKED,False,True,False,False,False,True,True
year_3_000551,year_3,SECONDARY_INITIATIVE,,,,,,True,False
year_3_000552,year_3,NOT_ASKED,False,False,False,True,True,True,True
year_3_000553,year_3,NOT_ASKED,,,,,,True,False
year_3_000554,year_3,NOT_ASKED,False,False,True,True,False,True,True
year_3_000555,year_3,NOT_PRIORITY,,,,,,True,False
year_3_000556,year_3,NOT_ASKED,False,False,False,True,True,True,True
year_3_000557,year_3,NOT_ASKED,False,True,False,False,False,True,True
year_3_000558,year_3,NOT_ASKED,False,False,False,True,False,True,True
year_3_000559,year_3,NOT_ASKED,False,False,False,True,True,True,True
year_3_000560,year_3,NOT_ASKED,False,True,False,False,False,True,True
year_3_000561,year_3,NOT_ASKED,False,False,False,True,True,True,True
year_3_000562,year_3,NOT_ASKED,False,True,False,False,False,True,True
year_3_000563,year_3,NOT_ASKED,False,False,True,False,False,True,True
year_3_000564,year_3,SECONDARY_INITIATIVE,,,,,,True,False
year_3_000565,year_3,NOT_ASKED,False,False,False,True,False,True,True
year_3_000566,year_3,NOT_ASKED,False,True,False,False,True,True,True
year_3_000567,year_3,NOT_ASKED,False,False,False,True,True,True,True
year_3_000568,year_3,NOT_ASKED,False,True,False,False,True,True,True
year_3_000569,year_3,NOT_ASKED,False,False,True,False,False,True,True
year_3_000570,year_3,NOT_ASKED,False,False,True,True,False,True,True
year_3_000571,year_3,NOT_ASKED,False,False,True,True,False,True,True
year_3_000572,year_3,NOT_ASKED,False,False,False,True,False,True,True
year_3_000573,year_3,NOT_ASKED,False,False,False,True,False,True,True
year_3_000574,year_3,NOT_ASKED,False,False,False,True,True,True,True
year_3_000575,year_3,NOT_ASKED,False,False,False,True,True,True,True
year_3_000576,year_3,NOT_ASKED,False,False,False,False,True,True,True
year_3_000577,year_3,NOT_ASKED,False,False,False,True,True,True,True
year_3_000578,year_3,NOT_ASKED,False,True,False,False,False,True,True
year_3_000579,year_3,TOP_PRIORITY_MEDIUM_TERM,,,,,,True,False
year_3_000580,year_3,NOT_ASKED,True,False,False,False,False,True,True
year_3_000581,year_3,NOT_ASKED,False,False,True,False,True,True,True
year_3_000582,year_3,NOT_ASKED,False,False,False,False,True,True,True
year_3_000583,year_3,NOT_ASKED,False,True,False,False,False,True,True
year_3_000584,year_3,NOT_ASKED,False,False,True,False,False,True,True
year_3_000585,year_3,NOT_ASKED,True,False,False,False,False,True,True
year_3_000586,year_3,NOT_ASKED,False,False,False,True,False,True,True
year_3_000587,year_3,TOP_PRIORITY_MAIN,,,,,,True,False
year_3_000588,year_3,SECONDARY_INITIATIVE,,,,,,True,False
year_3_000589,year_3,TOP_PRIORITY_MEDIUM_TERM,,,,,,True,False
year_3_000590,year_3,NOT_ASKED,False,True,False,False,True,True,True
year_3_000591,year_3,NOT_PRIORITY,,,,,,True,False
year_3_000592,year_3,SECONDARY_INITIATIVE,,,,,,True,False
year_3_000593,year_3,SECONDARY_INITIATIVE,,,,,,True,False
year_3_000594,year_3,NOT_ASKED,False,False,True,False,False,True,True
year_3_000595,year_3,NOT_ASKED,False,False,False,True,False,True,True
year_3_000596,year_3,NOT_ASKED,False,False,False,True,False,True,True
year_3_000597,year_3,NOT_ASKED,False,False,False,True,True,True,True
year_3_000598,year_3,TOP_PRIORITY_MAIN,,,,,,True,False
year_3_000599,year_3,NOT_ASKED,True,False,False,False,False,True,True
year_3_000600,year_3,NOT_ASKED,False,False,False,True,True,True,True
year_3_000601,year_3,NOT_ASKED,,,,,,True,False
year_3_000602,year_3,NOT_ASKED,False,True,False,True,False,True,True
year_3_000603,year_3,TOP_PRIORITY_MEDIUM_TERM,,,,,,True,False
year_3_000604,year_3,NOT_ASKED,False,False,True,False,True,True,True
year_3_000605,year_3,NOT_ASKED,False,False,False,True,True,True,True
year_3_000606,year_3,TOP_PRIORITY_MEDIUM_TERM,,,,,,True,False
year_3_000607,year_3,NOT_ASKED,False,False,True,False,False,True,True
year_3_000608,year_3,NOT_ASKED,False,False,False,True,True,True,True
year_3_000609,year_3,NOT_ASKED,False,False,False,True,False,True,True
year_3_000610,year_3,NOT_ASKED,False,False,False,False,True,True,True
year_3_000611,year_3,TOP_PRIORITY_MEDIUM_TERM,,,,,,True,False
year_3_000612,year_3,NOT_ASKED,False,False,False,True,True,True,True
year_3_000613,year_3,NOT_ASKED,False,True,False,False,False,True,True
year_3_000614,year_3,NOT_ASKED,True,False,False,False,False,True,True
year_3_000615,year_3,NOT_ASKED,,,,,,True,False
year_3_000616,year_3,NOT_ASKED,False,False,False,True,False,True,True
year_3_000617,year_3,TOP_PRIORITY_MEDIUM_TERM,,,,,,True,False
year_3_000618,year_3,NOT_ASKED,,,,,,True,False
year_3_000619,year_3,NOT_ASKED,False,False,False,True,False,True,True
year_3_000620,year_3,NOT_ASKED,False,True,False,False,False,True,True
year_3_000621,year_3,TOP_PRIORITY_MEDIUM_TERM,,,,,,True,False
year_3_000622,year_3,NOT_ASKED,False,False,False,True,False,True,True
year_3_000623,year_3,NOT_ASKED,False,False,False,False,True,True,True
year_3_000624,year_3,NOT_ASKED,False,False,False,True,True,True,True
year_3_000625,year_3,NOT_ASKED,,,,,,True,False
year_3_000626,year_3,SECONDARY_INITIATIVE,,,,,,True,False
year_3_000627,year_3,NOT_ASKED,False,False,True,False,False,True,True
year_3_000628,year_3,NOT_ASKED,True,False,False,False,False,True,True
year_3_000629,year_3,NOT_ASKED,False,False,False,True,True,True,True
year_3_000630,year_3,SECONDARY_INITIATIVE,,,,,,True,False
year_3_000631,year_3,NOT_ASKED,False,False,False,True,False,True,True
year_3_000632,year_3,NOT_ASKED,False,False,False,False,True,True,True
year_3_000633,year_3,NOT_ASKED,False,False,True,False,True,True,True
year_3_000634,year_3,NOT_ASKED,False,False,True,False,False,True,True
year_3_000635,year_3,TOP_PRIORITY_MEDIUM_TERM,,,,,,True,False
year_3_000636,year_3,NOT_ASKED,False,True,False,False,True,True,True
year_3_000637,year_3,NOT_ASKED,False,False,False,True,True,True,True
year_3_000638,year_3,NOT_ASKED,False,False,False,True,True,True,True
year_3_000639,year_3,NOT_ASKED,False,True,False,False,False,True,True
year_3_000640,year_3,NOT_ASKED,,,,,,True,False
year_3_000641,year_3,NOT_ASKED,False,False,False,False,True,True,True
year_3_000642,year_3,NOT_ASKED,,,,,,True,False
year_3_000643,year_3,NOT_ASKED,False,False,False,True,False,True,True
year_3_000644,year_3,TOP_PRIORITY_MAIN,,,,,,True,False
year_3_000645,year_3,NOT_ASKED,False,False,False,True,False,True,True
year_3_000646,year_3,NOT_ASKED,False,False,False,False,True,True,True
year_3_000647,year_3,NOT_ASKED,False,True,False,False,False,True,True
year_3_000648,year_3,NOT_ASKED,False,False,False,True,False,True,True
year_3_000649,year_3,SECONDARY_INITIATIVE,,,,,,True,False
year_3_000650,year_3,NOT_ASKED,False,False,False,False,True,True,True
year_3_000651,year_3,NOT_ASKED,False,False,False,True,True,True,True
year_3_000652,year_3,NOT_ASKED,False,True,False,False,False,True,True
year_3_000653,year_3,NOT_ASKED,,,,,,True,False
year_3_000654,year_3,NOT_ASKED,False,False,True,False,False,True,True
year_3_000655,year_3,NOT_ASKED,False,False,True,False,False,True,True
year_3_000656,year_3,NOT_ASKED,False,False,True,False,False,True,True
year_3_000657,year_3,NOT_ASKED,False,False,False,True,False,True,True
year_3_000658,year_3,TOP_PRIORITY_MEDIUM_TERM,,,,,,True,False
year_3_000659,year_3,NOT_ASKED,,,,,,True,False
year_3_000660,year_3,NOT_ASKED,False,False,False,True,True,True,True
year_3_000661,year_3,NOT_ASKED,False,False,False,True,False,True,True
year_3_000662,year_3,TOP_PRIORITY_MAIN,,,,,,True,False
year_3_000663,year_3,NOT_ASKED,False,True,False,False,True,True,True
year_3_000664,year_3,TOP_PRIORITY_MEDIUM_TERM,,,,,,True,False
year_3_000665,year_3,NOT_ASKED,False,False,False,True,True,True,True
year_3_000666,year_3,NOT_ASKED,False,True,False,False,False,True,True
year_3_000667,year_3,NOT_ASKED,False,True,False,False,False,True,True
year_3_000668,year_3,SECONDARY_INITIATIVE,,,,,,True,False
year_3_000669,year_3,NOT_ASKED,False,True,False,False,False,True,True
year_3_000670,year_3,NOT_ASKED,False,False,False,True,True,True,True
year_3_000671,year_3,NOT_ASKED,False,False,False,True,False,True,True
year_3_000672,year_3,NOT_ASKED,False,False,False,False,True,True,True
year_3_000673,year_3,NOT_ASKED,,,,,,True,False
year_3_000674,year_3,NOT_ASKED,False,True,False,False,True,True,True
year_3_000675,year_3,NOT_ASKED,False,True,False,False,False,True,True
year_3_000676,year_3,NOT_ASKED,False,False,False,False,True,True,True
year_3_000677,year_3,NOT_ASKED,False,False,False,True,False,True,True
year_3_000678,year_3,NOT_ASKED,False,False,False,True,False,True,True
year_3_000679,year_3,NOT_ASKED,False,True,False,False,False,True,True
year_3_000680,year_3,NOT_ASKED,False,False,True,False,False,True,True
year_3_000681,year_3,NOT_ASKED,False,False,False,False,True,True,True
year_3_000682,year_3,NOT_ASKED,False,False,False,True,False,True,True
year_3_000683,year_3,NOT_ASKED,False,True,False,False,False,True,True
year_3_000684,year_3,NOT_ASKED,False,True,False,False,False,True,True
year_3_000685,year_3,NOT_ASKED,False,False,False,True,True,True,True
year_3_000686,year_3,NOT_ASKED,False,False,False,False,True,True,True
year_3_000687,year_3,NOT_ASKED,,,,,,True,False
year_3_000688,year_3,NOT_ASKED,False,False,False,True,True,True,True
year_3_000689,year_3,NOT_ASKED,False,False,False,True,True,True,True
year_3_000690,year_3,NOT_ASKED,False,False,True,False,False,True,True
year_3_000691,year_3,NOT_ASKED,False,False,True,False,False,True,True
year_3_000692,year_3,NOT_ASKED,False,True,False,True,False,True,True
year_3_000693,year_3,NOT_ASKED,False,True,False,False,False,True,True
year_3_000694,year_3,NOT_ASKED,False,False,False,True,False,True,True
year_3_000695,year_3,SECONDARY_INITIATIVE,,,,,,True,False
year_3_000696,year_3,NOT_ASKED,False,True,False,False,True,True,True
year_3_000697,year_3,NOT_ASKED,False,False,True,False,False,True,True
year_3_000698,year_3,NOT_ASKED,False,True,False,False,False,True,True
year_3_000699,year_3,NOT_ASKED,False,False,True,False,False,True,True
year_3_000700,year_3,NOT_ASKED,False,False,True,False,False,True,True
year_3_000701,year_3,NOT_ASKED,False,False,False,True,False,True,True
year_3_000702,year_3,NOT_ASKED,False,False,False,True,True,True,True
year_3_000703,year_3,NOT_ASKED,False,False,False,True,True,True,True
year_3_000704,year_3,NOT_ASKED,False,False,False,True,False,True,True
year_3_000705,year_3,NOT_ASKED,False,True,False,False,False,True,True
year_3_000706,year_3,NOT_ASKED,False,True,False,False,False,True,True
year_3_000707,year_3,NOT_ASKED,False,False,True,False,True,True,True
year_3_000708,year_3,NOT_ASKED,False,False,False,True,True,True,True
year_3_000709,year_3,NOT_ASKED,False,False,False,True,True,True,True
year_3_000710,year_3,NOT_ASKED,False,False,False,False,True,True,True
year_3_000711,year_3,NOT_ASKED,False,True,False,False,False,True,True
year_3_000712,year_3,NOT_ASKED,False,False,False,True,True,True,True
year_3_000713,year_3,NOT_ASKED,False,True,False,False,False,True,True
year_3_000714,year_3,NOT_ASKED,False,False,True,False,False,True,True
year_3_000715,year_3,NOT_ASKED,False,False,False,True,False,True,True
year_3_000716,year_3,NOT_ASKED,False,True,False,False,False,True,True
year_3_000717,year_3,NOT_ASKED,,,,,,True,False
year_3_000718,year_3,NOT_ASKED,False,False,True,False,False,True,True
year_3_000719,year_3,NOT_ASKED,False,False,False,True,False,True,True
year_3_000720,year_3,NOT_ASKED,False,True,False,False,True,True,True
year_3_000721,year_3,NOT_ASKED,False,False,True,False,True,True,True
year_3_000722,year_3,NOT_ASKED,False,False,False,True,True,True,True
year_3_000723,year_3,NOT_ASKED,False,False,False,True,False,True,True
year_3_000724,year_3,NOT_ASKED,False,True,False,False,False,True,True
year_3_000725,year_3,NOT_ASKED,False,True,False,False,True,True,True
year_3_000726,year_3,SECONDARY_INITIATIVE,,,,,,True,False
year_3_000727,year_3,NOT_ASKED,,,,,,True,False
year_3_000728,year_3,NOT_ASKED,False,False,True,True,False,True,True
year_3_000729,year_3,NOT_ASKED,,,,,,True,False
year_3_000730,year_3,NOT_ASKED,,,,,,True,False
year_3_000731,year_3,NOT_ASKED,False,False,False,False,True,True,True
year_3_000732,year_3,NOT_ASKED,False,True,False,False,False,True,True
year_3_000733,year_3,NOT_ASKED,,,,,,True,False
year_3_000734,year_3,NOT_ASKED,False,False,False,False,True,True,True
year_3_000735,year_3,NOT_ASKED,False,True,False,True,False,True,True
year_3_000736,year_3,TOP_PRIORITY_MEDIUM_TERM,,,,,,True,False
year_3_000737,year_3,SECONDARY_INITIATIVE,,,,,,True,False
year_3_000738,year_3,NOT_ASKED,False,False,False,True,True,True,True
year_3_000739,year_3,SECONDARY_INITIATIVE,,,,,,True,False
year_3_000740,year_3,NOT_ASKED,False,False,False,False,True,True,True
year_3_000741,year_3,NOT_ASKED,False,True,False,False,False,True,True
year_3_000742,year_3,NOT_ASKED,False,False,False,True,True,True,True
year_3_000743,year_3,NOT_ASKED,False,False,True,False,False,True,True
year_3_000744,year_3,NOT_ASKED,False,True,False,True,False,True,True
year_3_000745,year_3,NOT_ASKED,False,True,False,False,False,True,True
year_3_000746,year_3,NOT_ASKED,False,False,False,True,True,True,True
year_3_000747,year_3,NOT_ASKED,False,False,False,True,False,True,True
year_3_000748,year_3,TOP_PRIORITY_MAIN,,,,,,True,False
year_3_000749,year_3,NOT_ASKED,False,False,False,True,False,True,True
year_3_000750,year_3,NOT_ASKED,False,False,False,True,True,True,True
year_3_000751,year_3,NOT_ASKED,False,False,False,True,False,True,True
year_3_000752,year_3,NOT_ASKED,False,False,True,False,False,True,True
year_3_000753,year_3,NOT_ASKED,False,False,False,True,True,True,True
year_3_000754,year_3,NOT_ASKED,False,False,True,True,False,True,True
year_3_000755,year_3,NOT_ASKED,False,False,False,False,True,True,True
year_3_000756,year_3,NOT_ASKED,False,True,False,False,False,True,True
year_3_000757,year_3,NOT_ASKED,False,True,False,False,False,True,True
year_3_000758,year_3,NOT_PRIORITY,,,,,,True,False
year_3_000759,year_3,NOT_ASKED,False,False,True,False,False,True,True
year_3_000760,year_3,NOT_ASKED,False,False,False,True,True,True,True
year_3_000761,year_3,TOP_PRIORITY_MEDIUM_TERM,,,,,,True,False
year_3_000762,year_3,NOT_ASKED,False,False,True,False,False,True,True
year_3_000763,year_3,NOT_ASKED,False,True,False,False,False,True,True
year_3_000764,year_3,NOT_ASKED,False,True,False,False,False,True,True
year_3_000765,year_3,SECONDARY_INITIATIVE,,,,,,True,False
year_3_000766,year_3,NOT_ASKED,False,True,False,False,False,True,True
year_3_000767,year_3,NOT_ASKED,False,False,True,True,False,True,True
year_3_000768,year_3,NOT_ASKED,False,False,False,True,False,True,True
year_3_000769,year_3,NOT_ASKED,False,False,True,False,True,True,True
year_3_000770,year_3,TOP_PRIORITY_MEDIUM_TERM,,,,,,True,False
year_3_000771,year_3,TOP_PRIORITY_MAIN,,,,,,True,False
year_3_000772,year_3,NOT_ASKED,False,True,False,False,True,True,True
year_3_000773,year_3,NOT_ASKED,False,False,True,True,False,True,True
year_3_000774,year_3,NOT_ASKED,False,False,True,True,False,True,True
year_3_000775,year_3,NOT_ASKED,False,True,False,False,False,True,True
year_3_000776,year_3,TOP_PRIORITY_MEDIUM_TERM,,,,,,True,False
year_3_000777,year_3,NOT_ASKED,,,,,,True,False
year_3_000778,year_3,NOT_ASKED,False,True,False,False,True,True,True
year_3_000779,year_3,NOT_ASKED,False,True,False,False,False,True,True
year_3_000780,year_3,NOT_ASKED,False,False,False,True,True,True,True
year_3_000781,year_3,TOP_PRIORITY_MEDIUM_TERM,,,,,,True,False
year_3_000782,year_3,TOP_PRIORITY_MAIN,,,,,,True,False
year_3_000783,year_3,NOT_ASKED,False,True,False,False,False,True,True
year_3_000784,year_3,NOT_ASKED,,,,,,True,False
year_3_000785,year_3,NOT_ASKED,False,False,True,False,False,True,True
year_3_000786,year_3,TOP_PRIORITY_MEDIUM_TERM,,,,,,True,False
year_3_000787,year_3,NOT_ASKED,False,False,False,True,False,True,True
year_3_000788,year_3,NOT_ASKED,True,False,False,False,False,True,True
year_3_000789,year_3,NOT_ASKED,,,,,,True,False
year_3_000790,year_3,NOT_ASKED,False,True,False,False,False,True,True
year_3_000791,year_3,NOT_ASKED,False,False,False,True,False,True,True
year_3_000792,year_3,NOT_ASKED,False,False,False,False,True,True,True
year_3_000793,year_3,NOT_ASKED,False,False,False,True,False,True,True
year_3_000794,year_3,NOT_PRIORITY,,,,,,True,False
year_3_000795,year_3,NOT_ASKED,,,,,,True,False
year_3_000796,year_3,NOT_ASKED,False,True,False,False,False,True,True
year_3_000797,year_3,NOT_ASKED,False,False,True,False,False,True,True
year_3_000798,year_3,NOT_PRIORITY,,,,,,True,False
year_3_000799,year_3,NOT_ASKED,False,True,False,False,False,True,True
year_3_000800,year_3,TOP_PRIORITY_MAIN,,,,,,True,False
year_3_000801,year_3,NOT_ASKED,False,False,True,False,True,True,True
year_3_000802,year_3,NOT_ASKED,False,False,True,False,False,True,True
year_3_000803,year_3,TOP_PRIORITY_MAIN,,,,,,True,False
year_3_000804,year_3,DONT_KNOW,,,,,,True,False
year_3_000805,year_3,TOP_PRIORITY_MAIN,,,,,,True,False
year_3_000806,year_3,TOP_PRIORITY_MEDIUM_TERM,,,,,,True,False
year_3_000807,year_3,NOT_ASKED,False,True,False,False,False,True,True
year_3_000808,year_3,NOT_ASKED,False,False,False,False,True,True,True
year_3_000809,year_3,NOT_ASKED,False,True,False,False,False,True,True
year_3_000810,year_3,NOT_ASKED,False,False,True,False,False,True,True
year_3_000811,year_3,NOT_ASKED,False,False,False,True,False,True,True
year_3_000812,year_3,NOT_ASKED,False,False,True,False,True,True,True
year_3_000813,year_3,NOT_ASKED,False,True,False,False,False,True,True
year_3_000814,year_3,NOT_ASKED,False,True,False,False,False,True,True
year_3_000815,year_3,NOT_ASKED,False,True,False,False,True,True,True
year_3_000816,year_3,NOT_ASKED,False,True,False,False,False,True,True
year_3_000817,year_3,NOT_ASKED,False,False,False,True,False,True,True
year_3_000818,year_3,NOT_ASKED,,,,,,True,False
year_3_000819,year_3,NOT_ASKED,False,False,False,True,False,True,True
year_3_000820,year_3,NOT_ASKED,False,False,True,False,False,True,True
year_3_000821,year_3,NOT_ASKED,False,True,False,False,False,True,True
year_3_000822,year_3,TOP_PRIORITY_MAIN,,,,,,True,False
year_3_000823,year_3,NOT_ASKED,False,False,False,False,True,True,True
year_3_000824,year_3,NOT_ASKED,False,True,True,False,False,True,True
year_3_000825,year_3,NOT_ASKED,False,False,True,False,False,True,True
year_3_000826,year_3,NOT_ASKED,False,False,False,True,False,True,True
year_3_000827,year_3,NOT_ASKED,False,False,False,True,False,True,True
year_3_000828,year_3,TOP_PRIORITY_MAIN,,,,,,True,False
year_3_000829,year_3,NOT_ASKED,False,False,False,True,True,True,True
year_3_000830,year_3,TOP_PRIORITY_MEDIUM_TERM,,,,,,True,False
year_3_000831,year_3,NOT_ASKED,,,,,,True,False
year_3_000832,year_3,NOT_ASKED,False,False,False,True,False,True,True
year_3_000833,year_3,NOT_ASKED,False,False,True,False,False,True,True
year_3_000834,year_3,NOT_ASKED,,,,,,True,False
year_3_000835,year_3,NOT_ASKED,False,False,False,True,False,True,True
year_3_000836,year_3,NOT_ASKED,False,False,True,False,True,True,True
year_3_000837,year_3,TOP_PRIORITY_MAIN,,,,,,True,False
year_3_000838,year_3,NOT_ASKED,False,False,True,False,False,True,True
year_3_000839,year_3,NOT_ASKED,False,False,False,True,False,True,True
year_3_000840,year_3,NOT_ASKED,,,,,,True,False
year_3_000841,year_3,NOT_ASKED,False,False,False,False,True,True,True
year_3_000842,year_3,NOT_ASKED,False,False,False,True,False,True,True
year_3_000843,year_3,NOT_ASKED,False,False,True,False,True,True,True
year_3_000844,year_3,NOT_ASKED,False,False,True,False,False,True,True
year_3_000845,year_3,NOT_ASKED,True,True,False,False,False,True,True
year_3_000846,year_3,TOP_PRIORITY_MAIN,,,,,,True,False
year_3_000847,year_3,NOT_PRIORITY,,,,,,True,False
year_3_000848,year_3,TOP_PRIORITY_MAIN,,,,,,True,False
year_3_000849,year_3,NOT_ASKED,False,False,True,False,False,True,True
year_3_000850,year_3,NOT_ASKED,False,False,False,True,False,True,True
year_3_000851,year_3,NOT_ASKED,,,,,,True,False
year_3_000852,year_3,NOT_ASKED,False,True,False,False,False,True,True
year_3_000853,year_3,NOT_ASKED,False,False,False,True,False,True,True
year_3_000854,year_3,NOT_ASKED,,,,,,True,False
year_3_000855,year_3,NOT_ASKED,False,False,True,False,False,True,True
year_3_000856,year_3,NOT_ASKED,,,,,,True,False
year_3_000857,year_3,NOT_ASKED,False,True,False,False,False,True,True
year_3_000858,year_3,NOT_ASKED,False,False,False,True,False,True,True
year_3_000859,year_3,NOT_ASKED,False,False,False,False,True,True,True
year_3_000860,year_3,NOT_ASKED,False,False,True,False,False,True,True
year_3_000861,year_3,NOT_ASKED,False,False,False,True,True,True,True
year_3_000862,year_3,NOT_ASKED,,,,,,True,False
year_3_000863,year_3,NOT_ASKED,False,True,False,False,False,True,True
year_3_000864,year_3,NOT_ASKED,False,True,False,False,False,True,True
year_3_000865,year_3,NOT_ASKED,False,True,False,False,False,True,True
year_3_000866,year_3,NOT_ASKED,False,False,False,True,True,True,True
year_3_000867,year_3,NOT_ASKED,,,,,,True,False
year_3_000868,year_3,NOT_ASKED,False,True,False,False,False,True,True
year_3_000869,year_3,NOT_ASKED,False,True,False,False,True,True,True
year_3_000870,year_3,TOP_PRIORITY_MEDIUM_TERM,,,,,,True,False
year_3_000871,year_3,NOT_ASKED,,,,,,True,False
year_3_000872,year_3,NOT_ASKED,False,True,False,False,False,True,True
year_3_000873,year_3,NOT_ASKED,,,,,,True,False
year_3_000874,year_3,NOT_ASKED,,,,,,True,False
year_3_000875,year_3,NOT_ASKED,,,,,,True,False
year_3_000876,year_3,NOT_ASKED,False,False,False,False,True,True,True
year_3_000877,year_3,NOT_ASKED,False,False,False,False,True,True,True
year_3_000878,year_3,NOT_ASKED,False,False,True,False,False,True,True
year_3_000879,year_3,NOT_ASKED,,,,,,True,False
year_3_000880,year_3,TOP_PRIORITY_MEDIUM_TERM,,,,,,True,False
year_3_000881,year_3,NOT_ASKED,False,True,False,False,False,True,True
year_3_000882,year_3,NOT_PRIORITY,,,,,,True,False
year_3_000883,year_3,TOP_PRIORITY_MEDIUM_TERM,,,,,,True,False
year_3_000884,year_3,NOT_ASKED,False,False,True,False,False,True,True
year_3_000885,year_3,NOT_ASKED,False,False,False,True,False,True,True
year_3_000886,year_3,NOT_ASKED,,,,,,True,False
year_3_000887,year_3,NOT_ASKED,False,False,True,False,False,True,True
year_3_000888,year_3,NOT_ASKED,False,True,False,False,False,True,True
year_3_000889,year_3,NOT_ASKED,False,False,True,False,False,True,True
year_3_000890,year_3,NOT_ASKED,False,False,False,True,False,True,True
year_3_000891,year_3,NOT_ASKED,False,False,False,True,False,True,True
year_3_000892,year_3,NOT_ASKED,False,True,False,False,False,True,True
year_3_000893,year_3,TOP_PRIORITY_MAIN,,,,,,True,False
year_3_000894,year_3,NOT_PRIORITY,,,,,,True,False
year_3_000895,year_3,SECONDARY_INITIATIVE,,,,,,True,False
year_3_000896,year_3,NOT_ASKED,False,False,False,True,True,True,True
year_3_000897,year_3,NOT_ASKED,False,False,False,True,True,True,True
year_3_000898,year_3,NOT_ASKED,,,,,,True,False
year_3_000899,year_3,NOT_ASKED,False,False,False,True,False,True,True
year_3_000900,year_3,NOT_ASKED,False,True,False,False,False,True,True
year_3_000901,year_3,NOT_ASKED,False,True,False,False,True,True,True
year_3_000902,year_3,SECONDARY_INITIATIVE,,,,,,True,False
year_3_000903,year_3,NOT_ASKED,False,False,False,False,True,True,True
year_3_000904,year_3,NOT_ASKED,False,True,False,True,False,True,True
year_3_000905,year_3,NOT_ASKED,,,,,,True,False
year_3_000906,year_3,NOT_ASKED,False,False,False,False,True,True,True
year_3_000907,year_3,NOT_ASKED,False,True,False,False,False,True,True
year_3_000908,year_3,SECONDARY_INITIATIVE,,,,,,True,False
year_3_000909,year_3,NOT_ASKED,False,True,False,False,False,True,True
year_3_000910,year_3,NOT_ASKED,False,False,True,False,False,True,True
year_3_000911,year_3,TOP_PRIORITY_MEDIUM_TERM,,,,,,True,False
year_3_000912,year_3,NOT_ASKED,False,False,True,False,True,True,True
year_3_000913,year_3,TOP_PRIORITY_MEDIUM_TERM,,,,,,True,False
year_3_000914,year_3,NOT_ASKED,True,False,False,False,False,True,True
year_3_000915,year_3,TOP_PRIORITY_MEDIUM_TERM,,,,,,True,False
year_3_000916,year_3,NOT_ASKED,False,False,True,True,False,True,True
year_3_000917,year_3,NOT_ASKED,False,True,False,False,True,True,True
year_3_000918,year_3,TOP_PRIORITY_MAIN,,,,,,True,False
year_3_000919,year_3,NOT_ASKED,,,,,,True,False
year_3_000920,year_3,NOT_ASKED,False,False,False,True,False,True,True
year_3_000921,year_3,NOT_ASKED,False,False,False,True,True,True,True
year_3_000922,year_3,TOP_PRIORITY_MAIN,,,,,,True,False
year_3_000923,year_3,NOT_ASKED,,,,,,True,False
year_3_000924,year_3,NOT_ASKED,False,True,False,False,False,True,True
year_3_000925,year_3,NOT_ASKED,False,True,False,False,True,True,True
year_3_000926,year_3,NOT_ASKED,False,False,False,True,False,True,True
year_3_000927,year_3,NOT_ASKED,,,,,,True,False
year_3_000928,year_3,NOT_ASKED,,,,,,True,False
year_3_000929,year_3,NOT_ASKED,False,False,True,True,False,True,True
year_3_000930,year_3,NOT_ASKED,,,,,,True,False
year_3_000931,year_3,NOT_ASKED,False,True,False,False,True,True,True
year_3_000932,year_3,NOT_ASKED,False,True,True,False,False,True,True
year_3_000933,year_3,NOT_ASKED,,,,,,True,False
year_3_000934,year_3,SECONDARY_INITIATIVE,,,,,,True,False
year_3_000935,year_3,NOT_ASKED,False,True,False,False,False,True,True
year_3_000936,year_3,NOT_ASKED,False,False,False,True,False,True,True
year_3_000937,year_3,NOT_ASKED,False,False,False,True,False,True,True
year_3_000938,year_3,TOP_PRIORITY_MEDIUM_TERM,,,,,,True,False
year_3_000939,year_3,SECONDARY_INITIATIVE,,,,,,True,False
year_3_000940,year_3,NOT_ASKED,,,,,,True,False
year_3_000941,year_3,NOT_ASKED,False,True,False,False,False,True,True
year_3_000942,year_3,NOT_ASKED,False,False,False,True,False,True,True
year_3_000943,year_3,NOT_PRIORITY,,,,,,True,False
year_3_000944,year_3,NOT_ASKED,False,True,False,False,False,True,True
year_3_000945,year_3,TOP_PRIORITY_MAIN,,,,,,True,False
year_3_000946,year_3,NOT_ASKED,False,False,False,True,False,True,True
year_3_000947,year_3,NOT_ASKED,False,False,False,True,False,True,True
year_3_000948,year_3,NOT_ASKED,,,,,,True,False
year_3_000949,year_3,NOT_ASKED,False,False,False,True,True,True,True
year_3_000950,year_3,NOT_ASKED,,,,,,True,False
year_3_000951,year_3,SECONDARY_INITIATIVE,,,,,,True,False
year_3_000952,year_3,NOT_ASKED,,,,,,True,False
year_3_000953,year_3,NOT_ASKED,False,False,False,True,False,True,True
year_3_000954,year_3,NOT_ASKED,False,False,True,False,True,True,True
year_3_000955,year_3,NOT_ASKED,False,True,False,False,False,True,True
year_3_000956,year_3,NOT_ASKED,False,True,False,False,False,True,True
year_3_000957,year_3,NOT_ASKED,False,True,False,False,False,True,True
year_3_000958,year_3,NOT_ASKED,,,,,,True,False
year_3_000959,year_3,NOT_ASKED,,,,,,True,False
year_3_000960,year_3,NOT_ASKED,,,,,,True,False
year_3_000961,year_3,TOP_PRIORITY_MEDIUM_TERM,,,,,,True,False
year_3_000962,year_3,NOT_ASKED,,,,,,True,False
year_3_000963,year_3,NOT_ASKED,False,False,True,True,False,True,True
year_3_000964,year_3,NOT_ASKED,False,False,False,True,True,True,True
year_3_000965,year_3,NOT_ASKED,,,,,,True,False
year_3_000966,year_3,NOT_ASKED,False,True,False,False,False,True,True
year_3_000967,year_3,NOT_ASKED,False,False,False,True,True,True,True
year_3_000968,year_3,NOT_ASKED,False,False,False,False,True,True,True
year_3_000969,year_3,NOT_ASKED,,,,,,True,False
year_3_000970,year_3,NOT_ASKED,,,,,,True,False
year_3_000971,year_3,NOT_ASKED,,,,,,True,False
year_3_000972,year_3,TOP_PRIORITY_MEDIUM_TERM,,,,,,True,False
year_3_000973,year_3,NOT_ASKED,False,False,True,False,False,True,True
year_3_000974,year_3,NOT_ASKED,False,False,False,True,False,True,True
year_3_000975,year_3,NOT_ASKED,False,False,True,False,False,True,True
year_3_000976,year_3,NOT_ASKED,False,False,False,False,True,True,True
year_3_000977,year_3,SECONDARY_INITIATIVE,,,,,,True,False
year_3_000978,year_3,NOT_ASKED,False,True,False,False,False,True,True
year_3_000979,year_3,NOT_ASKED,False,False,True,False,True,True,True
year_3_000980,year_3,TOP_PRIORITY_MEDIUM_TERM,,,,,,True,False
year_3_000981,year_3,NOT_ASKED,False,False,True,False,False,True,True
year_3_000982,year_3,SECONDARY_INITIATIVE,,,,,,True,False
year_3_000983,year_3,NOT_PRIORITY,,,,,,True,False
year_3_000984,year_3,NOT_ASKED,,,,,,True,False
year_3_000985,year_3,NOT_ASKED,False,False,False,True,False,True,True
year_3_000986,year_3,NOT_PRIORITY,,,,,,True,False
year_3_000987,year_3,TOP_PRIORITY_MEDIUM_TERM,,,,,,True,False
year_3_000988,year_3,NOT_ASKED,,,,,,True,False
year_3_000989,year_3,NOT_ASKED,False,False,False,True,False,True,True
year_3_000990,year_3,NOT_ASKED,,,,,,True,False
year_3_000991,year_3,NOT_ASKED,,,,,,True,False
year_3_000992,year_3,NOT_ASKED,False,False,True,True,False,True,True
year_3_000993,year_3,NOT_ASKED,,,,,,True,False
year_3_000994,year_3,NOT_ASKED,False,True,False,False,False,True,True
year_3_000995,year_3,NOT_ASKED,False,False,True,False,False,True,True
year_3_000996,year_3,NOT_ASKED,False,False,True,False,False,True,True
year_3_000997,year_3,SECONDARY_INITIATIVE,,,,,,True,False
year_3_000998,year_3,NOT_ASKED,True,False,False,False,False,True,True
year_3_000999,year_3,NOT_ASKED,False,True,False,False,True,True,True
year_3_001000,year_3,NOT_ASKED,False,False,False,True,False,True,True
year_3_001001,year_3,NOT_ASKED,False,True,False,False,False,True,True
year_3_001002,year_3,NOT_ASKED,,,,,,True,False
year_3_001003,year_3,NOT_ASKED,False,False,True,False,False,True,True
year_3_001004,year_3,NOT_ASKED,False,False,True,False,False,True,True
year_3_001005,year_3,NOT_ASKED,False,True,False,False,True,True,True
year_3_001006,year_3,NOT_ASKED,,,,,,True,False
year_3_001007,year_3,NOT_ASKED,False,False,False,True,False,True,True
year_3_001008,year_3,NOT_ASKED,,,,,,True,False
year_3_001009,year_3,NOT_ASKED,False,False,False,False,True,True,True
year_3_001010,year_3,NOT_ASKED,False,False,True,True,False,True,True
year_3_001011,year_3,NOT_ASKED,False,False,True,False,False,True,True
year_3_001012,year_3,NOT_ASKED,False,True,False,False,False,True,True
year_3_001013,year_3,NOT_ASKED,False,False,True,True,False,True,True
year_3_001014,year_3,NOT_ASKED,False,False,False,True,False,True,True
year_3_001015,year_3,NOT_ASKED,False,False,False,True,True,True,True
year_3_001016,year_3,NOT_ASKED,False,False,False,False,True,True,True
year_3_001017,year_3,NOT_ASKED,False,False,True,False,True,True,True
year_3_001018,year_3,NOT_PRIORITY,,,,,,True,False
year_3_001019,year_3,NOT_ASKED,,,,,,True,False
year_3_001020,year_3,TOP_PRIORITY_MEDIUM_TERM,,,,,,True,False
year_3_001021,year_3,SECONDARY_INITIATIVE,,,,,,True,False
year_3_001022,year_3,SECONDARY_INITIATIVE,,,,,,True,False
year_3_001023,year_3,NOT_ASKED,False,True,False,False,False,True,True
year_3_001024,year_3,NOT_PRIORITY,,,,,,True,False
year_3_001025,year_3,NOT_ASKED,False,False,True,False,False,True,True
year_3_001026,year_3,SECONDARY_INITIATIVE,,,,,,True,False
year_3_001027,year_3,NOT_ASKED,False,False,False,True,False,True,True
year_3_001028,year_3,NOT_ASKED,,,,,,True,False
year_3_001029,year_3,NOT_ASKED,False,True,False,False,True,True,True
year_3_001030,year_3,NOT_ASKED,False,True,False,False,False,True,True
year_3_001031,year_3,NOT_ASKED,,,,,,True,False
year_3_001032,year_3,NOT_ASKED,,,,,,True,False
year_3_001033,year_3,NOT_ASKED,False,True,False,False,True,True,True
year_3_001034,year_3,NOT_ASKED,False,True,False,False,False,True,True
year_3_001035,year_3,NOT_ASKED,False,False,False,True,False,True,True
year_3_001036,year_3,NOT_ASKED,False,False,False,True,True,True,True
year_3_001037,year_3,TOP_PRIORITY_MEDIUM_TERM,,,,,,True,False
year_3_001038,year_3,NOT_ASKED,False,True,False,False,False,True,True
year_3_001039,year_3,NOT_ASKED,,,,,,True,False
year_3_001040,year_3,TOP_PRIORITY_MAIN,,,,,,True,False
year_3_001041,year_3,NOT_ASKED,False,False,False,True,False,True,True
year_3_001042,year_3,NOT_ASKED,False,True,False,False,False,True,True
year_3_001043,year_3,NOT_ASKED,,,,,,True,False
year_3_001044,year_3,NOT_ASKED,False,True,False,False,False,True,True
year_3_001045,year_3,TOP_PRIORITY_MEDIUM_TERM,,,,,,True,False
year_3_001046,year_3,NOT_ASKED,False,False,True,False,False,True,True
year_3_001047,year_3,NOT_ASKED,False,False,True,False,False,True,True
year_3_001048,year_3,TOP_PRIORITY_MEDIUM_TERM,,,,,,True,False
year_3_001049,year_3,NOT_ASKED,False,True,False,False,False,True,True
year_3_001050,year_3,NOT_ASKED,False,False,True,False,False,True,True
year_3_001051,year_3,TOP_PRIORITY_MEDIUM_TERM,,,,,,True,False
year_3_001052,year_3,NOT_ASKED,False,False,False,True,True,True,True
year_3_001053,year_3,SECONDARY_INITIATIVE,,,,,,True,False
year_3_001054,year_3,NOT_ASKED,,,,,,True,False
year_3_001055,year_3,NOT_PRIORITY,,,,,,True,False
year_3_001056,year_3,NOT_ASKED,False,False,True,False,True,True,True
year_3_001057,year_3,NOT_ASKED,,,,,,True,False
year_3_001058,year_3,TOP_PRIORITY_MAIN,,,,,,True,False
year_3_001059,year_3,NOT_ASKED,False,False,False,True,True,True,True
year_3_001060,year_3,NOT_ASKED,False,True,False,False,False,True,True
year_3_001061,year_3,NOT_ASKED,False,False,True,False,False,True,True
year_3_001062,year_3,NOT_ASKED,False,True,False,False,False,True,True
year_3_001063,year_3,NOT_ASKED,False,False,False,True,False,True,True
year_3_001064,year_3,NOT_ASKED,False,True,False,False,False,True,True
year_3_001065,year_3,SECONDARY_INITIATIVE,,,,,,True,False
year_3_001066,year_3,SECONDARY_INITIATIVE,,,,,,True,False
year_3_001067,year_3,NOT_ASKED,False,False,False,True,False,True,True
year_3_001068,year_3,TOP_PRIORITY_MAIN,,,,,,True,False
year_3_001069,year_3,NOT_ASKED,False,False,True,False,False,True,True
year_3_001070,year_3,NOT_ASKED,False,True,False,False,False,True,True
year_3_001071,year_3,SECONDARY_INITIATIVE,,,,,,True,False
year_3_001072,year_3,NOT_ASKED,False,False,False,True,False,True,True
year_3_001073,year_3,NOT_ASKED,False,False,True,False,False,True,True
year_3_001074,year_3,NOT_ASKED,False,False,False,True,False,True,True
year_3_001075,year_3,NOT_ASKED,False,True,False,False,False,True,True
year_3_001076,year_3,NOT_ASKED,,,,,,True,False
year_3_001077,year_3,SECONDARY_INITIATIVE,,,,,,True,False
year_3_001078,year_3,NOT_ASKED,False,False,True,True,False,True,True
year_3_001079,year_3,NOT_ASKED,False,True,False,False,True,True,True
year_3_001080,year_3,NOT_ASKED,False,False,True,False,True,True,True
year_3_001081,year_3,NOT_ASKED,False,True,False,False,True,True,True
year_3_001082,year_3,TOP_PRIORITY_MAIN,,,,,,True,False
year_3_001083,year_3,NOT_ASKED,,,,,,True,False
year_3_001084,year_3,TOP_PRIORITY_MEDIUM_TERM,,,,,,True,False
year_3_001085,year_3,NOT_ASKED,False,True,False,False,True,True,True
year_3_001086,year_3,NOT_ASKED,False,False,False,False,True,True,True
year_3_001087,year_3,NOT_ASKED,False,False,False,False,True,True,True
year_3_001088,year_3,TOP_PRIORITY_MEDIUM_TERM,,,,,,True,False
year_3_001089,year_3,TOP_PRIORITY_MAIN,,,,,,True,False
year_3_001090,year_3,NOT_ASKED,False,True,False,False,False,True,True
year_3_001091,year_3,NOT_ASKED,False,True,False,False,False,True,True
year_3_001092,year_3,NOT_ASKED,False,False,False,True,False,True,True
year_3_001093,year_3,NOT_ASKED,False,True,False,False,False,True,True
year_3_001094,year_3,TOP_PRIORITY_MEDIUM_TERM,,,,,,True,False
year_3_001095,year_3,NOT_ASKED,False,True,False,False,True,True,True
year_3_001096,year_3,NOT_PRIORITY,,,,,,True,False
year_3_001097,year_3,NOT_PRIORITY,,,,,,True,False
year_3_001098,year_3,NOT_ASKED,False,False,True,False,False,True,True
year_3_001099,year_3,TOP_PRIORITY_MAIN,,,,,,True,False
year_3_001100,year_3,NOT_ASKED,False,True,False,False,True,True,True
year_3_001101,year_3,NOT_ASKED,False,True,False,False,True,True,True
year_3_001102,year_3,NOT_ASKED,,,,,,True,False
year_3_001103,year_3,NOT_ASKED,,,,,,True,False
year_3_001104,year_3,NOT_ASKED,False,False,False,True,False,True,True
year_3_001105,year_3,NOT_ASKED,False,True,False,False,False,True,True
year_3_001106,year_3,TOP_PRIORITY_MEDIUM_TERM,,,,,,True,False
year_3_001107,year_3,NOT_ASKED,False,True,False,False,False,True,True
year_3_001108,year_3,NOT_ASKED,False,False,False,True,False,True,True
year_3_001109,year_3,TOP_PRIORITY_MEDIUM_TERM,,,,,,True,False
year_3_001110,year_3,TOP_PRIORITY_MEDIUM_TERM,,,,,,True,False
year_3_001111,year_3,TOP_PRIORITY_MAIN,,,,,,True,False
year_3_001112,year_3,NOT_ASKED,False,True,True,False,False,True,True
year_3_001113,year_3,NOT_ASKED,False,False,False,True,False,True,True
year_3_001114,year_3,NOT_ASKED,False,False,False,True,True,True,True
year_3_001115,year_3,NOT_ASKED,False,True,False,True,False,True,True
year_3_001116,year_3,TOP_PRIORITY_MEDIUM_TERM,,,,,,True,False
year_3_001117,year_3,NOT_PRIORITY,,,,,,True,False
year_3_001118,year_3,TOP_PRIORITY_MEDIUM_TERM,,,,,,True,False
year_3_001119,year_3,NOT_ASKED,False,True,False,False,False,True,True
year_3_001120,year_3,SECONDARY_INITIATIVE,,,,,,True,False
year_3_001121,year_3,NOT_ASKED,False,True,False,False,False,True,True
year_3_001122,year_3,NOT_ASKED,False,True,False,False,True,True,True
year_3_001123,year_3,NOT_ASKED,False,False,False,True,True,True,True
year_3_001124,year_3,NOT_ASKED,False,True,False,False,False,True,True
year_3_001125,year_3,NOT_ASKED,False,True,False,True,False,True,True
year_3_001126,year_3,TOP_PRIORITY_MEDIUM_TERM,,,,,,True,False
year_3_001127,year_3,TOP_PRIORITY_MEDIUM_TERM,,,,,,True,False
year_3_001128,year_3,NOT_ASKED,False,True,False,True,False,True,True
year_3_001129,year_3,NOT_ASKED,False,True,False,False,True,True,True
year_3_001130,year_3,NOT_ASKED,False,False,False,True,False,True,True
year_3_001131,year_3,NOT_ASKED,False,False,True,True,False,True,True
year_3_001132,year_3,TOP_PRIORITY_MEDIUM_TERM,,,,,,True,False
year_3_001133,year_3,NOT_ASKED,False,False,False,True,False,True,True
year_3_001134,year_3,NOT_ASKED,False,True,False,False,False,True,True
year_3_001135,year_3,NOT_ASKED,False,False,False,True,False,True,True
year_3_001136,year_3,NOT_ASKED,,,,,,True,False
year_3_001137,year_3,NOT_PRIORITY,,,,,,True,False
year_3_001138,year_3,NOT_ASKED,,,,,,True,False
year_3_001139,year_3,NOT_ASKED,False,True,False,False,False,True,True
year_3_001140,year_3,NOT_ASKED,False,False,False,True,True,True,True
year_3_001141,year_3,NOT_PRIORITY,,,,,,True,False
year_3_001142,year_3,TOP_PRIORITY_MEDIUM_TERM,,,,,,True,False
year_3_001143,year_3,TOP_PRIORITY_MEDIUM_TERM,,,,,,True,False
year_3_001144,year_3,NOT_ASKED,False,False,True,False,False,True,True
year_3_001145,year_3,NOT_ASKED,,,,,,True,False
year_3_001146,year_3,NOT_ASKED,False,False,False,True,True,True,True
year_3_001147,year_3,TOP_PRIORITY_MEDIUM_TERM,,,,,,True,False
year_3_001148,year_3,TOP_PRIORITY_MEDIUM_TERM,,,,,,True,False
year_3_001149,year_3,NOT_ASKED,,,,,,True,False
year_3_001150,year_3,NOT_ASKED,,,,,,True,False
year_3_001151,year_3,TOP_PRIORITY_MAIN,,,,,,True,False
year_3_001152,year_3,TOP_PRIORITY_MAIN,,,,,,True,False
year_3_001153,year_3,TOP_PRIORITY_MAIN,,,,,,True,False
year_3_001154,year_3,NOT_ASKED,False,False,False,False,True,True,True
year_3_001155,year_3,NOT_ASKED,False,False,True,False,False,True,True
year_3_001156,year_3,TOP_PRIORITY_MEDIUM_TERM,,,,,,True,False
year_3_001157,year_3,NOT_ASKED,False,False,True,False,False,True,True
year_3_001158,year_3,NOT_ASKED,False,False,False,True,True,True,True
year_3_001159,year_3,NOT_ASKED,False,False,False,True,False,True,True
year_3_001160,year_3,NOT_ASKED,False,False,False,True,True,True,True
year_3_001161,year_3,NOT_ASKED,False,False,False,True,False,True,True
year_3_001162,year_3,NOT_ASKED,False,False,False,True,True,True,True
year_3_001163,year_3,NOT_ASKED,False,False,True,False,False,True,True
year_3_001164,year_3,NOT_ASKED,,,,,,True,False
year_3_001165,year_3,SECONDARY_INITIATIVE,,,,,,True,False
year_3_001166,year_3,NOT_ASKED,False,False,False,True,True,True,True
year_3_001167,year_3,NOT_ASKED,False,True,False,True,False,True,True
year_3_001168,year_3,TOP_PRIORITY_MAIN,,,,,,True,False
year_3_001169,year_3,NOT_ASKED,False,False,False,True,False,True,True
year_3_001170,year_3,NOT_ASKED,False,False,False,False,True,True,True
year_3_001171,year_3,NOT_ASKED,,,,,,True,False
year_3_001172,year_3,NOT_ASKED,False,False,True,False,False,True,True
year_3_001173,year_3,NOT_ASKED,False,False,False,True,True,True,True
year_3_001174,year_3,NOT_ASKED,False,False,False,True,False,True,True
year_3_001175,year_3,NOT_ASKED,False,True,False,False,False,True,True
year_3_001176,year_3,SECONDARY_INITIATIVE,,,,,,True,False
year_3_001177,year_3,NOT_ASKED,False,False,True,False,False,True,True
year_3_001178,year_3,NOT_ASKED,False,True,True,False,False,True,True
year_3_001179,year_3,NOT_ASKED,True,False,False,False,False,True,True
year_3_001180,year_3,NOT_ASKED,False,False,False,True,True,True,True
year_3_001181,year_3,NOT_ASKED,False,True,False,False,False,True,True
year_3_001182,year_3,NOT_ASKED,False,True,False,False,False,True,True
year_3_001183,year_3,NOT_ASKED,False,False,False,True,False,True,True
year_3_001184,year_3,TOP_PRIORITY_MEDIUM_TERM,,,,,,True,False
year_3_001185,year_3,NOT_ASKED,False,True,False,False,False,True,True
year_3_001186,year_3,NOT_ASKED,False,False,True,False,False,True,True
year_3_001187,year_3,NOT_ASKED,False,True,False,False,True,True,True
year_3_001188,year_3,NOT_ASKED,False,True,False,False,False,True,True
year_3_001189,year_3,NOT_ASKED,False,False,True,True,False,True,True
year_3_001190,year_3,NOT_ASKED,False,True,False,False,False,True,True
year_3_001191,year_3,NOT_ASKED,False,False,True,True,False,True,True
year_3_001192,year_3,NOT_ASKED,False,False,True,False,False,True,True
year_3_001193,year_3,NOT_ASKED,,,,,,True,False
year_3_001194,year_3,NOT_ASKED,False,False,False,True,True,True,True
year_3_001195,year_3,NOT_ASKED,False,False,False,True,True,True,True
year_3_001196,year_3,TOP_PRIORITY_MAIN,,,,,,True,False
year_3_001197,year_3,NOT_ASKED,False,False,False,True,False,True,True
year_3_001198,year_3,TOP_PRIORITY_MAIN,,,,,,True,False
year_3_001199,year_3,NOT_ASKED,False,False,False,True,False,True,True
year_3_001200,year_3,NOT_ASKED,False,False,False,True,False,True,True
year_3_001201,year_3,NOT_ASKED,False,True,False,False,True,True,True
year_3_001202,year_3,NOT_PRIORITY,,,,,,True,False
year_3_001203,year_3,NOT_ASKED,False,False,False,True,False,True,True
year_3_001204,year_3,NOT_ASKED,,,,,,True,False
year_3_001205,year_3,NOT_ASKED,False,False,True,True,False,True,True
year_3_001206,year_3,NOT_ASKED,,,,,,True,False
year_3_001207,year_3,NOT_ASKED,False,True,False,False,False,True,True
year_3_001208,year_3,TOP_PRIORITY_MEDIUM_TERM,,,,,,True,False
year_3_001209,year_3,NOT_ASKED,False,False,False,False,True,True,True
year_3_001210,year_3,NOT_ASKED,False,False,False,False,True,True,True
year_3_001211,year_3,NOT_ASKED,False,False,True,True,False,True,True
year_3_001212,year_3,TOP_PRIORITY_MAIN,,,,,,True,False
year_3_001213,year_3,NOT_ASKED,False,False,True,False,False,True,True
year_3_001214,year_3,NOT_ASKED,False,False,True,True,False,True,True
year_3_001215,year_3,NOT_ASKED,False,False,False,True,False,True,True
year_3_001216,year_3,NOT_ASKED,False,True,False,False,False,True,True
year_3_001217,year_3,TOP_PRIORITY_MEDIUM_TERM,,,,,,True,False
year_3_001218,year_3,NOT_ASKED,False,False,False,True,True,True,True
year_3_001219,year_3,NOT_ASKED,False,False,False,True,False,True,True
year_3_001220,year_3,SECONDARY_INITIATIVE,,,,,,True,False
year_3_001221,year_3,NOT_ASKED,False,True,False,False,True,True,True
year_3_001222,year_3,NOT_ASKED,False,False,False,True,False,True,True
year_3_001223,year_3,TOP_PRIORITY_MEDIUM_TERM,,,,,,True,False
year_3_001224,year_3,NOT_ASKED,False,True,False,True,False,True,True
year_3_001225,year_3,NOT_ASKED,False,False,False,True,True,True,True
year_3_001226,year_3,NOT_ASKED,False,False,False,True,True,True,True
year_3_001227,year_3,NOT_ASKED,False,False,False,True,False,True,True
year_3_001228,year_3,NOT_ASKED,False,False,False,True,True,True,True
year_3_001229,year_3,NOT_ASKED,False,False,True,False,False,True,True
year_3_001230,year_3,NOT_ASKED,,,,,,True,False
year_3_001231,year_3,NOT_ASKED,False,False,False,True,False,True,True
year_3_001232,year_3,NOT_ASKED,False,False,True,False,False,True,True
year_3_001233,year_3,NOT_ASKED,False,False,False,True,True,True,True
year_3_001234,year_3,NOT_ASKED,False,False,False,True,False,True,True
year_3_001235,year_3,NOT_ASKED,False,True,False,False,True,True,True
year_3_001236,year_3,TOP_PRIORITY_MEDIUM_TERM,,,,,,True,False
year_3_001237,year_3,NOT_ASKED,False,False,True,False,True,True,True
year_3_001238,year_3,NOT_ASKED,False,False,True,True,False,True,True
year_3_001239,year_3,NOT_ASKED,False,True,False,False,False,True,True
year_3_001240,year_3,NOT_ASKED,False,False,False,False,True,True,True
year_3_001241,year_3,NOT_ASKED,False,True,False,False,False,True,True
year_3_001242,year_3,NOT_ASKED,False,False,True,False,True,True,True
year_3_001243,year_3,NOT_ASKED,False,False,False,True,False,True,True
year_3_001244,year_3,NOT_ASKED,False,True,False,False,False,True,True
year_3_001245,year_3,NOT_ASKED,False,True,False,False,False,True,True
year_3_001246,year_3,NOT_ASKED,False,False,False,True,False,True,True
year_3_001247,year_3,NOT_ASKED,False,False,False,True,False,True,True
year_3_001248,year_3,NOT_ASKED,False,False,False,True,False,True,True
year_3_001249,year_3,NOT_ASKED,False,False,True,True,False,True,True
year_3_001250,year_3,NOT_ASKED,False,True,False,False,False,True,True
year_3_001251,year_3,NOT_ASKED,False,True,False,False,False,True,True
year_3_001252,year_3,SECONDARY_INITIATIVE,,,,,,True,False
year_3_001253,year_3,SECONDARY_INITIATIVE,,,,,,True,False
year_3_001254,year_3,TOP_PRIORITY_MEDIUM_TERM,,,,,,True,False
year_3_001255,year_3,NOT_ASKED,,,,,,True,False
year_3_001256,year_3,NOT_ASKED,,,,,,True,False
year_3_001257,year_3,NOT_ASKED,False,False,False,True,False,True,True
year_3_001258,year_3,NOT_ASKED,False,False,False,False,True,True,True
year_3_001259,year_3,NOT_ASKED,False,False,False,True,True,True,True
year_3_001260,year_3,NOT_PRIORITY,,,,,,True,False
year_3_001261,year_3,NOT_ASKED,False,False,False,True,True,True,True
year_3_001262,year_3,NOT_PRIORITY,,,,,,True,False
year_3_001263,year_3,TOP_PRIORITY_MEDIUM_TERM,,,,,,True,False
year_3_001264,year_3,TOP_PRIORITY_MEDIUM_TERM,,,,,,True,False
year_3_001265,year_3,NOT_ASKED,False,False,False,True,False,True,True
year_3_001266,year_3,NOT_ASKED,False,False,False,True,True,True,True
year_3_001267,year_3,NOT_ASKED,False,False,False,True,False,True,True
year_3_001268,year_3,TOP_PRIORITY_MAIN,,,,,,True,False
year_3_001269,year_3,NOT_ASKED,,,,,,True,False
year_3_001270,year_3,NOT_ASKED,,,,,,True,False
year_3_001271,year_3,NOT_ASKED,False,False,False,True,False,True,True
year_3_001272,year_3,NOT_ASKED,False,False,False,True,False,True,True
year_3_001273,year_3,NOT_ASKED,False,False,False,True,False,True,True
year_3_001274,year_3,TOP_PRIORITY_MAIN,,,,,,True,False
year_3_001275,year_3,NOT_ASKED,False,False,True,False,False,True,True
year_3_001276,year_3,NOT_ASKED,False,False,True,False,False,True,True
year_3_001277,year_3,NOT_ASKED,False,False,True,False,False,True,True
year_3_001278,year_3,NOT_ASKED,False,False,True,True,False,True,True
year_3_001279,year_3,NOT_ASKED,False,False,False,True,False,True,True
year_3_001280,year_3,NOT_ASKED,False,False,True,False,False,True,True
year_3_001281,year_3,SECONDARY_INITIATIVE,,,,,,True,False
year_3_001282,year_3,NOT_PRIORITY,,,,,,True,False
year_3_001283,year_3,TOP_PRIORITY_MAIN,,,,,,True,False
year_3_001284,year_3,NOT_ASKED,False,True,False,False,False,True,True
year_3_001285,year_3,NOT_ASKED,False,False,False,False,True,True,True
year_3_001286,year_3,NOT_ASKED,False,False,False,True,False,True,True
year_3_001287,year_3,NOT_ASKED,False,True,False,False,False,True,True
year_3_001288,year_3,NOT_ASKED,False,True,False,False,False,True,True
year_3_001289,year_3,NOT_ASKED,False,False,False,True,True,True,True
year_3_001290,year_3,NOT_ASKED,False,True,False,False,False,True,True
year_3_001291,year_3,NOT_ASKED,False,True,False,False,False,True,True
year_3_001292,year_3,SECONDARY_INITIATIVE,,,,,,True,False
year_3_001293,year_3,NOT_ASKED,False,True,False,False,True,True,True
year_3_001294,year_3,NOT_ASKED,False,True,False,False,False,True,True
year_3_001295,year_3,NOT_ASKED,False,False,False,True,False,True,True
year_3_001296,year_3,TOP_PRIORITY_MAIN,,,,,,True,False
year_3_001297,year_3,NOT_ASKED,False,True,False,False,False,True,True
year_3_001298,year_3,NOT_ASKED,,,,,,True,False
year_3_001299,year_3,NOT_ASKED,False,True,True,False,False,True,True
year_3_001300,year_3,NOT_ASKED,,,,,,True,False
year_3_001301,year_3,NOT_ASKED,False,False,False,True,True,True,True
year_3_001302,year_3,NOT_ASKED,False,True,False,False,False,True,True
year_3_001303,year_3,SECONDARY_INITIATIVE,,,,,,True,False
year_3_001304,year_3,NOT_PRIORITY,,,,,,True,False
year_3_001305,year_3,NOT_ASKED,False,False,False,True,False,True,True
year_3_001306,year_3,NOT_ASKED,False,False,False,True,True,True,True
year_3_001307,year_3,NOT_ASKED,False,False,True,False,False,True,True
year_3_001308,year_3,NOT_ASKED,False,True,False,False,True,True,True
year_3_001309,year_3,NOT_ASKED,False,False,False,True,True,True,True
year_3_001310,year_3,NOT_ASKED,False,False,True,False,False,True,True
year_3_001311,year_3,TOP_PRIORITY_MEDIUM_TERM,,,,,,True,False
year_3_001312,year_3,TOP_PRIORITY_MEDIUM_TERM,,,,,,True,False
year_3_001313,year_3,NOT_PRIORITY,,,,,,True,False
year_3_001314,year_3,NOT_ASKED,False,True,False,False,False,True,True
year_3_001315,year_3,SECONDARY_INITIATIVE,,,,,,True,False
year_3_001316,year_3,NOT_ASKED,,,,,,True,False
year_3_001317,year_3,NOT_ASKED,False,False,False,True,False,True,True
year_3_001318,year_3,NOT_ASKED,False,True,False,False,False,True,True
year_3_001319,year_3,NOT_ASKED,False,False,False,True,False,True,True
year_3_001320,year_3,NOT_ASKED,False,False,True,False,True,True,True
year_3_001321,year_3,NOT_ASKED,,,,,,True,False
year_3_001322,year_3,TOP_PRIORITY_MEDIUM_TERM,,,,,,True,False
year_3_001323,year_3,NOT_ASKED,False,False,False,True,False,True,True
year_3_001324,year_3,TOP_PRIORITY_MEDIUM_TERM,,,,,,True,False
year_3_001325,year_3,NOT_ASKED,False,False,False,True,False,True,True
year_3_001326,year_3,TOP_PRIORITY_MAIN,,,,,,True,False
year_3_001327,year_3,NOT_ASKED,False,False,False,True,True,True,True
year_3_001328,year_3,NOT_ASKED,False,False,False,True,False,True,True
year_3_001329,year_3,NOT_ASKED,False,False,True,True,False,True,True
year_3_001330,year_3,TOP_PRIORITY_MAIN,,,,,,True,False
year_3_001331,year_3,NOT_ASKED,False,True,False,False,False,True,True
year_3_001332,year_3,NOT_ASKED,False,False,True,False,True,True,True
year_3_001333,year_3,NOT_ASKED,False,False,False,False,True,True,True
year_3_001334,year_3,NOT_ASKED,False,False,True,False,False,True,True
year_3_001335,year_3,SECONDARY_INITIATIVE,,,,,,True,False
year_3_001336,year_3,NOT_ASKED,False,False,False,False,True,True,True
year_3_001337,year_3,NOT_ASKED,False,True,False,False,False,True,True
year_3_001338,year_3,NOT_ASKED,False,False,True,False,False,True,True
year_3_001339,year_3,TOP_PRIORITY_MEDIUM_TERM,,,,,,True,False
year_3_001340,year_3,NOT_ASKED,False,False,True,False,False,True,True
year_3_001341,year_3,NOT_ASKED,False,True,False,False,True,True,True
year_3_001342,year_3,NOT_ASKED,,,,,,True,False
year_3_001343,year_3,NOT_ASKED,True,False,True,False,False,True,True
year_3_001344,year_3,NOT_PRIORITY,,,,,,True,False
year_3_001345,year_3,NOT_ASKED,False,False,False,False,True,True,True
year_3_001346,year_3,NOT_ASKED,False,False,True,True,False,True,True
year_3_001347,year_3,TOP_PRIORITY_MAIN,,,,,,True,False
year_3_001348,year_3,NOT_PRIORITY,,,,,,True,False
year_3_001349,year_3,NOT_ASKED,False,False,True,True,False,True,True
year_3_001350,year_3,NOT_ASKED,,,,,,True,False
year_3_001351,year_3,NOT_ASKED,False,False,True,False,True,True,True
year_3_001352,year_3,NOT_PRIORITY,,,,,,True,False
year_3_001353,year_3,TOP_PRIORITY_MEDIUM_TERM,,,,,,True,False
year_3_001354,year_3,NOT_ASKED,False,False,True,True,False,True,True
year_3_001355,year_3,NOT_ASKED,,,,,,True,False
year_3_001356,year_3,NOT_ASKED,False,False,True,False,True,True,True
year_3_001357,year_3,NOT_ASKED,False,False,True,False,False,True,True
year_3_001358,year_3,SECONDARY_INITIATIVE,,,,,,True,False
year_3_001359,year_3,TOP_PRIORITY_MAIN,,,,,,True,False
year_3_001360,year_3,TOP_PRIORITY_MEDIUM_TERM,,,,,,True,False
year_3_001361,year_3,NOT_ASKED,,,,,,True,False
year_3_001362,year_3,NOT_ASKED,,,,,,True,False
year_3_001363,year_3,NOT_ASKED,False,False,True,False,False,True,True
year_3_001364,year_3,NOT_ASKED,False,False,False,True,True,True,True
year_3_001365,year_3,NOT_ASKED,False,True,False,False,False,True,True
year_3_001366,year_3,NOT_ASKED,False,False,False,True,False,True,True
year_3_001367,year_3,NOT_ASKED,,,,,,True,False
year_3_001368,year_3,NOT_ASKED,False,False,False,True,False,True,True
year_3_001369,year_3,NOT_ASKED,False,False,True,False,False,True,True
year_3_001370,year_3,NOT_ASKED,True,False,False,False,False,True,True
year_3_001371,year_3,NOT_ASKED,False,False,False,True,False,True,True
year_3_001372,year_3,NOT_ASKED,False,False,True,False,False,True,True
year_3_001373,year_3,NOT_PRIORITY,,,,,,True,False
year_3_001374,year_3,NOT_ASKED,False,False,False,True,True,True,True
year_3_001375,year_3,SECONDARY_INITIATIVE,,,,,,True,False
year_3_001376,year_3,NOT_ASKED,False,False,False,True,False,True,True
year_3_001377,year_3,NOT_ASKED,False,True,False,False,False,True,True
year_3_001378,year_3,NOT_ASKED,,,,,,True,False
year_3_001379,year_3,NOT_ASKED,False,True,False,False,False,True,True
year_3_001380,year_3,NOT_ASKED,False,True,False,False,False,True,True
year_3_001381,year_3,NOT_ASKED,,,,,,True,False
year_3_001382,year_3,NOT_ASKED,False,True,False,False,False,True,True
year_3_001383,year_3,NOT_ASKED,,,,,,True,False
year_3_001384,year_3,NOT_ASKED,False,False,True,False,False,True,True
year_3_001385,year_3,NOT_ASKED,,,,,,True,False
year_3_001386,year_3,NOT_ASKED,False,False,True,False,False,True,True
year_3_001387,year_3,NOT_ASKED,,,,,,True,False
year_3_001388,year_3,NOT_ASKED,False,False,False,True,False,True,True
year_3_001389,year_3,NOT_ASKED,False,True,False,False,True,True,True
year_3_001390,year_3,NOT_ASKED,False,False,False,True,True,True,True
year_3_001391,year_3,SECONDARY_INITIATIVE,,,,,,True,False
year_3_001392,year_3,NOT_ASKED,False,True,False,False,False,True,True
year_3_001393,year_3,NOT_ASKED,False,False,True,False,False,True,True
year_3_001394,year_3,NOT_ASKED,False,False,False,True,False,True,True
year_3_001395,year_3,NOT_ASKED,False,False,False,True,False,True,True
year_3_001396,year_3,NOT_ASKED,False,False,False,True,True,True,True
year_3_001397,year_3,NOT_ASKED,False,False,True,False,True,True,True
year_3_001398,year_3,NOT_ASKED,False,False,True,False,False,True,True
year_3_001399,year_3,NOT_ASKED,False,False,True,False,True,True,True
year_3_001400,year_3,NOT_ASKED,False,True,False,False,False,True,True
year_3_001401,year_3,NOT_ASKED,False,False,False,True,False,True,True
year_3_001402,year_3,NOT_ASKED,False,True,False,False,False,True,True
year_3_001403,year_3,NOT_ASKED,False,True,False,False,False,True,True
year_3_001404,year_3,NOT_ASKED,,,,,,True,False
year_3_001405,year_3,NOT_ASKED,False,False,True,False,False,True,True
year_3_001406,year_3,NOT_ASKED,False,False,False,True,False,True,True
year_3_001407,year_3,NOT_ASKED,False,True,False,False,False,True,True
year_3_001408,year_3,NOT_ASKED,,,,,,True,False
year_3_001409,year_3,NOT_ASKED,False,True,False,False,False,True,True
year_3_001410,year_3,NOT_ASKED,False,True,False,False,False,True,True
year_3_001411,year_3,NOT_ASKED,False,True,False,False,False,True,True
year_3_001412,year_3,NOT_ASKED,True,False,False,False,False,True,True
year_3_001413,year_3,TOP_PRIORITY_MEDIUM_TERM,,,,,,True,False
year_3_001414,year_3,NOT_ASKED,False,False,True,True,False,True,True
year_3_001415,year_3,NOT_ASKED,False,True,False,False,True,True,True
year_3_001416,year_3,NOT_ASKED,,,,,,True,False
year_3_001417,year_3,NOT_ASKED,False,False,False,True,False,True,True
year_3_001418,year_3,NOT_ASKED,False,True,False,False,False,True,True
year_3_001419,year_3,NOT_ASKED,False,True,False,False,False,True,True
year_3_001420,year_3,NOT_ASKED,False,False,True,False,False,True,True
year_3_001421,year_3,TOP_PRIORITY_MEDIUM_TERM,,,,,,True,False
year_3_001422,year_3,NOT_ASKED,,,,,,True,False
year_3_001423,year_3,NOT_ASKED,False,False,True,False,True,True,True
year_3_001424,year_3,NOT_ASKED,False,False,True,False,False,True,True
year_3_001425,year_3,SECONDARY_INITIATIVE,,,,,,True,False
year_3_001426,year_3,NOT_ASKED,,,,,,True,False
year_3_001427,year_3,NOT_ASKED,False,False,True,False,True,True,True
year_3_001428,year_3,TOP_PRIORITY_MAIN,,,,,,True,False
year_3_001429,year_3,NOT_ASKED,False,False,False,True,True,True,True
year_3_001430,year_3,NOT_ASKED,False,True,False,False,False,True,True
year_3_001431,year_3,NOT_ASKED,False,False,True,False,True,True,True
year_3_001432,year_3,NOT_ASKED,,,,,,True,False
year_3_001433,year_3,NOT_ASKED,False,False,True,False,True,True,True
year_3_001434,year_3,NOT_ASKED,,,,,,True,False
year_3_001435,year_3,NOT_ASKED,False,False,False,False,True,True,True
year_3_001436,year_3,SECONDARY_INITIATIVE,,,,,,True,False
year_3_001437,year_3,SECONDARY_INITIATIVE,,,,,,True,False
year_3_001438,year_3,NOT_ASKED,False,True,False,False,False,True,True
year_3_001439,year_3,NOT_ASKED,False,True,False,False,False,True,True
year_3_001440,year_3,NOT_ASKED,False,True,False,False,False,True,True
year_3_001441,year_3,NOT_ASKED,False,False,True,True,False,True,True
year_3_001442,year_3,NOT_ASKED,False,False,True,False,False,True,True
year_3_001443,year_3,TOP_PRIORITY_MAIN,,,,,,True,False
year_3_001444,year_3,NOT_ASKED,False,True,False,True,False,True,True
year_3_001445,year_3,TOP_PRIORITY_MEDIUM_TERM,,,,,,True,False
year_3_001446,year_3,NOT_ASKED,False,False,False,True,False,True,True
year_3_001447,year_3,NOT_ASKED,False,True,False,False,False,True,True
year_3_001448,year_3,NOT_ASKED,False,False,True,False,False,True,True
year_3_001449,year_3,NOT_ASKED,False,False,True,True,False,True,True
year_3_001450,year_3,TOP_PRIORITY_MEDIUM_TERM,,,,,,True,False
year_3_001451,year_3,NOT_ASKED,False,True,False,False,False,True,True
year_3_001452,year_3,NOT_ASKED,,,,,,True,False
year_3_001453,year_3,NOT_ASKED,False,False,False,True,False,True,True
year_3_001454,year_3,NOT_ASKED,False,False,False,True,False,True,True
year_3_001455,year_3,NOT_ASKED,False,True,False,False,False,True,True
year_3_001456,year_3,NOT_ASKED,False,False,True,False,False,True,True
year_3_001457,year_3,NOT_ASKED,,,,,,True,False
year_3_001458,year_3,SECONDARY_INITIATIVE,,,,,,True,False
year_3_001459,year_3,NOT_ASKED,False,True,False,False,True,True,True
year_3_001460,year_3,NOT_ASKED,,,,,,True,False
year_3_001461,year_3,TOP_PRIORITY_MAIN,,,,,,True,False
year_3_001462,year_3,NOT_ASKED,False,False,True,False,True,True,True
year_3_001463,year_3,NOT_ASKED,False,True,False,False,False,True,True
year_3_001464,year_3,NOT_ASKED,,,,,,True,False
year_3_001465,year_3,NOT_ASKED,,,,,,True,False
year_3_001466,year_3,TOP_PRIORITY_MAIN,,,,,,True,False
year_3_001467,year_3,NOT_ASKED,False,True,False,False,False,True,True
year_3_001468,year_3,NOT_ASKED,False,False,True,False,False,True,True
year_3_001469,year_3,TOP_PRIORITY_MAIN,,,,,,True,False
year_3_001470,year_3,TOP_PRIORITY_MEDIUM_TERM,,,,,,True,False
year_3_001471,year_3,TOP_PRIORITY_MEDIUM_TERM,,,,,,True,False
year_3_001472,year_3,NOT_ASKED,False,False,False,True,False,True,True
year_3_001473,year_3,NOT_ASKED,False,False,False,True,False,True,True
year_3_001474,year_3,NOT_ASKED,False,True,False,True,False,True,True
year_3_001475,year_3,NOT_ASKED,False,False,True,False,False,True,True
year_3_001476,year_3,NOT_ASKED,False,False,False,True,False,True,True
year_3_001477,year_3,NOT_ASKED,,,,,,True,False
year_3_001478,year_3,TOP_PRIORITY_MAIN,,,,,,True,False
year_3_001479,year_3,NOT_ASKED,False,False,True,False,False,True,True
year_3_001480,year_3,TOP_PRIORITY_MEDIUM_TERM,,,,,,True,False
year_3_001481,year_3,TOP_PRIORITY_MEDIUM_TERM,,,,,,True,False
year_3_001482,year_3,NOT_ASKED,False,False,True,False,True,True,True
year_3_001483,year_3,NOT_ASKED,,,,,,True,False
year_3_001484,year_3,NOT_ASKED,False,False,True,False,False,True,True
year_3_001485,year_3,NOT_ASKED,False,True,True,False,False,True,True
year_3_001486,year_3,NOT_ASKED,,,,,,True,False
year_3_001487,year_3,NOT_ASKED,,,,,,True,False
year_3_001488,year_3,NOT_ASKED,,,,,,True,False
year_3_001489,year_3,NOT_ASKED,False,False,True,False,False,True,True
year_3_001490,year_3,NOT_ASKED,False,False,False,True,False,True,True
year_3_001491,year_3,NOT_ASKED,,,,,,True,False
year_3_001492,year_3,NOT_ASKED,False,False,True,False,True,True,True
year_3_001493,year_3,SECONDARY_INITIATIVE,,,,,,True,False
year_3_001494,year_3,NOT_ASKED,False,True,False,False,False,True,True
year_3_001495,year_3,NOT_ASKED,,,,,,True,False
year_3_001496,year_3,SECONDARY_INITIATIVE,,,,,,True,False
year_3_001497,year_3,NOT_ASKED,,,,,,True,False
year_3_001498,year_3,NOT_ASKED,False,True,False,False,False,True,True
year_3_001499,year_3,NOT_ASKED,False,True,False,False,False,True,True
year_3_001500,year_3,SECONDARY_INITIATIVE,,,,,,True,False
year_3_001501,year_3,NOT_ASKED,False,False,False,False,True,True,True
year_3_001502,year_3,NOT_ASKED,False,False,False,True,False,True,True
year_3_001503,year_3,NOT_ASKED,,,,,,True,False
year_3_001504,year_3,NOT_ASKED,False,False,False,True,False,True,True
year_3_001505,year_3,NOT_ASKED,False,False,False,False,True,True,True
year_3_001506,year_3,NOT_ASKED,False,True,False,False,False,True,True
year_3_001507,year_3,NOT_ASKED,False,True,False,False,False,True,True
year_3_001508,year_3,NOT_ASKED,False,True,False,False,True,True,True
year_3_001509,year_3,NOT_ASKED,False,False,False,True,False,True,True
year_3_001510,year_3,NOT_ASKED,False,True,False,False,False,True,True
year_3_001511,year_3,NOT_ASKED,False,False,True,False,False,True,True
year_3_001512,year_3,NOT_ASKED,,,,,,True,False
year_3_001513,year_3,TOP_PRIORITY_MEDIUM_TERM,,,,,,True,False
year_3_001514,year_3,NOT_ASKED,False,False,True,True,False,True,True
year_3_001515,year_3,NOT_ASKED,,,,,,True,False
year_3_001516,year_3,NOT_ASKED,,,,,,True,False
year_3_001517,year_3,NOT_ASKED,False,True,False,False,False,True,True
year_3_001518,year_3,NOT_ASKED,False,True,False,False,False,True,True
year_3_001519,year_3,NOT_ASKED,False,False,False,True,True,True,True
year_3_001520,year_3,NOT_ASKED,False,False,True,False,True,True,True
year_3_001521,year_3,NOT_ASKED,False,False,True,False,False,True,True
year_3_001522,year_3,NOT_ASKED,False,True,False,False,False,True,True
year_3_001523,year_3,NOT_ASKED,False,True,False,False,False,True,True
year_3_001524,year_3,NOT_ASKED,False,False,True,False,False,True,True
year_3_001525,year_3,TOP_PRIORITY_MEDIUM_TERM,,,,,,True,False
year_3_001526,year_3,NOT_ASKED,False,False,True,False,False,True,True
year_3_001527,year_3,NOT_ASKED,False,False,False,True,False,True,True
year_3_001528,year_3,NOT_ASKED,False,False,True,False,True,True,True
year_3_001529,year_3,NOT_ASKED,False,False,True,False,False,True,True
year_3_001530,year_3,TOP_PRIORITY_MAIN,,,,,,True,False
year_3_001531,year_3,NOT_ASKED,False,True,False,False,False,True,True
year_3_001532,year_3,NOT_ASKED,False,False,False,True,True,True,True
year_3_001533,year_3,NOT_ASKED,False,False,True,False,False,True,True
year_3_001534,year_3,TOP_PRIORITY_MAIN,,,,,,True,False
year_3_001535,year_3,SECONDARY_INITIATIVE,,,,,,True,False
year_3_001536,year_3,NOT_ASKED,False,False,False,True,False,True,True
year_3_001537,year_3,NOT_ASKED,False,False,False,True,True,True,True
year_3_001538,year_3,NOT_ASKED,,,,,,True,False
year_3_001539,year_3,TOP_PRIORITY_MEDIUM_TERM,,,,,,True,False
year_3_001540,year_3,NOT_ASKED,,,,,,True,False
year_3_001541,year_3,NOT_ASKED,False,False,True,True,False,True,True
year_3_001542,year_3,NOT_ASKED,False,True,False,False,True,True,True
year_3_001543,year_3,NOT_ASKED,False,False,False,False,True,True,True
year_3_001544,year_3,NOT_PRIORITY,,,,,,True,False
year_3_001545,year_3,NOT_ASKED,False,True,False,False,False,True,True
year_3_001546,year_3,NOT_ASKED,False,False,True,False,True,True,True
year_3_001547,year_3,SECONDARY_INITIATIVE,,,,,,True,False
year_3_001548,year_3,TOP_PRIORITY_MEDIUM_TERM,,,,,,True,False
year_3_001549,year_3,NOT_ASKED,,,,,,True,False
year_3_001550,year_3,NOT_PRIORITY,,,,,,True,False
year_3_001551,year_3,TOP_PRIORITY_MEDIUM_TERM,,,,,,True,False
year_3_001552,year_3,NOT_ASKED,False,True,False,False,False,True,True
year_3_001553,year_3,NOT_ASKED,False,False,False,True,True,True,True
year_3_001554,year_3,NOT_ASKED,False,False,False,False,True,True,True
year_3_001555,year_3,NOT_ASKED,False,False,True,False,False,True,True
year_3_001556,year_3,NOT_ASKED,,,,,,True,False
year_3_001557,year_3,NOT_ASKED,,,,,,True,False
year_3_001558,year_3,NOT_ASKED,False,False,True,False,False,True,True
year_3_001559,year_3,NOT_ASKED,,,,,,True,False
year_3_001560,year_3,NOT_ASKED,False,False,True,False,False,True,True
year_3_001561,year_3,NOT_ASKED,,,,,,True,False
year_3_001562,year_3,NOT_ASKED,False,False,False,True,False,True,True
year_3_001563,year_3,NOT_ASKED,False,False,True,False,False,True,True
year_3_001564,year_3,NOT_ASKED,,,,,,True,False
year_3_001565,year_3,NOT_ASKED,False,True,False,False,False,True,True
year_3_001566,year_3,NOT_ASKED,,,,,,True,False
year_3_001567,year_3,NOT_ASKED,,,,,,True,False
year_3_001568,year_3,NOT_ASKED,False,False,True,False,False,True,True
year_3_001569,year_3,NOT_ASKED,False,False,True,False,False,True,True
year_3_001570,year_3,NOT_ASKED,False,True,False,False,True,True,True
year_3_001571,year_3,NOT_ASKED,False,False,False,True,False,True,True
year_3_001572,year_3,NOT_ASKED,False,False,True,False,False,True,True
year_3_001573,year_3,NOT_ASKED,False,True,False,False,False,True,True
year_3_001574,year_3,NOT_ASKED,,,,,,True,False
year_3_001575,year_3,NOT_ASKED,False,True,False,False,False,True,True
year_3_001576,year_3,NOT_ASKED,False,False,True,False,False,True,True
year_3_001577,year_3,NOT_PRIORITY,,,,,,True,False
year_3_001578,year_3,NOT_ASKED,False,True,False,False,True,True,True
year_3_001579,year_3,NOT_PRIORITY,,,,,,True,False
year_3_001580,year_3,NOT_ASKED,False,True,False,False,False,True,True
year_3_001581,year_3,NOT_ASKED,False,True,False,False,True,True,True
year_3_001582,year_3,NOT_ASKED,False,True,False,True,False,True,True
year_3_001583,year_3,NOT_ASKED,False,False,False,True,False,True,True
year_3_001584,year_3,NOT_ASKED,False,False,True,False,False,True,True
year_3_001585,year_3,TOP_PRIORITY_MEDIUM_TERM,,,,,,True,False
year_3_001586,year_3,NOT_ASKED,False,True,False,False,True,True,True
year_3_001587,year_3,NOT_ASKED,False,True,False,False,False,True,True
year_3_001588,year_3,NOT_ASKED,False,False,False,True,False,True,True
year_3_001589,year_3,TOP_PRIORITY_MAIN,,,,,,True,False
year_3_001590,year_3,NOT_ASKED,False,False,False,True,False,True,True
year_3_001591,year_3,NOT_ASKED,False,False,True,False,False,True,True
year_3_001592,year_3,NOT_ASKED,,,,,,True,False
year_3_001593,year_3,NOT_ASKED,False,False,True,False,False,True,True
year_3_001594,year_3,NOT_ASKED,False,False,False,True,True,True,True
year_3_001595,year_3,NOT_ASKED,False,False,True,False,True,True,True
year_3_001596,year_3,NOT_ASKED,False,True,False,False,False,True,True
year_3_001597,year_3,NOT_ASKED,,,,,,True,False
year_3_001598,year_3,NOT_ASKED,,,,,,True,False
year_3_001599,year_3,NOT_ASKED,False,True,False,False,False,True,True
year_3_001600,year_3,NOT_ASKED,False,True,False,False,False,True,True
year_3_001601,year_3,NOT_ASKED,False,True,False,False,False,True,True
year_3_001602,year_3,NOT_ASKED,False,False,True,False,False,True,True
year_3_001603,year_3,TOP_PRIORITY_MEDIUM_TERM,,,,,,True,False
year_3_001604,year_3,NOT_ASKED,False,True,False,False,False,True,True
year_3_001605,year_3,NOT_ASKED,False,False,False,True,False,True,True
year_3_001606,year_3,NOT_ASKED,False,True,False,False,False,True,True
year_3_001607,year_3,NOT_ASKED,,,,,,True,False
year_3_001608,year_3,NOT_ASKED,False,True,False,False,False,True,True
year_3_001609,year_3,NOT_ASKED,False,False,False,True,True,True,True
year_3_001610,year_3,NOT_ASKED,False,False,False,True,False,True,True
year_3_001611,year_3,NOT_ASKED,,,,,,True,False
year_3_001612,year_3,NOT_ASKED,False,True,False,False,False,True,True
year_3_001613,year_3,NOT_ASKED,,,,,,True,False
year_3_001614,year_3,NOT_ASKED,False,False,True,False,False,True,True
year_3_001615,year_3,NOT_ASKED,False,False,True,False,False,True,True
year_3_001616,year_3,NOT_ASKED,False,False,True,False,False,True,True
year_3_001617,year_3,NOT_ASKED,False,False,False,True,False,True,True
year_3_001618,year_3,NOT_ASKED,,,,,,True,False
year_3_001619,year_3,NOT_ASKED,False,False,False,True,True,True,True
year_3_001620,year_3,NOT_ASKED,False,False,False,True,False,True,True
year_3_001621,year_3,NOT_ASKED,,,,,,True,False
year_3_001622,year_3,NOT_ASKED,False,False,False,True,True,True,True
year_3_001623,year_3,NOT_ASKED,,,,,,True,False
year_3_001624,year_3,NOT_ASKED,True,False,False,False,False,True,True
year_3_001625,year_3,TOP_PRIORITY_MAIN,,,,,,True,False
year_3_001626,year_3,NOT_ASKED,False,False,True,False,False,True,True
year_3_001627,year_3,NOT_ASKED,False,False,False,True,False,True,True
year_3_001628,year_3,NOT_ASKED,,,,,,True,False
year_3_001629,year_3,NOT_ASKED,False,False,False,True,False,True,True
year_3_001630,year_3,NOT_ASKED,False,True,False,False,False,True,True
year_3_001631,year_3,NOT_ASKED,False,False,False,True,False,True,True
year_3_001632,year_3,NOT_ASKED,False,False,False,False,True,True,True
year_3_001633,year_3,NOT_ASKED,False,False,False,True,False,True,True
year_3_001634,year_3,NOT_ASKED,False,True,False,False,False,True,True
year_3_001635,year_3,NOT_ASKED,False,False,False,True,False,True,True
year_3_001636,year_3,SECONDARY_INITIATIVE,,,,,,True,False
year_3_001637,year_3,NOT_ASKED,False,True,False,False,True,True,True
year_3_001638,year_3,NOT_ASKED,False,False,True,False,False,True,True
year_3_001639,year_3,NOT_ASKED,False,False,False,True,False,True,True
year_3_001640,year_3,NOT_ASKED,False,False,True,False,True,True,True
year_3_001641,year_3,NOT_ASKED,,,,,,True,False
year_3_001642,year_3,NOT_ASKED,False,True,False,False,False,True,True
year_3_001643,year_3,NOT_ASKED,False,False,False,True,True,True,True
year_3_001644,year_3,NOT_ASKED,False,False,False,True,True,True,True
year_3_001645,year_3,NOT_ASKED,False,True,False,False,False,True,True
year_3_001646,year_3,TOP_PRIORITY_MAIN,,,,,,True,False
year_3_001647,year_3,NOT_ASKED,False,True,False,False,False,True,True
year_3_001648,year_3,NOT_ASKED,False,False,True,False,False,True,True
year_3_001649,year_3,NOT_ASKED,,,,,,True,False
year_3_001650,year_3,NOT_ASKED,False,True,False,False,False,True,True
year_3_001651,year_3,TOP_PRIORITY_MAIN,,,,,,True,False
year_3_001652,year_3,SECONDARY_INITIATIVE,,,,,,True,False
year_3_001653,year_3,NOT_ASKED,False,False,True,False,False,True,True
year_3_001654,year_3,TOP_PRIORITY_MAIN,,,,,,True,False
year_3_001655,year_3,NOT_ASKED,False,False,False,True,False,True,True
year_3_001656,year_3,NOT_ASKED,False,False,True,False,True,True,True
year_3_001657,year_3,NOT_ASKED,False,False,True,True,False,True,True
year_3_001658,year_3,NOT_PRIORITY,,,,,,True,False
year_3_001659,year_3,SECONDARY_INITIATIVE,,,,,,True,False
year_3_001660,year_3,NOT_ASKED,False,False,False,True,False,True,True
year_3_001661,year_3,NOT_ASKED,False,False,False,True,False,True,True
year_3_001662,year_3,NOT_ASKED,False,False,True,True,False,True,True
year_3_001663,year_3,NOT_ASKED,,,,,,True,False
year_3_001664,year_3,NOT_ASKED,False,False,False,True,False,True,True
year_3_001665,year_3,NOT_ASKED,False,False,False,True,False,True,True
year_3_001666,year_3,NOT_ASKED,,,,,,True,False
year_3_001667,year_3,NOT_ASKED,False,True,False,False,False,True,True
year_3_001668,year_3,TOP_PRIORITY_MAIN,,,,,,True,False
year_3_001669,year_3,TOP_PRIORITY_MAIN,,,,,,True,False
year_3_001670,year_3,TOP_PRIORITY_MAIN,,,,,,True,False
year_3_001671,year_3,NOT_ASKED,False,False,True,True,False,True,True
year_3_001672,year_3,NOT_ASKED,False,True,False,False,False,True,True
year_3_001673,year_3,NOT_ASKED,,,,,,True,False
year_3_001674,year_3,TOP_PRIORITY_MEDIUM_TERM,,,,,,True,False
year_3_001675,year_3,TOP_PRIORITY_MEDIUM_TERM,,,,,,True,False
year_3_001676,year_3,NOT_ASKED,,,,,,True,False
year_3_001677,year_3,NOT_ASKED,,,,,,True,False
year_3_001678,year_3,NOT_ASKED,False,False,False,True,False,True,True
year_3_001679,year_3,NOT_ASKED,False,False,False,True,False,True,True
year_3_001680,year_3,NOT_ASKED,False,False,True,False,False,True,True
year_3_001681,year_3,NOT_ASKED,False,False,True,False,True,True,True
year_3_001682,year_3,NOT_ASKED,,,,,,True,False
year_3_001683,year_3,NOT_ASKED,False,True,False,False,False,True,True
year_3_001684,year_3,NOT_ASKED,False,False,False,True,True,True,True
year_3_001685,year_3,NOT_ASKED,True,False,False,False,False,True,True
year_3_001686,year_3,SECONDARY_INITIATIVE,,,,,,True,False
year_3_001687,year_3,NOT_ASKED,,,,,,True,False
year_3_001688,year_3,NOT_ASKED,False,False,False,True,False,True,True
year_3_001689,year_3,NOT_ASKED,,,,,,True,False
year_3_001690,year_3,NOT_PRIORITY,,,,,,True,False
year_3_001691,year_3,SECONDARY_INITIATIVE,,,,,,True,False
year_3_001692,year_3,TOP_PRIORITY_MAIN,,,,,,True,False
year_3_001693,year_3,NOT_ASKED,False,False,False,True,True,True,True
year_3_001694,year_3,NOT_ASKED,False,False,True,False,False,True,True
year_3_001695,year_3,NOT_ASKED,False,False,False,True,False,True,True
year_3_001696,year_3,TOP_PRIORITY_MEDIUM_TERM,,,,,,True,False
year_3_001697,year_3,NOT_ASKED,False,False,False,True,False,True,True
year_3_001698,year_3,NOT_ASKED,False,True,False,True,False,True,True
year_3_001699,year_3,NOT_ASKED,False,False,True,False,True,True,True
year_3_001700,year_3,NOT_PRIORITY,,,,,,True,False
year_3_001701,year_3,NOT_ASKED,False,False,True,False,False,True,True
year_3_001702,year_3,NOT_ASKED,,,,,,True,False
year_3_001703,year_3,NOT_ASKED,False,False,True,False,False,True,True
year_3_001704,year_3,NOT_ASKED,,,,,,True,False
year_3_001705,year_3,NOT_ASKED,False,False,True,False,False,True,True
year_3_001706,year_3,NOT_ASKED,False,False,True,False,True,True,True
year_3_001707,year_3,NOT_ASKED,False,False,False,True,True,True,True
year_3_001708,year_3,NOT_ASKED,False,True,False,True,False,True,True
year_3_001709,year_3,NOT_ASKED,,,,,,True,False
year_3_001710,year_3,SECONDARY_INITIATIVE,,,,,,True,False
year_3_001711,year_3,NOT_ASKED,False,False,False,False,True,True,True
year_3_001712,year_3,NOT_ASKED,False,True,False,False,False,True,True
year_3_001713,year_3,NOT_ASKED,False,False,True,False,True,True,True
year_3_001714,year_3,NOT_ASKED,False,True,False,False,False,True,True
year_3_001715,year_3,NOT_ASKED,False,False,True,False,False,True,True
year_3_001716,year_3,NOT_ASKED,,,,,,True,False
year_3_001717,year_3,NOT_ASKED,,,,,,True,False
year_3_001718,year_3,NOT_ASKED,True,False,False,False,False,True,True
year_3_001719,year_3,NOT_ASKED,False,True,False,False,False,True,True
year_3_001720,year_3,SECONDARY_INITIATIVE,,,,,,True,False
year_3_001721,year_3,TOP_PRIORITY_MEDIUM_TERM,,,,,,True,False
year_3_001722,year_3,NOT_ASKED,False,False,True,False,True,True,True
year_3_001723,year_3,NOT_ASKED,False,False,True,False,False,True,True
year_3_001724,year_3,NOT_ASKED,False,False,False,True,False,True,True
year_3_001725,year_3,TOP_PRIORITY_MAIN,,,,,,True,False
year_3_001726,year_3,TOP_PRIORITY_MEDIUM_TERM,,,,,,True,False
year_3_001727,year_3,TOP_PRIORITY_MAIN,,,,,,True,False
year_3_001728,year_3,SECONDARY_INITIATIVE,,,,,,True,False
year_3_001729,year_3,NOT_ASKED,False,False,False,True,False,True,True
year_3_001730,year_3,NOT_ASKED,False,True,False,False,False,True,True
year_3_001731,year_3,NOT_ASKED,False,True,False,False,False,True,True
year_3_001732,year_3,NOT_ASKED,False,False,True,False,False,True,True
year_3_001733,year_3,NOT_ASKED,False,True,False,False,False,True,True
year_3_001734,year_3,NOT_ASKED,False,False,False,True,True,True,True
year_3_001735,year_3,SECONDARY_INITIATIVE,,,,,,True,False
year_3_001736,year_3,NOT_ASKED,False,False,False,True,False,True,True
year_3_001737,year_3,NOT_ASKED,,,,,,True,False
year_3_001738,year_3,TOP_PRIORITY_MAIN,,,,,,True,False
year_3_001739,year_3,TOP_PRIORITY_MEDIUM_TERM,,,,,,True,False
year_3_001740,year_3,NOT_ASKED,False,False,True,False,False,True,True
year_3_001741,year_3,NOT_ASKED,False,True,False,False,True,True,True
year_3_001742,year_3,NOT_ASKED,False,False,False,True,True,True,True
year_3_001743,year_3,SECONDARY_INITIATIVE,,,,,,True,False
year_3_001744,year_3,NOT_ASKED,,,,,,True,False
year_3_001745,year_3,NOT_ASKED,False,False,False,True,True,True,True
year_3_001746,year_3,NOT_ASKED,False,True,False,False,False,True,True
year_3_001747,year_3,NOT_ASKED,False,True,False,False,False,True,True
year_3_001748,year_3,SECONDARY_INITIATIVE,,,,,,True,False
year_3_001749,year_3,NOT_ASKED,False,True,False,False,False,True,True
year_3_001750,year_3,SECONDARY_INITIATIVE,,,,,,True,False
year_3_001751,year_3,NOT_ASKED,False,True,False,False,False,True,True
year_3_001752,year_3,NOT_ASKED,False,False,False,True,True,True,True
year_3_001753,year_3,NOT_ASKED,False,False,True,True,False,True,True
year_3_001754,year_3,TOP_PRIORITY_MAIN,,,,,,True,False
year_3_001755,year_3,TOP_PRIORITY_MEDIUM_TERM,,,,,,True,False
year_3_001756,year_3,NOT_ASKED,,,,,,True,False
year_3_001757,year_3,NOT_ASKED,False,True,False,True,False,True,True
year_3_001758,year_3,NOT_ASKED,,,,,,True,False
year_3_001759,year_3,NOT_ASKED,False,False,False,True,False,True,True
year_3_001760,year_3,NOT_ASKED,False,False,True,False,False,True,True
year_3_001761,year_3,NOT_ASKED,False,True,False,False,True,True,True
year_3_001762,year_3,NOT_ASKED,False,False,True,False,False,True,True
year_3_001763,year_3,NOT_ASKED,False,False,False,True,True,True,True
year_3_001764,year_3,NOT_ASKED,False,False,True,False,False,True,True
year_3_001765,year_3,NOT_ASKED,,,,,,True,False
year_3_001766,year_3,NOT_ASKED,,,,,,True,False
year_3_001767,year_3,NOT_ASKED,False,False,True,False,False,True,True
year_3_001768,year_3,NOT_ASKED,,,,,,True,False
year_3_001769,year_3,NOT_ASKED,False,False,True,False,True,True,True
year_3_001770,year_3,NOT_ASKED,False,False,False,False,True,True,True
year_3_001771,year_3,NOT_ASKED,False,False,False,True,True,True,True
year_3_001772,year_3,NOT_ASKED,False,False,False,True,False,True,True
year_3_001773,year_3,NOT_PRIORITY,,,,,,True,False
year_3_001774,year_3,NOT_ASKED,,,,,,True,False
year_3_001775,year_3,NOT_ASKED,False,False,False,True,False,True,True
year_3_001776,year_3,NOT_ASKED,False,False,True,False,False,True,True
year_3_001777,year_3,NOT_ASKED,False,True,False,False,False,True,True
year_3_001778,year_3,TOP_PRIORITY_MEDIUM_TERM,,,,,,True,False
year_3_001779,year_3,NOT_ASKED,,,,,,True,False
year_3_001780,year_3,NOT_ASKED,False,False,False,True,False,True,True
year_3_001781,year_3,NOT_ASKED,False,True,False,False,False,True,True
year_3_001782,year_3,TOP_PRIORITY_MEDIUM_TERM,,,,,,True,False
year_3_001783,year_3,NOT_ASKED,,,,,,True,False
year_3_001784,year_3,NOT_ASKED,False,False,False,True,False,True,True
year_3_001785,year_3,NOT_ASKED,,,,,,True,False
year_3_001786,year_3,NOT_ASKED,False,True,False,False,False,True,True
year_3_001787,year_3,NOT_ASKED,False,False,False,True,True,True,True
year_3_001788,year_3,NOT_ASKED,False,False,True,False,False,True,True
year_3_001789,year_3,NOT_ASKED,False,False,True,False,False,True,True
year_3_001790,year_3,NOT_ASKED,False,False,False,False,True,True,True
year_3_001791,year_3,NOT_ASKED,,,,,,True,False
year_3_001792,year_3,DONT_KNOW,,,,,,True,False
year_3_001793,year_3,NOT_ASKED,False,False,False,True,False,True,True
year_3_001794,year_3,NOT_ASKED,False,False,False,True,True,True,True
year_3_001795,year_3,NOT_ASKED,False,False,True,True,False,True,True
year_3_001796,year_3,NOT_ASKED,False,False,True,True,False,True,True
year_3_001797,year_3,NOT_ASKED,False,True,False,False,False,True,True
year_3_001798,year_3,NOT_ASKED,False,False,False,True,False,True,True
year_3_001799,year_3,NOT_ASKED,False,False,False,True,False,True,True
year_3_001800,year_3,NOT_ASKED,False,True,False,False,True,True,True
year_3_001801,year_3,NOT_ASKED,False,False,False,True,False,True,True
year_3_001802,year_3,NOT_ASKED,False,False,True,False,True,True,True
year_3_001803,year_3,NOT_ASKED,False,False,True,False,False,True,True
year_3_001804,year_3,NOT_ASKED,False,False,True,True,False,True,True
year_3_001805,year_3,NOT_ASKED,False,True,False,False,False,True,True
year_3_001806,year_3,NOT_ASKED,False,True,True,False,False,True,True
year_3_001807,year_3,NOT_ASKED,False,False,True,False,True,True,True
year_3_001808,year_3,SECONDARY_INITIATIVE,,,,,,True,False
year_3_001809,year_3,NOT_ASKED,False,False,True,False,True,True,True
year_3_001810,year_3,NOT_ASKED,False,False,False,True,False,True,True
year_3_001811,year_3,NOT_ASKED,False,False,True,True,False,True,True
year_3_001812,year_3,NOT_ASKED,False,False,False,True,False,True,True
year_3_001813,year_3,TOP_PRIORITY_MEDIUM_TERM,,,,,,True,False
year_3_001814,year_3,NOT_ASKED,False,False,True,True,False,True,True
year_3_001815,year_3,NOT_ASKED,False,True,False,False,False,True,True
year_3_001816,year_3,NOT_ASKED,False,True,False,False,False,True,True
year_3_001817,year_3,TOP_PRIORITY_MEDIUM_TERM,,,,,,True,False
year_3_001818,year_3,NOT_ASKED,True,False,False,False,False,True,True
year_3_001819,year_3,NOT_ASKED,False,False,True,False,False,True,True
year_3_001820,year_3,SECONDARY_INITIATIVE,,,,,,True,False
year_3_001821,year_3,NOT_ASKED,False,True,False,False,True,True,True
year_3_001822,year_3,NOT_ASKED,False,False,False,True,True,True,True
year_3_001823,year_3,NOT_ASKED,False,False,False,True,True,True,True
year_3_001824,year_3,TOP_PRIORITY_MEDIUM_TERM,,,,,,True,False
year_3_001825,year_3,NOT_ASKED,False,False,False,True,False,True,True
year_3_001826,year_3,TOP_PRIORITY_MAIN,,,,,,True,False
year_3_001827,year_3,NOT_ASKED,,,,,,True,False
year_3_001828,year_3,NOT_ASKED,False,True,False,False,False,True,True
year_3_001829,year_3,TOP_PRIORITY_MEDIUM_TERM,,,,,,True,False
year_3_001830,year_3,NOT_ASKED,False,False,True,False,False,True,True
year_3_001831,year_3,NOT_ASKED,False,True,False,False,False,True,True
year_3_001832,year_3,TOP_PRIORITY_MEDIUM_TERM,,,,,,True,False
year_3_001833,year_3,TOP_PRIORITY_MEDIUM_TERM,,,,,,True,False
year_3_001834,year_3,NOT_ASKED,False,False,False,True,False,True,True
year_3_001835,year_3,NOT_ASKED,False,True,False,False,False,True,True
year_3_001836,year_3,NOT_ASKED,False,False,False,True,True,True,True
year_3_001837,year_3,NOT_ASKED,False,False,True,False,True,True,True
year_3_001838,year_3,NOT_ASKED,False,False,False,True,False,True,True
year_3_001839,year_3,SECONDARY_INITIATIVE,,,,,,True,False
year_3_001840,year_3,NOT_ASKED,False,False,True,False,False,True,True
year_3_001841,year_3,NOT_ASKED,False,True,False,False,False,True,True
year_3_001842,year_3,NOT_ASKED,False,True,False,False,False,True,True
year_3_001843,year_3,NOT_ASKED,False,False,False,True,False,True,True
year_3_001844,year_3,NOT_ASKED,False,False,False,True,True,True,True
year_3_001845,year_3,NOT_ASKED,False,False,True,False,False,True,True
year_3_001846,year_3,NOT_ASKED,,,,,,True,False
year_3_001847,year_3,NOT_ASKED,False,False,False,True,False,True,True
year_3_001848,year_3,NOT_ASKED,False,True,False,False,False,True,True
year_3_001849,year_3,NOT_ASKED,False,False,True,False,False,True,True
year_3_001850,year_3,NOT_ASKED,False,True,False,False,True,True,True
year_3_001851,year_3,NOT_ASKED,False,False,True,False,False,True,True
year_3_001852,year_3,TOP_PRIORITY_MEDIUM_TERM,,,,,,True,False
year_3_001853,year_3,NOT_ASKED,False,False,False,True,False,True,True
year_3_001854,year_3,NOT_ASKED,False,False,False,True,False,True,True
year_3_001855,year_3,NOT_ASKED,,,,,,True,False
year_3_001856,year_3,TOP_PRIORITY_MEDIUM_TERM,,,,,,True,False
year_3_001857,year_3,NOT_ASKED,False,False,False,True,True,True,True
year_3_001858,year_3,NOT_ASKED,False,False,True,False,False,True,True
year_3_001859,year_3,NOT_ASKED,False,False,False,True,False,True,True
year_3_001860,year_3,NOT_ASKED,False,False,True,False,True,True,True
year_3_001861,year_3,NOT_ASKED,False,False,True,False,False,True,True
year_3_001862,year_3,NOT_ASKED,False,False,False,True,False,True,True
year_3_001863,year_3,DONT_KNOW,,,,,,True,False
year_3_001864,year_3,NOT_ASKED,False,True,False,False,True,True,True
year_3_001865,year_3,NOT_ASKED,False,True,False,False,False,True,True
year_3_001866,year_3,NOT_ASKED,,,,,,True,False
year_3_001867,year_3,NOT_ASKED,False,False,False,True,False,True,True
year_3_001868,year_3,NOT_ASKED,False,False,False,True,False,True,True
year_3_001869,year_3,NOT_ASKED,False,True,False,False,True,True,True
year_3_001870,year_3,NOT_ASKED,False,True,False,False,False,True,True
year_3_001871,year_3,NOT_ASKED,False,False,False,True,False,True,True
year_3_001872,year_3,NOT_ASKED,False,False,False,False,True,True,True
year_3_001873,year_3,NOT_ASKED,False,False,False,True,False,True,True
year_3_001874,year_3,NOT_ASKED,,,,,,True,False
year_3_001875,year_3,NOT_ASKED,False,False,True,False,False,True,True
year_3_001876,year_3,NOT_PRIORITY,,,,,,True,False
year_3_001877,year_3,TOP_PRIORITY_MAIN,,,,,,True,False
year_3_001878,year_3,NOT_ASKED,False,True,False,False,False,True,True
year_3_001879,year_3,NOT_ASKED,False,False,True,False,False,True,True
year_3_001880,year_3,NOT_ASKED,,,,,,True,False
year_3_001881,year_3,NOT_ASKED,True,False,False,False,False,True,True
year_3_001882,year_3,NOT_ASKED,False,False,False,True,False,True,True
year_3_001883,year_3,NOT_ASKED,False,True,False,False,False,True,True
year_3_001884,year_3,TOP_PRIORITY_MEDIUM_TERM,,,,,,True,False
year_3_001885,year_3,NOT_ASKED,False,False,True,True,False,True,True
year_3_001886,year_3,NOT_ASKED,False,False,False,True,False,True,True
year_3_001887,year_3,NOT_ASKED,False,False,False,True,False,True,True
year_3_001888,year_3,NOT_ASKED,False,True,False,False,False,True,True
year_3_001889,year_3,NOT_ASKED,False,False,False,True,False,True,True
year_3_001890,year_3,NOT_PRIORITY,,,,,,True,False
year_3_001891,year_3,NOT_ASKED,False,False,True,True,False,True,True
year_3_001892,year_3,NOT_ASKED,False,True,False,False,True,True,True
year_3_001893,year_3,TOP_PRIORITY_MAIN,,,,,,True,False
year_3_001894,year_3,NOT_ASKED,False,True,True,False,False,True,True
year_3_001895,year_3,NOT_ASKED,False,False,False,True,True,True,True
year_3_001896,year_3,NOT_ASKED,False,False,False,True,True,True,True
year_3_001897,year_3,NOT_ASKED,False,False,False,True,False,True,True
year_3_001898,year_3,NOT_ASKED,False,False,False,True,True,True,True
year_3_001899,year_3,TOP_PRIORITY_MAIN,,,,,,True,False
year_3_001900,year_3,NOT_ASKED,,,,,,True,False
year_3_001901,year_3,TOP_PRIORITY_MEDIUM_TERM,,,,,,True,False
year_3_001902,year_3,TOP_PRIORITY_MEDIUM_TERM,,,,,,True,False
year_3_001903,year_3,NOT_ASKED,,,,,,True,False
year_3_001904,year_3,NOT_ASKED,,,,,,True,False
year_3_001905,year_3,NOT_ASKED,,,,,,True,False
year_3_001906,year_3,NOT_ASKED,False,False,True,True,False,True,True
year_3_001907,year_3,NOT_ASKED,False,True,False,False,False,True,True
year_3_001908,year_3,NOT_ASKED,False,False,False,True,True,True,True
year_3_001909,year_3,NOT_ASKED,False,False,True,False,True,True,True
year_3_001910,year_3,NOT_ASKED,False,False,True,False,True,True,True
year_3_001911,year_3,NOT_ASKED,False,False,False,False,True,True,True
year_3_001912,year_3,NOT_ASKED,False,False,False,True,True,True,True
year_3_001913,year_3,NOT_ASKED,False,True,False,True,False,True,True
year_3_001914,year_3,NOT_ASKED,True,False,False,False,False,True,True
year_3_001915,year_3,NOT_ASKED,False,False,False,False,True,True,True
year_3_001916,year_3,SECONDARY_INITIATIVE,,,,,,True,False
year_3_001917,year_3,TOP_PRIORITY_MAIN,,,,,,True,False
year_3_001918,year_3,NOT_ASKED,False,False,False,True,True,True,True
year_3_001919,year_3,DONT_KNOW,,,,,,True,False
year_3_001920,year_3,NOT_ASKED,False,True,False,False,False,True,True
year_3_001921,year_3,NOT_ASKED,False,False,True,False,False,True,True
year_3_001922,year_3,NOT_ASKED,False,False,True,False,False,True,True
year_3_001923,year_3,NOT_ASKED,False,False,False,True,False,True,True
year_3_001924,year_3,NOT_ASKED,False,False,False,True,False,True,True
year_3_001925,year_3,NOT_ASKED,,,,,,True,False
year_3_001926,year_3,NOT_ASKED,False,True,False,False,True,True,True
year_3_001927,year_3,SECONDARY_INITIATIVE,,,,,,True,False
year_3_001928,year_3,NOT_ASKED,False,False,False,False,True,True,True
year_3_001929,year_3,NOT_ASKED,False,False,True,True,False,True,True
year_3_001930,year_3,NOT_ASKED,False,False,True,False,True,True,True
year_3_001931,year_3,NOT_ASKED,False,False,True,False,False,True,True
year_3_001932,year_3,TOP_PRIORITY_MEDIUM_TERM,,,,,,True,False
year_3_001933,year_3,NOT_ASKED,False,False,True,False,False,True,True
year_3_001934,year_3,NOT_ASKED,,,,,,True,False
year_3_001935,year_3,NOT_ASKED,False,False,True,False,False,True,True
year_3_001936,year_3,NOT_ASKED,False,False,True,False,False,True,True
year_3_001937,year_3,TOP_PRIORITY_MEDIUM_TERM,,,,,,True,False
year_3_001938,year_3,NOT_ASKED,False,False,True,False,False,True,True
year_3_001939,year_3,NOT_ASKED,False,False,False,True,False,True,True
year_3_001940,year_3,NOT_ASKED,False,False,False,True,True,True,True
year_3_001941,year_3,NOT_ASKED,False,False,True,False,False,True,True
year_3_001942,year_3,NOT_ASKED,False,True,False,False,False,True,True
year_3_001943,year_3,TOP_PRIORITY_MEDIUM_TERM,,,,,,True,False
year_3_001944,year_3,NOT_ASKED,False,False,False,True,False,True,True
year_3_001945,year_3,NOT_ASKED,False,False,False,True,False,True,True
year_3_001946,year_3,TOP_PRIORITY_MEDIUM_TERM,,,,,,True,False
year_3_001947,year_3,SECONDARY_INITIATIVE,,,,,,True,False
year_3_001948,year_3,NOT_ASKED,,,,,,True,False
year_3_001949,year_3,NOT_ASKED,False,False,True,False,False,True,True
year_3_001950,year_3,NOT_ASKED,False,True,False,False,False,True,True
year_3_001951,year_3,NOT_ASKED,False,False,False,False,True,True,True
year_3_001952,year_3,NOT_PRIORITY,,,,,,True,False
year_3_001953,year_3,NOT_ASKED,False,False,True,False,True,True,True
year_3_001954,year_3,NOT_ASKED,False,False,False,True,False,True,True
year_3_001955,year_3,TOP_PRIORITY_MEDIUM_TERM,,,,,,True,False
year_3_001956,year_3,NOT_ASKED,False,True,False,False,True,True,True
year_3_001957,year_3,DONT_KNOW,,,,,,True,False
year_3_001958,year_3,NOT_ASKED,False,True,False,False,False,True,True
year_3_001959,year_3,TOP_PRIORITY_MAIN,,,,,,True,False
year_3_001960,year_3,NOT_ASKED,False,True,False,False,False,True,True
year_3_001961,year_3,NOT_ASKED,False,False,False,True,True,True,True
year_3_001962,year_3,NOT_ASKED,False,False,False,True,False,True,True
year_3_001963,year_3,NOT_ASKED,False,False,False,False,True,True,True
year_3_001964,year_3,NOT_ASKED,False,True,False,False,False,True,True
year_3_001965,year_3,NOT_ASKED,False,True,False,False,False,True,True
year_3_001966,year_3,NOT_ASKED,,,,,,True,False
year_3_001967,year_3,NOT_ASKED,False,False,False,True,False,True,True
year_3_001968,year_3,NOT_ASKED,False,False,True,False,False,True,True
year_3_001969,year_3,NOT_ASKED,False,True,False,True,False,True,True
year_3_001970,year_3,NOT_ASKED,False,False,True,False,False,True,True
year_3_001971,year_3,NOT_ASKED,False,True,False,False,True,True,True
year_3_001972,year_3,NOT_ASKED,False,True,False,False,False,True,True
year_3_001973,year_3,NOT_ASKED,False,True,False,False,False,True,True
year_3_001974,year_3,TOP_PRIORITY_MEDIUM_TERM,,,,,,True,False
year_3_001975,year_3,NOT_ASKED,,,,,,True,False
year_3_001976,year_3,NOT_ASKED,,,,,,True,False
year_3_001977,year_3,NOT_ASKED,False,False,False,True,False,True,True
year_3_001978,year_3,TOP_PRIORITY_MAIN,,,,,,True,False
year_3_001979,year_3,NOT_ASKED,,,,,,True,False
year_3_001980,year_3,NOT_ASKED,False,True,False,False,True,True,True
year_3_001981,year_3,NOT_ASKED,False,True,False,True,False,True,True
year_3_001982,year_3,NOT_ASKED,,,,,,True,False
year_3_001983,year_3,NOT_ASKED,,,,,,True,False
year_3_001984,year_3,NOT_ASKED,False,False,True,False,True,True,True
year_3_001985,year_3,NOT_ASKED,False,False,False,True,False,True,True
year_3_001986,year_3,NOT_ASKED,False,False,True,False,False,True,True
year_3_001987,year_3,NOT_ASKED,False,False,True,False,False,True,True
year_3_001988,year_3,NOT_ASKED,False,True,False,False,False,True,True
year_3_001989,year_3,NOT_ASKED,,,,,,True,False
year_3_001990,year_3,TOP_PRIORITY_MAIN,,,,,,True,False
year_3_001991,year_3,NOT_ASKED,False,True,False,False,False,True,True
year_3_001992,year_3,NOT_ASKED,False,True,False,True,False,True,True
year_3_001993,year_3,SECONDARY_INITIATIVE,,,,,,True,False
year_3_001994,year_3,NOT_ASKED,,,,,,True,False
year_3_001995,year_3,NOT_ASKED,False,False,True,False,False,True,True
year_3_001996,year_3,NOT_ASKED,False,True,False,False,False,True,True
year_3_001997,year_3,NOT_ASKED,,,,,,True,False
year_3_001998,year_3,NOT_ASKED,False,False,False,True,True,True,True
year_3_001999,year_3,NOT_ASKED,False,False,True,True,False,True,True
year_3_002000,year_3,SECONDARY_INITIATIVE,,,,,,True,False
year_3_002001,year_3,NOT_ASKED,,,,,,True,False
year_3_002002,year_3,NOT_PRIORITY,,,,,,True,False
year_3_002003,year_3,NOT_ASKED,False,False,True,False,False,True,True
year_3_002004,year_3,SECONDARY_INITIATIVE,,,,,,True,False
year_3_002005,year_3,NOT_ASKED,False,False,True,False,True,True,True
year_3_002006,year_3,NOT_ASKED,,,,,,True,False
year_3_002007,year_3,NOT_ASKED,False,True,False,False,False,True,True
year_3_002008,year_3,NOT_ASKED,False,False,False,True,False,True,True
year_3_002009,year_3,NOT_ASKED,,,,,,True,False
year_3_002010,year_3,NOT_ASKED,False,False,False,True,False,True,True
year_3_002011,year_3,TOP_PRIORITY_MAIN,,,,,,True,False
year_3_002012,year_3,NOT_ASKED,False,False,False,True,True,True,True
year_3_002013,year_3,NOT_ASKED,False,False,True,False,False,True,True
year_3_002014,year_3,NOT_ASKED,False,False,True,True,False,True,True
year_3_002015,year_3,TOP_PRIORITY_MEDIUM_TERM,,,,,,True,False
year_3_002016,year_3,NOT_ASKED,False,False,False,True,True,True,True
year_3_002017,year_3,NOT_ASKED,False,False,True,False,False,True,True
year_3_002018,year_3,NOT_ASKED,,,,,,True,False
year_3_002019,year_3,NOT_ASKED,False,False,True,False,False,True,True
year_3_002020,year_3,SECONDARY_INITIATIVE,,,,,,True,False
year_3_002021,year_3,NOT_ASKED,False,False,False,True,True,True,True
year_3_002022,year_3,NOT_ASKED,,,,,,True,False
year_3_002023,year_3,SECONDARY_INITIATIVE,,,,,,True,False
year_3_002024,year_3,NOT_ASKED,False,False,False,True,True,True,True
year_3_002025,year_3,NOT_PRIORITY,,,,,,True,False
year_3_002026,year_3,NOT_ASKED,False,False,False,True,False,True,True
year_3_002027,year_3,NOT_ASKED,False,False,True,False,False,True,True
year_3_002028,year_3,NOT_ASKED,False,True,False,False,True,True,True
year_3_002029,year_3,NOT_ASKED,,,,,,True,False
year_3_002030,year_3,SECONDARY_INITIATIVE,,,,,,True,False
year_3_002031,year_3,NOT_ASKED,False,False,False,True,False,True,True
year_3_002032,year_3,NOT_ASKED,False,True,False,False,False,True,True
year_3_002033,year_3,TOP_PRIORITY_MAIN,,,,,,True,False
year_3_002034,year_3,NOT_ASKED,False,True,False,False,False,True,True
year_3_002035,year_3,NOT_ASKED,,,,,,True,False
year_3_002036,year_3,NOT_ASKED,False,False,False,True,True,True,True
year_3_002037,year_3,NOT_ASKED,,,,,,True,False
year_3_002038,year_3,NOT_ASKED,False,True,False,False,False,True,True
year_3_002039,year_3,NOT_ASKED,False,False,True,True,False,True,True
year_3_002040,year_3,NOT_ASKED,False,False,False,True,True,True,True
year_3_002041,year_3,SECONDARY_INITIATIVE,,,,,,True,False
year_3_002042,year_3,NOT_ASKED,False,False,True,False,True,True,True
year_3_002043,year_3,NOT_ASKED,,,,,,True,False
year_3_002044,year_3,NOT_ASKED,,,,,,True,False
year_3_002045,year_3,NOT_ASKED,,,,,,True,False
year_3_002046,year_3,NOT_ASKED,False,False,False,True,True,True,True
year_3_002047,year_3,NOT_ASKED,False,False,False,True,True,True,True
year_3_002048,year_3,NOT_PRIORITY,,,,,,True,False
year_3_002049,year_3,NOT_ASKED,False,False,True,False,True,True,True
year_3_002050,year_3,DONT_KNOW,,,,,,True,False
year_3_002051,year_3,NOT_ASKED,False,False,True,False,False,True,True
year_3_002052,year_3,TOP_PRIORITY_MEDIUM_TERM,,,,,,True,False
year_3_002053,year_3,NOT_ASKED,False,False,True,False,False,True,True
year_3_002054,year_3,NOT_ASKED,False,True,False,False,False,True,True
year_3_002055,year_3,NOT_ASKED,False,False,True,False,False,True,True
year_3_002056,year_3,NOT_ASKED,False,False,False,True,True,True,True
year_3_002057,year_3,NOT_ASKED,False,False,False,True,False,True,True
year_3_002058,year_3,NOT_PRIORITY,,,,,,True,False
year_3_002059,year_3,NOT_ASKED,False,False,False,False,True,True,True
year_3_002060,year_3,NOT_ASKED,False,False,False,False,True,True,True
year_3_002061,year_3,NOT_ASKED,False,False,True,True,False,True,True
year_3_002062,year_3,NOT_ASKED,,,,,,True,False
year_3_002063,year_3,NOT_ASKED,False,True,False,False,False,True,True
year_3_002064,year_3,NOT_ASKED,,,,,,True,False
year_3_002065,year_3,TOP_PRIORITY_MEDIUM_TERM,,,,,,True,False
year_3_002066,year_3,NOT_ASKED,False,False,False,True,False,True,True
year_3_002067,year_3,NOT_ASKED,False,False,False,True,False,True,True
year_3_002068,year_3,NOT_ASKED,False,False,False,True,False,True,True
year_3_002069,year_3,NOT_PRIORITY,,,,,,True,False
year_3_002070,year_3,NOT_ASKED,False,False,False,True,True,True,True
year_3_002071,year_3,NOT_ASKED,False,False,False,True,False,True,True
year_3_002072,year_3,SECONDARY_INITIATIVE,,,,,,True,False
year_3_002073,year_3,NOT_ASKED,False,False,True,False,False,True,True
year_3_002074,year_3,NOT_ASKED,,,,,,True,False
year_3_002075,year_3,NOT_ASKED,False,True,False,False,False,True,True
year_3_002076,year_3,SECONDARY_INITIATIVE,,,,,,True,False
year_3_002077,year_3,SECONDARY_INITIATIVE,,,,,,True,False
year_3_002078,year_3,NOT_ASKED,False,True,False,True,False,True,True
year_3_002079,year_3,NOT_ASKED,False,False,False,True,True,True,True
year_3_002080,year_3,TOP_PRIORITY_MAIN,,,,,,True,False
year_3_002081,year_3,NOT_ASKED,False,False,False,True,False,True,True
year_3_002082,year_3,NOT_ASKED,,,,,,True,False
year_3_002083,year_3,NOT_ASKED,,,,,,True,False
year_3_002084,year_3,TOP_PRIORITY_MEDIUM_TERM,,,,,,True,False
year_3_002085,year_3,NOT_ASKED,False,False,True,False,False,True,True
year_3_002086,year_3,NOT_ASKED,False,False,False,True,False,True,True
year_3_002087,year_3,NOT_PRIORITY,,,,,,True,False
year_3_002088,year_3,NOT_ASKED,False,True,False,False,False,True,True
year_3_002089,year_3,NOT_ASKED,False,False,True,True,False,True,True
year_3_002090,year_3,TOP_PRIORITY_MEDIUM_TERM,,,,,,True,False
year_3_002091,year_3,NOT_ASKED,,,,,,True,False
year_3_002092,year_3,NOT_ASKED,False,False,True,True,False,True,True
year_3_002093,year_3,NOT_ASKED,False,False,True,False,False,True,True
year_3_002094,year_3,TOP_PRIORITY_MAIN,,,,,,True,False
year_3_002095,year_3,NOT_ASKED,False,False,False,True,False,True,True
year_3_002096,year_3,NOT_ASKED,False,False,False,True,False,True,True
year_3_002097,year_3,NOT_ASKED,False,False,False,True,False,True,True
year_3_002098,year_3,NOT_ASKED,False,True,False,False,True,True,True
year_3_002099,year_3,NOT_ASKED,False,True,False,True,False,True,True
year_3_002100,year_3,TOP_PRIORITY_MAIN,,,,,,True,False
year_3_002101,year_3,NOT_ASKED,False,False,False,False,True,True,True
year_3_002102,year_3,TOP_PRIORITY_MEDIUM_TERM,,,,,,True,False
year_3_002103,year_3,NOT_ASKED,False,False,True,True,False,True,True
year_3_002104,year_3,SECONDARY_INITIATIVE,,,,,,True,False
year_3_002105,year_3,TOP_PRIORITY_MAIN,,,,,,True,False
year_3_002106,year_3,NOT_ASKED,False,False,False,True,True,True,True
year_3_002107,year_3,NOT_ASKED,False,True,False,False,False,True,True
year_3_002108,year_3,SECONDARY_INITIATIVE,,,,,,True,False
year_3_002109,year_3,NOT_ASKED,True,True,False,False,False,True,True
year_3_002110,year_3,TOP_PRIORITY_MAIN,,,,,,True,False
year_3_002111,year_3,NOT_ASKED,False,False,False,False,True,True,True
year_3_002112,year_3,TOP_PRIORITY_MAIN,,,,,,True,False
year_3_002113,year_3,NOT_ASKED,False,True,False,False,False,True,True
year_3_002114,year_3,NOT_ASKED,False,True,False,False,False,True,True
year_3_002115,year_3,NOT_ASKED,False,False,False,True,True,True,True
year_3_002116,year_3,NOT_ASKED,False,False,True,False,True,True,True
year_3_002117,year_3,NOT_ASKED,False,True,False,False,False,True,True
year_3_002118,year_3,SECONDARY_INITIATIVE,,,,,,True,False
year_3_002119,year_3,NOT_ASKED,,,,,,True,False
year_3_002120,year_3,NOT_ASKED,False,False,False,False,True,True,True
year_3_002121,year_3,NOT_ASKED,,,,,,True,False
year_3_002122,year_3,NOT_ASKED,False,False,False,True,False,True,True
year_3_002123,year_3,NOT_ASKED,False,False,False,True,False,True,True
year_3_002124,year_3,TOP_PRIORITY_MAIN,,,,,,True,False
year_3_002125,year_3,NOT_ASKED,False,False,False,True,False,True,True
year_3_002126,year_3,NOT_ASKED,False,True,False,False,True,True,True
year_3_002127,year_3,NOT_ASKED,False,False,True,False,False,True,True
year_3_002128,year_3,NOT_ASKED,,,,,,True,False
year_3_002129,year_3,TOP_PRIORITY_MEDIUM_TERM,,,,,,True,False
year_3_002130,year_3,NOT_ASKED,False,True,False,False,False,True,True
year_3_002131,year_3,NOT_ASKED,False,True,False,False,False,True,True
year_3_002132,year_3,TOP_PRIORITY_MAIN,,,,,,True,False
year_3_002133,year_3,NOT_ASKED,False,False,False,True,False,True,True
year_3_002134,year_3,TOP_PRIORITY_MAIN,,,,,,True,False
year_3_002135,year_3,NOT_ASKED,False,False,False,True,False,True,True
year_3_002136,year_3,NOT_ASKED,,,,,,True,False
year_3_002137,year_3,NOT_ASKED,False,False,False,True,False,True,True
year_3_002138,year_3,NOT_ASKED,False,True,False,False,False,True,True
year_3_002139,year_3,SECONDARY_INITIATIVE,,,,,,True,False
year_3_002140,year_3,NOT_ASKED,False,False,True,True,False,True,True
year_3_002141,year_3,NOT_ASKED,False,False,False,True,False,True,True
year_3_002142,year_3,NOT_ASKED,False,False,False,True,False,True,True
year_3_002143,year_3,NOT_ASKED,False,False,True,False,False,True,True
year_3_002144,year_3,NOT_ASKED,,,,,,True,False
year_3_002145,year_3,NOT_ASKED,False,False,False,True,False,True,True
year_3_002146,year_3,NOT_ASKED,False,False,False,True,True,True,True
year_3_002147,year_3,NOT_PRIORITY,,,,,,True,False
year_3_002148,year_3,NOT_ASKED,,,,,,True,False
year_3_002149,year_3,NOT_ASKED,False,True,False,False,False,True,True
year_3_002150,year_3,NOT_ASKED,,,,,,True,False
year_3_002151,year_3,NOT_ASKED,False,False,False,True,True,True,True
year_3_002152,year_3,SECONDARY_INITIATIVE,,,,,,True,False
year_3_002153,year_3,NOT_ASKED,False,False,False,False,True,True,True
year_3_002154,year_3,NOT_ASKED,False,True,False,True,False,True,True
year_3_002155,year_3,NOT_ASKED,False,False,True,True,False,True,True
year_3_002156,year_3,NOT_ASKED,False,True,False,False,False,True,True
year_3_002157,year_3,TOP_PRIORITY_MAIN,,,,,,True,False
year_3_002158,year_3,NOT_ASKED,False,False,False,True,True,True,True
year_3_002159,year_3,NOT_ASKED,,,,,,True,False
year_3_002160,year_3,SECONDARY_INITIATIVE,,,,,,True,False
year_3_002161,year_3,NOT_ASKED,False,False,False,True,False,True,True
year_3_002162,year_3,NOT_ASKED,False,False,True,False,False,True,True
year_3_002163,year_3,NOT_ASKED,False,False,False,True,False,True,True
year_3_002164,year_3,NOT_ASKED,,,,,,True,False
year_3_002165,year_3,NOT_ASKED,False,False,False,True,True,True,True
year_3_002166,year_3,SECONDARY_INITIATIVE,,,,,,True,False
year_3_002167,year_3,NOT_ASKED,False,False,False,True,False,True,True
year_3_002168,year_3,NOT_ASKED,True,False,False,False,False,True,True
year_3_002169,year_3,NOT_ASKED,False,False,True,False,True,True,True
year_3_002170,year_3,NOT_ASKED,False,False,False,True,False,True,True
year_3_002171,year_3,NOT_ASKED,False,False,False,True,True,True,True
year_3_002172,year_3,NOT_ASKED,False,True,False,False,False,True,True
year_3_002173,year_3,NOT_ASKED,False,False,True,False,False,True,True
year_3_002174,year_3,NOT_ASKED,False,False,False,True,False,True,True
year_3_002175,year_3,TOP_PRIORITY_MAIN,,,,,,True,False
year_3_002176,year_3,NOT_ASKED,False,False,True,False,False,True,True
year_3_002177,year_3,NOT_ASKED,,,,,,True,False
year_3_002178,year_3,NOT_ASKED,False,False,True,False,True,True,True
year_3_002179,year_3,TOP_PRIORITY_MEDIUM_TERM,,,,,,True,False
year_3_002180,year_3,NOT_ASKED,False,False,False,True,True,True,True
year_3_002181,year_3,NOT_ASKED,False,True,False,False,False,True,True
year_3_002182,year_3,TOP_PRIORITY_MAIN,,,,,,True,False
year_3_002183,year_3,NOT_ASKED,False,True,False,False,False,True,True
year_3_002184,year_3,NOT_ASKED,False,True,False,False,True,True,True
year_3_002185,year_3,NOT_ASKED,False,False,False,True,True,True,True
year_3_002186,year_3,NOT_ASKED,True,False,False,False,False,True,True
year_3_002187,year_3,NOT_ASKED,,,,,,True,False
year_3_002188,year_3,NOT_ASKED,,,,,,True,False
year_3_002189,year_3,NOT_ASKED,,,,,,True,False
year_3_002190,year_3,NOT_ASKED,False,False,False,True,False,True,True
year_3_002191,year_3,NOT_ASKED,,,,,,True,False
year_3_002192,year_3,NOT_ASKED,False,False,False,True,False,True,True
year_3_002193,year_3,NOT_ASKED,False,True,False,False,False,True,True
year_3_002194,year_3,NOT_ASKED,False,True,False,False,True,True,True
year_3_002195,year_3,NOT_ASKED,False,False,False,True,False,True,True
year_3_002196,year_3,NOT_ASKED,False,True,False,False,False,True,True
year_3_002197,year_3,NOT_ASKED,False,True,False,False,False,True,True
year_3_002198,year_3,NOT_ASKED,False,False,True,False,True,True,True
year_3_002199,year_3,NOT_ASKED,False,False,False,True,False,True,True
year_3_002200,year_3,NOT_ASKED,False,True,False,False,False,True,True
year_3_002201,year_3,NOT_ASKED,False,True,False,False,False,True,True
year_3_002202,year_3,NOT_ASKED,False,False,False,True,False,True,True
year_3_002203,year_3,NOT_ASKED,False,True,False,False,False,True,True
year_3_002204,year_3,NOT_ASKED,,,,,,True,False
year_3_002205,year_3,NOT_ASKED,False,True,False,False,True,True,True
year_3_002206,year_3,NOT_ASKED,False,True,False,False,False,True,True
year_3_002207,year_3,NOT_ASKED,False,False,False,True,False,True,True
year_3_002208,year_3,NOT_ASKED,False,False,True,False,False,True,True
year_3_002209,year_3,NOT_ASKED,,,,,,True,False
year_3_002210,year_3,NOT_ASKED,False,False,False,True,False,True,True
year_3_002211,year_3,NOT_ASKED,,,,,,True,False
year_3_002212,year_3,NOT_ASKED,False,False,True,False,True,True,True
year_3_002213,year_3,NOT_ASKED,False,False,True,False,False,True,True
year_3_002214,year_3,NOT_ASKED,,,,,,True,False
year_3_002215,year_3,NOT_ASKED,False,False,True,False,True,True,True
year_3_002216,year_3,NOT_ASKED,,,,,,True,False
year_3_002217,year_3,NOT_ASKED,,,,,,True,False
year_3_002218,year_3,NOT_ASKED,,,,,,True,False
year_3_002219,year_3,NOT_ASKED,False,False,False,False,True,True,True
year_3_002220,year_3,TOP_PRIORITY_MEDIUM_TERM,,,,,,True,False
year_3_002221,year_3,NOT_ASKED,False,False,False,True,False,True,True
year_3_002222,year_3,NOT_PRIORITY,,,,,,True,False
year_3_002223,year_3,TOP_PRIORITY_MAIN,,,,,,True,False
year_3_002224,year_3,NOT_ASKED,False,False,True,False,False,True,True
year_3_002225,year_3,NOT_ASKED,False,False,True,False,False,True,True
year_3_002226,year_3,NOT_ASKED,False,False,False,True,True,True,True
year_3_002227,year_3,NOT_ASKED,False,False,False,True,False,True,True
year_3_002228,year_3,NOT_ASKED,,,,,,True,False
year_3_002229,year_3,NOT_ASKED,False,False,False,True,False,True,True
year_3_002230,year_3,NOT_ASKED,False,False,False,True,True,True,True
year_3_002231,year_3,NOT_ASKED,False,True,False,False,True,True,True
year_3_002232,year_3,NOT_ASKED,False,False,True,True,False,True,True
year_3_002233,year_3,NOT_ASKED,False,False,False,True,False,True,True
year_3_002234,year_3,TOP_PRIORITY_MAIN,,,,,,True,False
year_3_002235,year_3,TOP_PRIORITY_MAIN,,,,,,True,False
year_3_002236,year_3,TOP_PRIORITY_MAIN,,,,,,True,False
year_3_002237,year_3,NOT_ASKED,False,False,False,True,False,True,True
year_3_002238,year_3,NOT_ASKED,False,False,False,True,False,True,True
year_3_002239,year_3,NOT_ASKED,False,False,True,True,False,True,True
year_3_002240,year_3,NOT_ASKED,False,False,True,False,False,True,True
year_3_002241,year_3,TOP_PRIORITY_MAIN,,,,,,True,False
year_3_002242,year_3,NOT_ASKED,False,True,False,False,False,True,True
year_3_002243,year_3,NOT_ASKED,,,,,,True,False
year_3_002244,year_3,NOT_ASKED,False,False,True,False,False,True,True
year_3_002245,year_3,SECONDARY_INITIATIVE,,,,,,True,False
year_3_002246,year_3,SECONDARY_INITIATIVE,,,,,,True,False
year_3_002247,year_3,NOT_ASKED,False,False,True,True,False,True,True
year_3_002248,year_3,NOT_ASKED,False,True,False,False,False,True,True
year_3_002249,year_3,TOP_PRIORITY_MEDIUM_TERM,,,,,,True,False
year_3_002250,year_3,NOT_ASKED,False,False,False,True,False,True,True
year_3_002251,year_3,NOT_ASKED,False,False,False,False,True,True,True
year_3_002252,year_3,NOT_ASKED,False,False,False,False,True,True,True
year_3_002253,year_3,TOP_PRIORITY_MEDIUM_TERM,,,,,,True,False
year_3_002254,year_3,NOT_ASKED,False,False,True,False,False,True,True
year_3_002255,year_3,NOT_ASKED,False,False,False,True,False,True,True
year_3_002256,year_3,TOP_PRIORITY_MEDIUM_TERM,,,,,,True,False
year_3_002257,year_3,NOT_ASKED,False,False,True,True,False,True,True
year_3_002258,year_3,TOP_PRIORITY_MEDIUM_TERM,,,,,,True,False
year_3_002259,year_3,NOT_ASKED,False,True,False,False,False,True,True
year_3_002260,year_3,NOT_ASKED,False,False,False,True,True,True,True
year_3_002261,year_3,NOT_ASKED,False,False,False,False,True,True,True
year_3_002262,year_3,NOT_ASKED,,,,,,True,False
year_3_002263,year_3,NOT_ASKED,False,False,False,False,True,True,True
year_3_002264,year_3,NOT_ASKED,False,False,False,True,True,True,True
year_3_002265,year_3,NOT_ASKED,False,True,False,False,True,True,True
year_3_002266,year_3,TOP_PRIORITY_MAIN,,,,,,True,False
year_3_002267,year_3,NOT_ASKED,False,False,True,False,False,True,True
year_3_002268,year_3,SECONDARY_INITIATIVE,,,,,,True,False
year_3_002269,year_3,TOP_PRIORITY_MEDIUM_TERM,,,,,,True,False
year_3_002270,year_3,SECONDARY_INITIATIVE,,,,,,True,False
year_3_002271,year_3,TOP_PRIORITY_MEDIUM_TERM,,,,,,True,False
year_3_002272,year_3,NOT_ASKED,False,False,True,False,False,True,True
year_3_002273,year_3,NOT_ASKED,False,False,True,False,False,True,True
year_3_002274,year_3,NOT_ASKED,False,False,True,False,True,True,True
year_3_002275,year_3,NOT_ASKED,False,False,False,True,False,True,True
year_3_002276,year_3,NOT_ASKED,False,False,False,True,True,True,True
year_3_002277,year_3,NOT_ASKED,False,False,True,False,False,True,True
year_3_002278,year_3,NOT_ASKED,False,False,True,False,False,True,True
year_3_002279,year_3,NOT_ASKED,False,False,True,False,False,True,True
year_3_002280,year_3,NOT_ASKED,,,,,,True,False
year_3_002281,year_3,TOP_PRIORITY_MAIN,,,,,,True,False
year_3_002282,year_3,NOT_ASKED,False,False,True,False,False,True,True
year_3_002283,year_3,TOP_PRIORITY_MEDIUM_TERM,,,,,,True,False
year_3_002284,year_3,NOT_ASKED,,,,,,True,False
year_3_002285,year_3,NOT_ASKED,False,False,True,False,False,True,True
year_3_002286,year_3,NOT_ASKED,,,,,,True,False
year_3_002287,year_3,TOP_PRIORITY_MAIN,,,,,,True,False
year_3_002288,year_3,NOT_ASKED,False,False,False,True,False,True,True
year_3_002289,year_3,NOT_PRIORITY,,,,,,True,False
year_3_002290,year_3,NOT_ASKED,,,,,,True,False
year_3_002291,year_3,SECONDARY_INITIATIVE,,,,,,True,False
year_3_002292,year_3,NOT_ASKED,False,False,False,True,False,True,True
year_3_002293,year_3,NOT_ASKED,,,,,,True,False
year_3_002294,year_3,NOT_ASKED,,,,,,True,False
year_3_002295,year_3,TOP_PRIORITY_MAIN,,,,,,True,False
year_3_002296,year_3,SECONDARY_INITIATIVE,,,,,,True,False
year_3_002297,year_3,NOT_ASKED,False,True,False,False,False,True,True
year_3_002298,year_3,TOP_PRIORITY_MEDIUM_TERM,,,,,,True,False
year_3_002299,year_3,NOT_ASKED,,,,,,True,False
year_3_002300,year_3,NOT_ASKED,,,,,,True,False
year_3_002301,year_3,NOT_ASKED,False,True,False,False,False,True,True
year_3_002302,year_3,NOT_ASKED,,,,,,True,False
year_3_002303,year_3,NOT_ASKED,False,False,False,True,False,True,True
year_3_002304,year_3,NOT_ASKED,,,,,,True,False
year_3_002305,year_3,NOT_ASKED,False,False,True,True,False,True,True
year_3_002306,year_3,NOT_ASKED,False,False,False,True,False,True,True
year_3_002307,year_3,TOP_PRIORITY_MAIN,,,,,,True,False
year_3_002308,year_3,TOP_PRIORITY_MEDIUM_TERM,,,,,,True,False
year_3_002309,year_3,NOT_ASKED,False,False,True,False,False,True,True
year_3_002310,year_3,TOP_PRIORITY_MEDIUM_TERM,,,,,,True,False
year_3_002311,year_3,NOT_ASKED,False,True,False,False,False,True,True
year_3_002312,year_3,NOT_ASKED,False,False,True,False,True,True,True
year_3_002313,year_3,NOT_ASKED,False,True,False,False,True,True,True
year_3_002314,year_3,NOT_ASKED,False,False,True,False,False,True,True
year_3_002315,year_3,NOT_ASKED,False,False,True,False,True,True,True
year_3_002316,year_3,NOT_ASKED,False,False,False,True,False,True,True
year_3_002317,year_3,NOT_ASKED,False,False,True,False,False,True,True
year_3_002318,year_3,TOP_PRIORITY_MAIN,,,,,,True,False
year_3_002319,year_3,NOT_ASKED,False,False,True,False,False,True,True
year_3_002320,year_3,NOT_ASKED,False,False,False,True,True,True,True
year_3_002321,year_3,NOT_ASKED,False,False,False,True,True,True,True
year_3_002322,year_3,NOT_ASKED,,,,,,True,False
year_3_002323,year_3,NOT_ASKED,,,,,,True,False
year_3_002324,year_3,SECONDARY_INITIATIVE,,,,,,True,False
year_3_002325,year_3,NOT_PRIORITY,,,,,,True,False
year_3_002326,year_3,NOT_ASKED,,,,,,True,False
year_3_002327,year_3,NOT_ASKED,False,False,False,True,False,True,True
year_3_002328,year_3,NOT_ASKED,,,,,,True,False
year_3_002329,year_3,NOT_ASKED,,,,,,True,False
year_3_002330,year_3,NOT_ASKED,False,False,False,True,True,True,True
year_3_002331,year_3,TOP_PRIORITY_MEDIUM_TERM,,,,,,True,False
year_3_002332,year_3,TOP_PRIORITY_MAIN,,,,,,True,False
year_3_002333,year_3,NOT_ASKED,False,False,False,True,False,True,True
year_3_002334,year_3,NOT_ASKED,,,,,,True,False
year_3_002335,year_3,NOT_ASKED,,,,,,True,False
year_3_002336,year_3,NOT_ASKED,,,,,,True,False
year_3_002337,year_3,NOT_ASKED,False,False,False,True,False,True,True
year_3_002338,year_3,NOT_ASKED,,,,,,True,False
year_3_002339,year_3,NOT_ASKED,False,False,True,False,False,True,True
year_3_002340,year_3,NOT_ASKED,False,False,True,False,False,True,True
year_3_002341,year_3,TOP_PRIORITY_MAIN,,,,,,True,False
year_3_002342,year_3,TOP_PRIORITY_MEDIUM_TERM,,,,,,True,False
year_3_002343,year_3,TOP_PRIORITY_MEDIUM_TERM,,,,,,True,False
year_3_002344,year_3,NOT_ASKED,False,True,False,False,False,True,True
year_3_002345,year_3,NOT_ASKED,False,False,False,True,False,True,True
year_3_002346,year_3,SECONDARY_INITIATIVE,,,,,,True,False
year_3_002347,year_3,NOT_ASKED,,,,,,True,False
year_3_002348,year_3,NOT_ASKED,False,False,True,True,False,True,True
year_3_002349,year_3,NOT_ASKED,False,True,False,False,False,True,True
year_3_002350,year_3,NOT_ASKED,False,True,False,False,False,True,True
year_3_002351,year_3,NOT_ASKED,False,True,False,False,False,True,True
year_3_002352,year_3,NOT_ASKED,,,,,,True,False
year_3_002353,year_3,NOT_ASKED,False,False,True,False,False,True,True
year_3_002354,year_3,NOT_ASKED,False,False,True,False,False,True,True
year_3_002355,year_3,NOT_ASKED,False,False,True,True,False,True,True
year_3_002356,year_3,NOT_ASKED,False,True,False,False,False,True,True
year_3_002357,year_3,NOT_ASKED,False,True,False,False,False,True,True
year_3_002358,year_3,NOT_ASKED,False,False,True,False,False,True,True
year_3_002359,year_3,NOT_ASKED,False,False,True,False,False,True,True
year_3_002360,year_3,TOP_PRIORITY_MAIN,,,,,,True,False
year_3_002361,year_3,TOP_PRIORITY_MEDIUM_TERM,,,,,,True,False
year_3_002362,year_3,NOT_ASKED,False,False,False,True,False,True,True
year_3_002363,year_3,NOT_ASKED,False,True,False,False,False,True,True
year_3_002364,year_3,NOT_ASKED,False,False,True,False,False,True,True
year_3_002365,year_3,NOT_ASKED,,,,,,True,False
year_3_002366,year_3,NOT_ASKED,False,True,True,False,False,True,True
year_3_002367,year_3,SECONDARY_INITIATIVE,,,,,,True,False
year_3_002368,year_3,TOP_PRIORITY_MEDIUM_TERM,,,,,,True,False
year_3_002369,year_3,SECONDARY_INITIATIVE,,,,,,True,False
year_3_002370,year_3,NOT_ASKED,False,False,False,False,True,True,True
year_3_002371,year_3,TOP_PRIORITY_MAIN,,,,,,True,False
year_3_002372,year_3,NOT_ASKED,False,True,False,False,False,True,True
year_3_002373,year_3,NOT_ASKED,False,False,True,True,False,True,True
year_3_002374,year_3,NOT_ASKED,False,False,False,True,False,True,True
year_3_002375,year_3,NOT_ASKED,,,,,,True,False
year_3_002376,year_3,NOT_ASKED,,,,,,True,False
year_3_002377,year_3,NOT_ASKED,False,False,True,False,False,True,True
year_3_002378,year_3,NOT_ASKED,,,,,,True,False
year_3_002379,year_3,NOT_ASKED,False,False,True,False,False,True,True
year_3_002380,year_3,TOP_PRIORITY_MEDIUM_TERM,,,,,,True,False
year_3_002381,year_3,NOT_ASKED,False,True,False,False,True,True,True
year_3_002382,year_3,NOT_ASKED,False,False,False,True,False,True,True
year_3_002383,year_3,NOT_ASKED,False,False,False,True,True,True,True
year_3_002384,year_3,TOP_PRIORITY_MEDIUM_TERM,,,,,,True,False
year_3_002385,year_3,NOT_ASKED,False,False,False,True,False,True,True
year_3_002386,year_3,NOT_ASKED,False,False,True,False,False,True,True
year_3_002387,year_3,TOP_PRIORITY_MEDIUM_TERM,,,,,,True,False
year_3_002388,year_3,NOT_ASKED,False,False,False,True,True,True,True
year_3_002389,year_3,NOT_ASKED,False,False,True,False,True,True,True
year_3_002390,year_3,NOT_ASKED,False,False,False,True,False,True,True
year_3_002391,year_3,NOT_ASKED,False,False,True,False,False,True,True
year_3_002392,year_3,SECONDARY_INITIATIVE,,,,,,True,False
year_3_002393,year_3,TOP_PRIORITY_MAIN,,,,,,True,False
year_3_002394,year_3,NOT_ASKED,,,,,,True,False
year_3_002395,year_3,NOT_ASKED,False,False,True,False,False,True,True
year_3_002396,year_3,SECONDARY_INITIATIVE,,,,,,True,False
year_3_002397,year_3,SECONDARY_INITIATIVE,,,,,,True,False
year_3_002398,year_3,NOT_ASKED,False,False,False,False,True,True,True
year_3_002399,year_3,NOT_ASKED,False,False,False,True,False,True,True
year_3_002400,year_3,NOT_ASKED,False,False,True,False,False,True,True
year_3_002401,year_3,NOT_ASKED,False,False,False,False,True,True,True
year_3_002402,year_3,TOP_PRIORITY_MEDIUM_TERM,,,,,,True,False
year_3_002403,year_3,NOT_ASKED,False,False,False,False,True,True,True
year_3_002404,year_3,SECONDARY_INITIATIVE,,,,,,True,False
year_3_002405,year_3,NOT_ASKED,False,False,False,True,False,True,True
year_3_002406,year_3,NOT_ASKED,,,,,,True,False
year_3_002407,year_3,TOP_PRIORITY_MEDIUM_TERM,,,,,,True,False
year_3_002408,year_3,NOT_ASKED,False,True,False,False,False,True,True
year_3_002409,year_3,NOT_ASKED,False,True,False,False,False,True,True
year_3_002410,year_3,NOT_ASKED,False,False,True,False,True,True,True
year_3_002411,year_3,NOT_ASKED,False,False,False,False,True,True,True
year_3_002412,year_3,NOT_ASKED,,,,,,True,False
year_3_002413,year_3,NOT_ASKED,False,False,False,False,True,True,True
year_3_002414,year_3,NOT_ASKED,False,True,False,False,False,True,True
year_3_002415,year_3,NOT_ASKED,False,True,False,False,True,True,True
year_3_002416,year_3,TOP_PRIORITY_MEDIUM_TERM,,,,,,True,False
year_3_002417,year_3,SECONDARY_INITIATIVE,,,,,,True,False
year_3_002418,year_3,TOP_PRIORITY_MEDIUM_TERM,,,,,,True,False
year_3_002419,year_3,NOT_ASKED,False,False,True,False,True,True,True
year_3_002420,year_3,NOT_ASKED,False,False,False,True,False,True,True
year_3_002421,year_3,NOT_ASKED,,,,,,True,False
year_3_002422,year_3,NOT_ASKED,False,False,True,False,False,True,True
year_3_002423,year_3,TOP_PRIORITY_MEDIUM_TERM,,,,,,True,False
year_3_002424,year_3,NOT_ASKED,False,False,True,False,False,True,True
year_3_002425,year_3,NOT_ASKED,False,True,True,False,False,True,True
year_3_002426,year_3,NOT_ASKED,False,False,False,True,False,True,True
year_3_002427,year_3,NOT_ASKED,False,False,False,True,False,True,True
year_3_002428,year_3,NOT_ASKED,False,True,True,False,False,True,True
year_3_002429,year_3,NOT_ASKED,False,True,False,False,False,True,True
year_3_002430,year_3,NOT_ASKED,False,False,True,False,False,True,True
year_3_002431,year_3,NOT_ASKED,False,False,False,True,False,True,True
year_3_002432,year_3,NOT_ASKED,False,False,False,True,False,True,True
year_3_002433,year_3,NOT_ASKED,False,False,False,True,False,True,True
year_3_002434,year_3,NOT_ASKED,False,False,False,True,True,True,True
year_3_002435,year_3,NOT_ASKED,False,False,False,True,True,True,True
year_3_002436,year_3,NOT_ASKED,False,False,False,True,True,True,True
year_3_002437,year_3,SECONDARY_INITIATIVE,,,,,,True,False
year_3_002438,year_3,NOT_ASKED,False,True,False,False,False,True,True
year_3_002439,year_3,NOT_ASKED,False,False,False,True,False,True,True
year_3_002440,year_3,NOT_ASKED,False,False,False,True,True,True,True
year_3_002441,year_3,NOT_ASKED,False,False,True,False,False,True,True
year_3_002442,year_3,NOT_ASKED,False,True,False,False,False,True,True
year_3_002443,year_3,NOT_ASKED,False,True,False,True,False,True,True
year_3_002444,year_3,NOT_ASKED,False,True,False,False,False,True,True
year_3_002445,year_3,NOT_ASKED,False,False,True,False,False,True,True
year_3_002446,year_3,NOT_ASKED,False,True,False,False,False,True,True
year_3_002447,year_3,NOT_ASKED,False,False,False,True,True,True,True
year_3_002448,year_3,NOT_ASKED,False,True,False,False,False,True,True
year_3_002449,year_3,NOT_ASKED,False,True,False,False,False,True,True
year_3_002450,year_3,NOT_ASKED,False,True,False,False,False,True,True
year_3_002451,year_3,NOT_ASKED,False,False,False,True,True,True,True
year_3_002452,year_3,NOT_ASKED,False,True,True,False,False,True,True
year_3_002453,year_3,TOP_PRIORITY_MEDIUM_TERM,,,,,,True,False
year_3_002454,year_3,NOT_ASKED,False,False,True,False,True,True,True
year_3_002455,year_3,NOT_ASKED,,,,,,True,False
year_3_002456,year_3,NOT_ASKED,False,False,False,False,True,True,True
year_3_002457,year_3,NOT_ASKED,False,False,False,True,True,True,True
year_3_002458,year_3,NOT_ASKED,False,False,True,False,True,True,True
year_3_002459,year_3,NOT_ASKED,False,True,False,False,False,True,True
year_3_002460,year_3,NOT_ASKED,False,False,False,True,False,True,True
year_3_002461,year_3,NOT_ASKED,False,False,False,True,True,True,True
year_3_002462,year_3,NOT_ASKED,False,False,False,True,False,True,True
year_3_002463,year_3,NOT_ASKED,False,False,False,True,False,True,True
year_3_002464,year_3,NOT_ASKED,False,True,False,False,False,True,True
year_3_002465,year_3,NOT_ASKED,False,True,False,False,False,True,True
year_3_002466,year_3,TOP_PRIORITY_MEDIUM_TERM,,,,,,True,False
year_3_002467,year_3,SECONDARY_INITIATIVE,,,,,,True,False
year_3_002468,year_3,NOT_ASKED,False,False,False,True,False,True,True
year_3_002469,year_3,NOT_ASKED,False,True,False,False,False,True,True
year_3_002470,year_3,NOT_ASKED,False,False,False,True,False,True,True
year_3_002471,year_3,NOT_ASKED,False,False,False,True,True,True,True
year_3_002472,year_3,NOT_ASKED,,,,,,True,False
year_3_002473,year_3,SECONDARY_INITIATIVE,,,,,,True,False
year_3_002474,year_3,NOT_ASKED,,,,,,True,False
year_3_002475,year_3,NOT_ASKED,False,False,False,True,True,True,True
year_3_002476,year_3,NOT_ASKED,,,,,,True,False
year_3_002477,year_3,NOT_ASKED,False,True,False,False,False,True,True
year_3_002478,year_3,NOT_PRIORITY,,,,,,True,False
year_3_002479,year_3,TOP_PRIORITY_MAIN,,,,,,True,False
year_3_002480,year_3,TOP_PRIORITY_MEDIUM_TERM,,,,,,True,False
year_3_002481,year_3,SECONDARY_INITIATIVE,,,,,,True,False
year_3_002482,year_3,TOP_PRIORITY_MEDIUM_TERM,,,,,,True,False
year_3_002483,year_3,SECONDARY_INITIATIVE,,,,,,True,False
year_3_002484,year_3,SECONDARY_INITIATIVE,,,,,,True,False
year_3_002485,year_3,NOT_ASKED,,,,,,True,False
year_3_002486,year_3,NOT_ASKED,False,False,True,False,False,True,True
year_3_002487,year_3,TOP_PRIORITY_MEDIUM_TERM,,,,,,True,False
year_3_002488,year_3,NOT_ASKED,,,,,,True,False
year_3_002489,year_3,NOT_ASKED,False,False,True,False,False,True,True
year_3_002490,year_3,NOT_ASKED,False,True,False,False,False,True,True
year_3_002491,year_3,TOP_PRIORITY_MEDIUM_TERM,,,,,,True,False
year_3_002492,year_3,NOT_ASKED,,,,,,True,False
year_3_002493,year_3,NOT_ASKED,,,,,,True,False
year_3_002494,year_3,NOT_ASKED,False,False,False,True,False,True,True
year_3_002495,year_3,SECONDARY_INITIATIVE,,,,,,True,False
year_3_002496,year_3,NOT_ASKED,False,True,False,False,False,True,True
year_3_002497,year_3,NOT_ASKED,False,False,True,False,False,True,True
year_3_002498,year_3,NOT_ASKED,False,False,False,True,False,True,True
year_3_002499,year_3,NOT_ASKED,False,True,False,True,False,True,True
year_3_002500,year_3,TOP_PRIORITY_MAIN,,,,,,True,False
year_3_002501,year_3,NOT_ASKED,False,False,True,False,False,True,True
year_3_002502,year_3,TOP_PRIORITY_MEDIUM_TERM,,,,,,True,False
year_3_002503,year_3,NOT_PRIORITY,,,,,,True,False
year_3_002504,year_3,NOT_ASKED,,,,,,True,False
year_3_002505,year_3,NOT_ASKED,,,,,,True,False
year_3_002506,year_3,NOT_ASKED,False,True,False,False,False,True,True
year_3_002507,year_3,NOT_ASKED,,,,,,True,False
year_3_002508,year_3,SECONDARY_INITIATIVE,,,,,,True,False
year_3_002509,year_3,NOT_ASKED,False,False,False,True,False,True,True
year_3_002510,year_3,NOT_ASKED,False,False,True,False,False,True,True
year_3_002511,year_3,NOT_ASKED,,,,,,True,False
year_3_002512,year_3,NOT_ASKED,False,True,False,False,False,True,True
year_3_002513,year_3,NOT_ASKED,,,,,,True,False
year_3_002514,year_3,SECONDARY_INITIATIVE,,,,,,True,False
year_3_002515,year_3,NOT_ASKED,False,False,False,True,True,True,True
year_3_002516,year_3,NOT_ASKED,False,False,True,False,False,True,True
year_3_002517,year_3,TOP_PRIORITY_MAIN,,,,,,True,False
year_3_002518,year_3,NOT_ASKED,False,True,False,False,True,True,True
year_3_002519,year_3,TOP_PRIORITY_MEDIUM_TERM,,,,,,True,False
year_3_002520,year_3,NOT_ASKED,False,False,False,True,False,True,True
year_3_002521,year_3,NOT_ASKED,False,True,False,False,False,True,True
year_3_002522,year_3,NOT_ASKED,False,False,False,True,False,True,True
year_3_002523,year_3,NOT_ASKED,False,False,False,True,False,True,True
year_3_002524,year_3,NOT_ASKED,False,False,False,True,False,True,True
year_3_002525,year_3,NOT_ASKED,False,False,False,True,False,True,True
year_3_002526,year_3,NOT_ASKED,False,True,False,False,False,True,True
year_3_002527,year_3,NOT_ASKED,False,True,False,False,False,True,True
year_3_002528,year_3,TOP_PRIORITY_MEDIUM_TERM,,,,,,True,False
year_3_002529,year_3,TOP_PRIORITY_MEDIUM_TERM,,,,,,True,False
year_3_002530,year_3,NOT_ASKED,,,,,,True,False
year_3_002531,year_3,NOT_ASKED,False,False,True,False,False,True,True
year_3_002532,year_3,NOT_ASKED,False,False,False,True,True,True,True
year_3_002533,year_3,TOP_PRIORITY_MAIN,,,,,,True,False
year_3_002534,year_3,SECONDARY_INITIATIVE,,,,,,True,False
year_3_002535,year_3,NOT_ASKED,False,False,False,True,False,True,True
year_3_002536,year_3,NOT_ASKED,False,True,False,False,False,True,True
year_3_002537,year_3,NOT_ASKED,False,True,False,False,False,True,True
year_3_002538,year_3,NOT_ASKED,False,True,False,False,False,True,True
year_3_002539,year_3,NOT_ASKED,,,,,,True,False
year_3_002540,year_3,NOT_ASKED,False,True,False,False,False,True,True
year_3_002541,year_3,NOT_ASKED,,,,,,True,False
year_3_002542,year_3,NOT_ASKED,True,False,False,False,False,True,True
year_3_002543,year_3,NOT_ASKED,False,False,False,True,False,True,True
year_3_002544,year_3,NOT_ASKED,False,False,True,False,True,True,True
year_3_002545,year_3,NOT_ASKED,False,False,True,True,False,True,True
year_3_002546,year_3,NOT_ASKED,False,False,False,True,False,True,True
year_3_002547,year_3,NOT_ASKED,False,True,False,False,False,True,True
year_3_002548,year_3,NOT_ASKED,False,False,False,True,False,True,True
year_3_002549,year_3,NOT_ASKED,,,,,,True,False
year_3_002550,year_3,NOT_ASKED,False,False,False,True,True,True,True
year_3_002551,year_3,TOP_PRIORITY_MAIN,,,,,,True,False
year_3_002552,year_3,NOT_ASKED,False,False,False,True,False,True,True
year_3_002553,year_3,NOT_ASKED,False,False,True,True,False,True,True
year_3_002554,year_3,NOT_ASKED,False,False,True,False,False,True,True
year_3_002555,year_3,NOT_ASKED,False,False,False,True,True,True,True
year_3_002556,year_3,NOT_ASKED,False,False,True,False,False,True,True
year_3_002557,year_3,NOT_ASKED,False,False,True,False,False,True,True
year_3_002558,year_3,NOT_ASKED,False,True,True,False,False,True,True
year_3_002559,year_3,NOT_ASKED,False,True,False,False,False,True,True
year_3_002560,year_3,NOT_ASKED,False,False,False,False,True,True,True
year_3_002561,year_3,NOT_ASKED,,,,,,True,False
year_3_002562,year_3,TOP_PRIORITY_MEDIUM_TERM,,,,,,True,False
year_3_002563,year_3,NOT_ASKED,False,False,False,True,True,True,True
year_3_002564,year_3,NOT_ASKED,False,False,False,False,True,True,True
year_3_002565,year_3,NOT_ASKED,False,False,True,False,False,True,True
year_3_002566,year_3,NOT_ASKED,False,False,False,True,False,True,True
year_3_002567,year_3,TOP_PRIORITY_MEDIUM_TERM,,,,,,True,False
year_3_002568,year_3,NOT_ASKED,False,True,False,False,False,True,True
year_3_002569,year_3,NOT_ASKED,False,False,False,True,False,True,True
year_3_002570,year_3,NOT_ASKED,False,False,True,False,True,True,True
year_3_002571,year_3,NOT_ASKED,False,True,False,False,False,True,True
year_3_002572,year_3,NOT_ASKED,False,True,False,False,False,True,True
year_3_002573,year_3,DONT_KNOW,,,,,,True,False
year_3_002574,year_3,NOT_ASKED,False,False,True,False,False,True,True
year_3_002575,year_3,TOP_PRIORITY_MAIN,,,,,,True,False
year_3_002576,year_3,NOT_ASKED,False,False,False,True,True,True,True
year_3_002577,year_3,NOT_ASKED,False,False,False,True,False,True,True
year_3_002578,year_3,NOT_ASKED,False,False,False,True,False,True,True
year_3_002579,year_3,NOT_ASKED,,,,,,True,False
year_3_002580,year_3,NOT_ASKED,False,False,False,True,True,True,True
year_3_002581,year_3,NOT_ASKED,False,False,False,True,True,True,True
year_3_002582,year_3,NOT_ASKED,False,False,False,True,False,True,True
year_3_002583,year_3,NOT_ASKED,,,,,,True,False
year_3_002584,year_3,NOT_ASKED,False,False,False,True,True,True,True
year_3_002585,year_3,TOP_PRIORITY_MAIN,,,,,,True,False
year_3_002586,year_3,SECONDARY_INITIATIVE,,,,,,True,False
year_3_002587,year_3,NOT_ASKED,False,False,True,False,False,True,True
year_3_002588,year_3,NOT_ASKED,False,True,False,False,False,True,True
year_3_002589,year_3,NOT_ASKED,False,False,False,True,True,True,True
year_3_002590,year_3,NOT_ASKED,,,,,,True,False
year_3_002591,year_3,NOT_ASKED,False,False,False,True,True,True,True
year_3_002592,year_3,NOT_ASKED,False,True,False,False,False,True,True
year_3_002593,year_3,NOT_ASKED,True,False,False,False,False,True,True
year_3_002594,year_3,NOT_ASKED,False,False,False,True,False,True,True
year_3_002595,year_3,NOT_ASKED,False,False,False,True,True,True,True
year_3_002596,year_3,NOT_ASKED,False,False,False,True,False,True,True
year_3_002597,year_3,NOT_ASKED,False,False,False,True,True,True,True
year_3_002598,year_3,NOT_ASKED,False,True,False,False,False,True,True
year_3_002599,year_3,NOT_ASKED,False,False,False,True,False,True,True
year_3_002600,year_3,NOT_ASKED,False,False,True,False,False,True,True
year_3_002601,year_3,NOT_ASKED,False,False,True,False,False,True,True
year_3_002602,year_3,NOT_ASKED,False,False,False,False,True,True,True
year_3_002603,year_3,NOT_ASKED,False,False,False,False,True,True,True
year_3_002604,year_3,NOT_ASKED,False,False,False,True,False,True,True
year_3_002605,year_3,NOT_ASKED,,,,,,True,False
year_3_002606,year_3,NOT_ASKED,False,False,False,True,False,True,True
year_3_002607,year_3,TOP_PRIORITY_MEDIUM_TERM,,,,,,True,False
year_3_002608,year_3,NOT_ASKED,False,False,True,False,True,True,True
year_3_002609,year_3,NOT_ASKED,False,False,False,True,False,True,True
year_3_002610,year_3,NOT_ASKED,False,True,False,False,False,True,True
year_3_002611,year_3,DONT_KNOW,,,,,,True,False
year_3_002612,year_3,NOT_ASKED,False,True,False,False,False,True,True
year_3_002613,year_3,NOT_ASKED,False,True,False,False,True,True,True
year_3_002614,year_3,NOT_ASKED,False,False,True,False,True,True,True
year_3_002615,year_3,NOT_ASKED,False,True,False,False,False,True,True
year_3_002616,year_3,SECONDARY_INITIATIVE,,,,,,True,False
year_3_002617,year_3,NOT_ASKED,False,True,False,False,False,True,True
year_3_002618,year_3,NOT_ASKED,False,False,True,False,True,True,True
year_3_002619,year_3,NOT_ASKED,,,,,,True,False
year_3_002620,year_3,NOT_ASKED,,,,,,True,False
year_3_002621,year_3,NOT_ASKED,False,True,False,True,False,True,True
year_3_002622,year_3,NOT_ASKED,False,False,False,True,False,True,True
year_3_002623,year_3,NOT_ASKED,False,False,False,True,True,True,True
year_3_002624,year_3,NOT_ASKED,False,False,True,False,False,True,True
year_3_002625,year_3,NOT_ASKED,False,False,True,False,False,True,True
year_3_002626,year_3,NOT_ASKED,False,True,False,False,False,True,True
year_3_002627,year_3,NOT_ASKED,False,False,False,False,True,True,True
year_3_002628,year_3,TOP_PRIORITY_MEDIUM_TERM,,,,,,True,False
year_3_002629,year_3,TOP_PRIORITY_MEDIUM_TERM,,,,,,True,False
year_3_002630,year_3,TOP_PRIORITY_MEDIUM_TERM,,,,,,True,False
year_3_002631,year_3,NOT_ASKED,,,,,,True,False
year_3_002632,year_3,TOP_PRIORITY_MAIN,,,,,,True,False
year_3_002633,year_3,TOP_PRIORITY_MAIN,,,,,,True,False
year_3_002634,year_3,NOT_ASKED,True,False,False,False,False,True,True
year_3_002635,year_3,NOT_ASKED,False,False,True,True,False,True,True
year_3_002636,year_3,NOT_ASKED,False,True,False,False,False,True,True
year_3_002637,year_3,TOP_PRIORITY_MAIN,,,,,,True,False
year_3_002638,year_3,NOT_ASKED,False,False,False,True,False,True,True
year_3_002639,year_3,NOT_ASKED,False,False,True,False,False,True,True
year_3_002640,year_3,NOT_ASKED,False,False,True,False,False,True,True
year_3_002641,year_3,NOT_ASKED,False,True,False,False,False,True,True
year_3_002642,year_3,SECONDARY_INITIATIVE,,,,,,True,False
year_3_002643,year_3,NOT_ASKED,,,,,,True,False
year_3_002644,year_3,NOT_ASKED,False,True,False,False,True,True,True
year_3_002645,year_3,NOT_ASKED,False,False,True,False,False,True,True
year_3_002646,year_3,NOT_ASKED,,,,,,True,False
year_3_002647,year_3,NOT_ASKED,False,True,False,False,False,True,True
year_3_002648,year_3,NOT_ASKED,False,False,False,True,False,True,True
year_3_002649,year_3,NOT_ASKED,False,False,True,False,True,True,True
year_3_002650,year_3,NOT_ASKED,,,,,,True,False
year_3_002651,year_3,NOT_ASKED,True,False,False,False,False,True,True
year_3_002652,year_3,NOT_ASKED,False,True,False,False,False,True,True
year_3_002653,year_3,NOT_ASKED,False,False,True,False,False,True,True
year_3_002654,year_3,TOP_PRIORITY_MEDIUM_TERM,,,,,,True,False
year_3_002655,year_3,NOT_ASKED,False,False,False,True,True,True,True
year_3_002656,year_3,TOP_PRIORITY_MAIN,,,,,,True,False
year_3_002657,year_3,NOT_ASKED,False,False,False,True,False,True,True
year_3_002658,year_3,TOP_PRIORITY_MEDIUM_TERM,,,,,,True,False
year_3_002659,year_3,NOT_ASKED,False,False,False,True,False,True,True
year_3_002660,year_3,NOT_ASKED,False,False,False,True,False,True,True
year_3_002661,year_3,NOT_ASKED,False,False,False,True,False,True,True
year_3_002662,year_3,TOP_PRIORITY_MEDIUM_TERM,,,,,,True,False
year_3_002663,year_3,NOT_ASKED,False,False,False,True,False,True,True
year_3_002664,year_3,TOP_PRIORITY_MEDIUM_TERM,,,,,,True,False
year_3_002665,year_3,NOT_ASKED,False,False,True,False,True,True,True
year_3_002666,year_3,TOP_PRIORITY_MEDIUM_TERM,,,,,,True,False
year_3_002667,year_3,SECONDARY_INITIATIVE,,,,,,True,False
year_3_002668,year_3,TOP_PRIORITY_MEDIUM_TERM,,,,,,True,False
year_3_002669,year_3,NOT_ASKED,True,False,False,False,False,True,True
year_3_002670,year_3,NOT_ASKED,,,,,,True,False
year_3_002671,year_3,NOT_ASKED,False,False,False,True,False,True,True
year_3_002672,year_3,NOT_ASKED,False,False,True,False,False,True,True
year_3_002673,year_3,NOT_ASKED,False,True,False,False,False,True,True
year_3_002674,year_3,NOT_ASKED,False,False,False,False,True,True,True
year_3_002675,year_3,NOT_ASKED,False,True,False,True,False,True,True
year_3_002676,year_3,NOT_ASKED,False,True,False,False,False,True,True
year_3_002677,year_3,NOT_ASKED,False,False,False,False,True,True,True
year_3_002678,year_3,TOP_PRIORITY_MAIN,,,,,,True,False
year_3_002679,year_3,NOT_ASKED,False,True,False,True,False,True,True
year_3_002680,year_3,NOT_ASKED,False,False,False,True,False,True,True
year_3_002681,year_3,NOT_ASKED,False,False,True,False,False,True,True
year_3_002682,year_3,NOT_ASKED,,,,,,True,False
year_3_002683,year_3,NOT_ASKED,False,True,False,False,True,True,True
year_3_002684,year_3,NOT_ASKED,False,False,False,True,False,True,True
year_3_002685,year_3,NOT_ASKED,False,False,False,True,False,True,True
year_3_002686,year_3,TOP_PRIORITY_MAIN,,,,,,True,False
year_3_002687,year_3,NOT_ASKED,False,True,False,False,False,True,True
year_3_002688,year_3,NOT_ASKED,True,False,False,False,False,True,True
year_3_002689,year_3,NOT_ASKED,False,False,False,True,True,True,True
year_3_002690,year_3,NOT_ASKED,False,False,False,True,True,True,True
year_3_002691,year_3,NOT_ASKED,False,False,False,True,False,True,True
year_3_002692,year_3,NOT_ASKED,False,True,False,False,False,True,True
year_3_002693,year_3,NOT_ASKED,False,False,True,False,False,True,True
year_3_002694,year_3,NOT_ASKED,False,True,False,False,False,True,True
year_3_002695,year_3,NOT_ASKED,,,,,,True,False
year_3_002696,year_3,SECONDARY_INITIATIVE,,,,,,True,False
year_3_002697,year_3,TOP_PRIORITY_MEDIUM_TERM,,,,,,True,False
year_3_002698,year_3,NOT_ASKED,False,False,False,True,True,True,True
year_3_002699,year_3,TOP_PRIORITY_MEDIUM_TERM,,,,,,True,False
year_3_002700,year_3,NOT_ASKED,,,,,,True,False
year_3_002701,year_3,NOT_ASKED,False,False,True,True,False,True,True
year_3_002702,year_3,NOT_ASKED,,,,,,True,False
year_3_002703,year_3,NOT_ASKED,False,False,True,False,False,True,True
year_3_002704,year_3,NOT_ASKED,,,,,,True,False
year_3_002705,year_3,NOT_ASKED,False,False,False,True,True,True,True
year_3_002706,year_3,NOT_ASKED,False,True,False,False,False,True,True
year_3_002707,year_3,SECONDARY_INITIATIVE,,,,,,True,False
year_3_002708,year_3,NOT_ASKED,False,True,False,True,False,True,True
year_3_002709,year_3,NOT_ASKED,False,False,False,True,True,True,True
year_3_002710,year_3,NOT_ASKED,True,False,False,False,False,True,True
year_3_002711,year_3,TOP_PRIORITY_MAIN,,,,,,True,False
year_3_002712,year_3,NOT_ASKED,,,,,,True,False
year_3_002713,year_3,SECONDARY_INITIATIVE,,,,,,True,False
year_3_002714,year_3,NOT_ASKED,False,True,False,False,False,True,True
year_3_002715,year_3,NOT_ASKED,False,False,True,False,True,True,True
year_3_002716,year_3,NOT_ASKED,False,True,False,False,False,True,True
year_3_002717,year_3,NOT_ASKED,,,,,,True,False
year_3_002718,year_3,NOT_ASKED,False,True,False,False,False,True,True
year_3_002719,year_3,SECONDARY_INITIATIVE,,,,,,True,False
year_3_002720,year_3,NOT_ASKED,False,True,False,False,False,True,True
year_3_002721,year_3,NOT_ASKED,False,True,False,False,True,True,True
year_3_002722,year_3,NOT_ASKED,False,False,True,False,False,True,True
year_3_002723,year_3,TOP_PRIORITY_MEDIUM_TERM,,,,,,True,False
year_3_002724,year_3,SECONDARY_INITIATIVE,,,,,,True,False
year_3_002725,year_3,NOT_ASKED,False,False,False,True,True,True,True
year_3_002726,year_3,NOT_ASKED,False,False,False,False,True,True,True
year_3_002727,year_3,NOT_ASKED,,,,,,True,False
year_3_002728,year_3,NOT_ASKED,False,True,False,False,False,True,True
year_3_002729,year_3,NOT_ASKED,False,False,True,True,False,True,True
year_3_002730,year_3,NOT_ASKED,,,,,,True,False
year_3_002731,year_3,NOT_ASKED,False,True,False,False,False,True,True
year_3_002732,year_3,NOT_ASKED,,,,,,True,False
year_3_002733,year_3,NOT_ASKED,False,False,True,True,False,True,True
year_3_002734,year_3,TOP_PRIORITY_MEDIUM_TERM,,,,,,True,False
year_3_002735,year_3,NOT_ASKED,False,False,False,False,True,True,True
year_3_002736,year_3,NOT_ASKED,False,True,False,False,False,True,True
year_3_002737,year_3,NOT_ASKED,,,,,,True,False
year_3_002738,year_3,NOT_ASKED,False,False,False,True,False,True,True
year_3_002739,year_3,NOT_ASKED,False,False,False,True,False,True,True
year_3_002740,year_3,NOT_ASKED,False,False,True,False,False,True,True
year_3_002741,year_3,NOT_ASKED,False,False,False,True,False,True,True
year_3_002742,year_3,NOT_ASKED,False,True,False,False,True,True,True
year_3_002743,year_3,NOT_ASKED,False,False,True,False,False,True,True
year_3_002744,year_3,TOP_PRIORITY_MAIN,,,,,,True,False
year_3_002745,year_3,NOT_ASKED,False,False,False,False,True,True,True
year_3_002746,year_3,NOT_ASKED,False,False,True,False,False,True,True
year_3_002747,year_3,NOT_ASKED,False,False,True,False,False,True,True
year_3_002748,year_3,NOT_PRIORITY,,,,,,True,False
year_3_002749,year_3,SECONDARY_INITIATIVE,,,,,,True,False
year_3_002750,year_3,NOT_ASKED,False,False,True,True,False,True,True
year_3_002751,year_3,NOT_ASKED,False,False,False,True,False,True,True
year_3_002752,year_3,NOT_ASKED,False,False,False,True,False,True,True
year_3_002753,year_3,NOT_ASKED,False,False,False,True,True,True,True
year_3_002754,year_3,NOT_ASKED,False,False,False,True,True,True,True
year_3_002755,year_3,NOT_ASKED,False,True,False,False,False,True,True
year_3_002756,year_3,NOT_ASKED,False,True,False,False,False,True,True
year_3_002757,year_3,NOT_ASKED,False,False,True,False,False,True,True
year_3_002758,year_3,TOP_PRIORITY_MAIN,,,,,,True,False
year_3_002759,year_3,NOT_ASKED,False,True,False,False,False,True,True
year_3_002760,year_3,NOT_ASKED,,,,,,True,False
year_3_002761,year_3,NOT_ASKED,False,False,False,True,True,True,True
year_3_002762,year_3,NOT_ASKED,False,True,False,False,False,True,True
year_3_002763,year_3,NOT_ASKED,,,,,,True,False
year_3_002764,year_3,SECONDARY_INITIATIVE,,,,,,True,False
year_3_002765,year_3,NOT_ASKED,False,False,False,False,True,True,True
year_3_002766,year_3,NOT_ASKED,False,True,False,False,True,True,True
year_3_002767,year_3,NOT_ASKED,False,False,True,True,False,True,True
year_3_002768,year_3,NOT_ASKED,False,False,False,True,False,True,True
year_3_002769,year_3,NOT_ASKED,False,False,False,True,True,True,True
year_3_002770,year_3,NOT_ASKED,True,False,False,False,False,True,True
year_3_002771,year_3,NOT_ASKED,False,True,False,False,False,True,True
year_3_002772,year_3,TOP_PRIORITY_MEDIUM_TERM,,,,,,True,False
year_3_002773,year_3,NOT_ASKED,,,,,,True,False
year_3_002774,year_3,TOP_PRIORITY_MEDIUM_TERM,,,,,,True,False
year_3_002775,year_3,NOT_ASKED,,,,,,True,False
year_3_002776,year_3,NOT_ASKED,,,,,,True,False
year_3_002777,year_3,NOT_ASKED,False,False,True,False,False,True,True
year_3_002778,year_3,NOT_ASKED,False,True,False,False,True,True,True
year_3_002779,year_3,NOT_ASKED,False,False,False,True,False,True,True
year_3_002780,year_3,TOP_PRIORITY_MEDIUM_TERM,,,,,,True,False
year_3_002781,year_3,NOT_ASKED,,,,,,True,False
year_3_002782,year_3,NOT_ASKED,,,,,,True,False
year_3_002783,year_3,NOT_ASKED,False,True,False,False,False,True,True
year_3_002784,year_3,NOT_ASKED,False,False,False,True,True,True,True
year_3_002785,year_3,SECONDARY_INITIATIVE,,,,,,True,False
year_3_002786,year_3,NOT_ASKED,False,False,False,True,True,True,True
year_3_002787,year_3,TOP_PRIORITY_MAIN,,,,,,True,False
year_3_002788,year_3,NOT_ASKED,False,False,True,False,False,True,True
year_3_002789,year_3,NOT_ASKED,False,False,True,True,False,True,True
year_3_002790,year_3,NOT_ASKED,False,False,False,False,True,True,True
year_3_002791,year_3,SECONDARY_INITIATIVE,,,,,,True,False
year_3_002792,year_3,NOT_ASKED,False,False,False,True,False,True,True
year_3_002793,year_3,NOT_ASKED,False,True,False,False,False,True,True
year_3_002794,year_3,NOT_ASKED,False,False,False,True,True,True,True
year_3_002795,year_3,NOT_ASKED,False,False,True,False,True,True,True
year_3_002796,year_3,SECONDARY_INITIATIVE,,,,,,True,False
year_3_002797,year_3,NOT_ASKED,False,False,False,True,True,True,True
year_3_002798,year_3,NOT_ASKED,False,False,False,True,True,True,True
year_3_002799,year_3,NOT_ASKED,False,False,False,True,True,True,True
year_3_002800,year_3,NOT_ASKED,False,False,True,False,True,True,True
year_3_002801,year_3,NOT_ASKED,False,False,True,False,False,True,True
year_3_002802,year_3,NOT_ASKED,False,False,True,False,False,True,True
year_3_002803,year_3,NOT_ASKED,False,False,False,True,False,True,True
year_3_002804,year_3,NOT_ASKED,False,False,False,True,True,True,True
year_3_002805,year_3,TOP_PRIORITY_MAIN,,,,,,True,False
year_3_002806,year_3,NOT_ASKED,False,False,False,True,True,True,True
year_3_002807,year_3,NOT_ASKED,False,True,False,False,False,True,True
year_3_002808,year_3,NOT_ASKED,False,False,False,False,True,True,True
year_3_002809,year_3,NOT_ASKED,False,True,False,False,False,True,True
year_3_002810,year_3,TOP_PRIORITY_MEDIUM_TERM,,,,,,True,False
year_3_002811,year_3,NOT_ASKED,False,True,False,False,True,True,True
year_3_002812,year_3,NOT_ASKED,,,,,,True,False
year_3_002813,year_3,NOT_ASKED,False,True,False,False,True,True,True
year_3_002814,year_3,TOP_PRIORITY_MEDIUM_TERM,,,,,,True,False
year_3_002815,year_3,NOT_ASKED,False,False,True,False,True,True,True
year_3_002816,year_3,TOP_PRIORITY_MEDIUM_TERM,,,,,,True,False
year_3_002817,year_3,NOT_ASKED,False,False,False,True,False,True,True
year_3_002818,year_3,NOT_ASKED,False,False,True,False,False,True,True
year_3_002819,year_3,NOT_ASKED,False,False,False,True,True,True,True
year_3_002820,year_3,NOT_ASKED,,,,,,True,False
year_3_002821,year_3,NOT_ASKED,False,False,False,False,True,True,True
year_3_002822,year_3,NOT_ASKED,False,True,False,False,False,True,True
year_3_002823,year_3,NOT_ASKED,False,False,False,True,False,True,True
year_3_002824,year_3,NOT_ASKED,False,False,False,False,True,True,True
year_3_002825,year_3,NOT_ASKED,False,False,True,False,False,True,True
year_3_002826,year_3,SECONDARY_INITIATIVE,,,,,,True,False
year_3_002827,year_3,NOT_ASKED,False,True,False,True,False,True,True
year_3_002828,year_3,NOT_ASKED,False,False,False,True,False,True,True
year_3_002829,year_3,NOT_ASKED,False,False,True,False,False,True,True
year_3_002830,year_3,NOT_ASKED,False,True,False,False,True,True,True
year_3_002831,year_3,NOT_ASKED,False,False,True,False,False,True,True
year_3_002832,year_3,NOT_ASKED,False,True,False,False,False,True,True
year_3_002833,year_3,NOT_ASKED,False,False,False,True,True,True,True
year_3_002834,year_3,NOT_ASKED,False,True,False,False,False,True,True
year_3_002835,year_3,NOT_ASKED,False,False,False,False,True,True,True
year_3_002836,year_3,NOT_ASKED,False,True,False,False,False,True,True
year_3_002837,year_3,NOT_ASKED,False,True,False,False,False,True,True
year_3_002838,year_3,SECONDARY_INITIATIVE,,,,,,True,False
year_3_002839,year_3,NOT_ASKED,False,False,False,True,True,True,True
year_3_002840,year_3,NOT_ASKED,,,,,,True,False
year_3_002841,year_3,NOT_ASKED,False,False,False,True,True,True,True
year_3_002842,year_3,NOT_ASKED,False,True,False,False,True,True,True
year_3_002843,year_3,NOT_ASKED,,,,,,True,False
year_3_002844,year_3,NOT_ASKED,False,False,True,False,False,True,True
year_3_002845,year_3,NOT_ASKED,False,True,False,False,False,True,True
year_3_002846,year_3,NOT_PRIORITY,,,,,,True,False
year_3_002847,year_3,DONT_KNOW,,,,,,True,False
year_3_002848,year_3,NOT_ASKED,False,False,False,True,True,True,True
year_3_002849,year_3,NOT_ASKED,,,,,,True,False
year_3_002850,year_3,NOT_ASKED,False,False,False,True,False,True,True
year_3_002851,year_3,SECONDARY_INITIATIVE,,,,,,True,False
year_3_002852,year_3,NOT_ASKED,False,True,False,False,True,True,True
year_3_002853,year_3,NOT_ASKED,False,True,False,False,False,True,True
year_3_002854,year_3,NOT_ASKED,False,False,False,True,False,True,True
year_3_002855,year_3,NOT_ASKED,False,False,True,False,False,True,True
year_3_002856,year_3,NOT_ASKED,False,True,False,False,True,True,True
year_3_002857,year_3,NOT_ASKED,False,True,False,False,True,True,True
year_3_002858,year_3,NOT_ASKED,False,False,False,False,True,True,True
year_3_002859,year_3,NOT_ASKED,False,False,True,False,False,True,True
year_3_002860,year_3,NOT_ASKED,False,True,False,False,False,True,True
year_3_002861,year_3,NOT_ASKED,,,,,,True,False
year_3_002862,year_3,NOT_ASKED,False,False,True,False,False,True,True
year_3_002863,year_3,NOT_ASKED,False,False,False,True,True,True,True
year_3_002864,year_3,NOT_ASKED,False,False,True,False,True,True,True
year_3_002865,year_3,NOT_ASKED,False,True,False,True,False,True,True
year_3_002866,year_3,NOT_ASKED,False,True,False,False,False,True,True
year_3_002867,year_3,NOT_ASKED,False,False,False,True,False,True,True
year_3_002868,year_3,NOT_ASKED,False,True,False,False,False,True,True
year_3_002869,year_3,TOP_PRIORITY_MAIN,,,,,,True,False
year_3_002870,year_3,NOT_ASKED,,,,,,True,False
year_3_002871,year_3,NOT_ASKED,False,False,True,False,False,True,True
year_3_002872,year_3,NOT_ASKED,False,False,False,True,False,True,True
year_3_002873,year_3,NOT_ASKED,False,False,True,False,False,True,True
year_3_002874,year_3,NOT_ASKED,,,,,,True,False
year_3_002875,year_3,NOT_ASKED,False,True,False,False,False,True,True
year_3_002876,year_3,NOT_ASKED,,,,,,True,False
year_3_002877,year_3,NOT_ASKED,False,False,False,True,False,True,True
year_3_002878,year_3,NOT_ASKED,,,,,,True,False
year_3_002879,year_3,NOT_ASKED,False,True,False,False,False,True,True
year_3_002880,year_3,NOT_ASKED,,,,,,True,False
year_3_002881,year_3,SECONDARY_INITIATIVE,,,,,,True,False
year_3_002882,year_3,NOT_ASKED,False,False,False,True,False,True,True
year_3_002883,year_3,NOT_ASKED,False,False,False,False,True,True,True
year_3_002884,year_3,NOT_ASKED,False,False,False,True,False,True,True
year_3_002885,year_3,NOT_ASKED,False,True,False,False,False,True,True
year_3_002886,year_3,NOT_ASKED,,,,,,True,False
year_3_002887,year_3,NOT_ASKED,,,,,,True,False
year_3_002888,year_3,TOP_PRIORITY_MEDIUM_TERM,,,,,,True,False
year_3_002889,year_3,NOT_ASKED,False,False,False,False,True,True,True
year_3_002890,year_3,NOT_ASKED,False,False,True,False,False,True,True
year_3_002891,year_3,NOT_ASKED,False,True,False,False,False,True,True
year_3_002892,year_3,SECONDARY_INITIATIVE,,,,,,True,False
year_3_002893,year_3,NOT_ASKED,False,False,False,True,True,True,True
year_3_002894,year_3,NOT_ASKED,False,False,True,False,False,True,True
year_3_002895,year_3,NOT_ASKED,False,True,False,False,True,True,True
year_3_002896,year_3,NOT_ASKED,,,,,,True,False
year_3_002897,year_3,NOT_ASKED,False,False,True,False,True,True,True
year_3_002898,year_3,NOT_ASKED,False,False,False,True,False,True,True
year_3_002899,year_3,NOT_ASKED,False,False,True,False,False,True,True
year_3_002900,year_3,NOT_ASKED,False,True,False,False,False,True,True
year_3_002901,year_3,NOT_ASKED,False,False,True,False,False,True,True
year_3_002902,year_3,NOT_ASKED,,,,,,True,False
year_3_002903,year_3,NOT_ASKED,True,False,False,False,False,True,True
year_3_002904,year_3,NOT_ASKED,False,False,False,True,True,True,True
year_3_002905,year_3,NOT_ASKED,,,,,,True,False
year_3_002906,year_3,NOT_ASKED,False,True,False,False,False,True,True
year_3_002907,year_3,NOT_ASKED,,,,,,True,False
year_3_002908,year_3,TOP_PRIORITY_MEDIUM_TERM,,,,,,True,False
year_3_002909,year_3,NOT_ASKED,False,False,True,False,True,True,True
year_3_002910,year_3,NOT_ASKED,,,,,,True,False
year_3_002911,year_3,NOT_ASKED,False,False,False,True,True,True,True
year_3_002912,year_3,NOT_ASKED,,,,,,True,False
year_3_002913,year_3,NOT_ASKED,False,True,False,False,False,True,True
year_3_002914,year_3,TOP_PRIORITY_MEDIUM_TERM,,,,,,True,False
year_3_002915,year_3,TOP_PRIORITY_MAIN,,,,,,True,False
year_3_002916,year_3,NOT_ASKED,False,True,False,False,False,True,True
year_3_002917,year_3,NOT_ASKED,False,False,False,True,True,True,True
year_3_002918,year_3,NOT_ASKED,False,False,False,False,True,True,True
year_3_002919,year_3,NOT_ASKED,False,False,True,True,False,True,True
year_3_002920,year_3,TOP_PRIORITY_MEDIUM_TERM,,,,,,True,False
year_3_002921,year_3,NOT_ASKED,False,False,False,True,False,True,True
year_3_002922,year_3,TOP_PRIORITY_MAIN,,,,,,True,False
year_3_002923,year_3,NOT_ASKED,False,False,False,True,False,True,True
year_3_002924,year_3,NOT_ASKED,False,False,False,True,False,True,True
year_3_002925,year_3,SECONDARY_INITIATIVE,,,,,,True,False
year_3_002926,year_3,NOT_ASKED,,,,,,True,False
year_3_002927,year_3,TOP_PRIORITY_MEDIUM_TERM,,,,,,True,False
year_3_002928,year_3,NOT_ASKED,False,False,False,True,False,True,True
year_3_002929,year_3,NOT_ASKED,False,False,False,True,False,True,True
year_3_002930,year_3,NOT_ASKED,False,False,False,True,True,True,True
year_3_002931,year_3,NOT_ASKED,False,False,True,False,False,True,True
year_3_002932,year_3,NOT_ASKED,False,True,False,False,False,True,True
year_3_002933,year_3,NOT_ASKED,,,,,,True,False
year_3_002934,year_3,NOT_ASKED,False,False,True,False,False,True,True
year_3_002935,year_3,NOT_ASKED,,,,,,True,False
year_3_002936,year_3,NOT_ASKED,False,True,False,False,False,True,True
year_3_002937,year_3,NOT_ASKED,False,True,False,False,False,True,True
year_3_002938,year_3,NOT_ASKED,False,False,True,False,False,True,True
year_3_002939,year_3,NOT_ASKED,False,False,True,False,False,True,True
year_3_002940,year_3,NOT_ASKED,False,False,True,False,True,True,True
year_3_002941,year_3,SECONDARY_INITIATIVE,,,,,,True,False
year_3_002942,year_3,NOT_ASKED,False,True,False,False,False,True,True
year_3_002943,year_3,TOP_PRIORITY_MEDIUM_TERM,,,,,,True,False
year_3_002944,year_3,NOT_ASKED,False,False,True,False,False,True,True
year_3_002945,year_3,NOT_ASKED,,,,,,True,False
year_3_002946,year_3,NOT_ASKED,False,True,False,False,False,True,True
year_3_002947,year_3,NOT_ASKED,False,False,False,False,True,True,True
year_3_002948,year_3,NOT_ASKED,False,True,False,True,False,True,True
year_3_002949,year_3,NOT_ASKED,False,False,True,False,False,True,True
year_3_002950,year_3,SECONDARY_INITIATIVE,,,,,,True,False
year_3_002951,year_3,NOT_ASKED,False,False,False,True,False,True,True
year_3_002952,year_3,NOT_ASKED,False,False,True,False,True,True,True
year_3_002953,year_3,NOT_ASKED,False,False,False,True,True,True,True
year_3_002954,year_3,NOT_ASKED,False,True,False,False,False,True,True
year_3_002955,year_3,NOT_ASKED,False,True,False,False,False,True,True
year_3_002956,year_3,NOT_ASKED,,,,,,True,False
year_3_002957,year_3,NOT_ASKED,False,False,True,False,False,True,True
year_3_002958,year_3,NOT_ASKED,,,,,,True,False
year_3_002959,year_3,SECONDARY_INITIATIVE,,,,,,True,False
year_3_002960,year_3,NOT_ASKED,False,False,False,True,True,True,True
year_3_002961,year_3,NOT_ASKED,False,False,False,True,False,True,True
year_3_002962,year_3,TOP_PRIORITY_MEDIUM_TERM,,,,,,True,False
year_3_002963,year_3,NOT_ASKED,False,False,False,False,True,True,True
year_3_002964,year_3,NOT_ASKED,False,False,False,True,False,True,True
year_3_002965,year_3,NOT_ASKED,,,,,,True,False
year_3_002966,year_3,NOT_ASKED,False,False,False,True,True,True,True
year_3_002967,year_3,NOT_ASKED,,,,,,True,False
year_3_002968,year_3,NOT_ASKED,False,True,False,False,False,True,True
year_3_002969,year_3,NOT_ASKED,False,False,False,True,True,True,True
year_3_002970,year_3,NOT_ASKED,,,,,,True,False
year_3_002971,year_3,NOT_ASKED,False,False,False,True,True,True,True
year_3_002972,year_3,NOT_ASKED,,,,,,True,False
year_3_002973,year_3,NOT_ASKED,False,False,False,True,True,True,True
year_3_002974,year_3,NOT_ASKED,False,False,True,False,False,True,True
year_3_002975,year_3,NOT_ASKED,False,False,True,True,False,True,True
year_3_002976,year_3,NOT_ASKED,,,,,,True,False
year_3_002977,year_3,NOT_PRIORITY,,,,,,True,False
year_3_002978,year_3,NOT_ASKED,False,False,False,True,True,True,True
year_3_002979,year_3,NOT_ASKED,,,,,,True,False
year_3_002980,year_3,NOT_ASKED,False,True,False,False,False,True,True
year_3_002981,year_3,NOT_ASKED,False,True,False,False,False,True,True
year_3_002982,year_3,NOT_ASKED,False,False,True,False,False,True,True
year_3_002983,year_3,TOP_PRIORITY_MEDIUM_TERM,,,,,,True,False
year_3_002984,year_3,NOT_ASKED,False,True,False,False,True,True,True
year_3_002985,year_3,NOT_ASKED,False,False,False,True,True,True,True
year_3_002986,year_3,NOT_ASKED,False,False,False,True,True,True,True
year_3_002987,year_3,NOT_ASKED,False,False,False,True,True,True,True
year_3_002988,year_3,NOT_ASKED,False,True,False,False,True,True,True
year_3_002989,year_3,NOT_ASKED,False,True,False,False,False,True,True
year_3_002990,year_3,NOT_ASKED,False,False,False,True,True,True,True
year_3_002991,year_3,NOT_ASKED,False,False,True,False,False,True,True
year_3_002992,year_3,NOT_ASKED,,,,,,True,False
year_3_002993,year_3,NOT_ASKED,False,False,False,False,True,True,True
year_3_002994,year_3,NOT_ASKED,False,True,False,False,False,True,True
year_3_002995,year_3,NOT_ASKED,False,True,False,True,False,True,True
year_3_002996,year_3,NOT_ASKED,False,False,False,True,False,True,True
year_3_002997,year_3,NOT_ASKED,False,False,False,True,True,True,True
year_3_002998,year_3,DONT_KNOW,,,,,,True,False
year_3_002999,year_3,NOT_ASKED,False,True,False,False,False,True,True
year_3_003000,year_3,NOT_ASKED,False,False,False,False,True,True,True
year_3_003001,year_3,NOT_ASKED,False,False,False,True,True,True,True
year_3_003002,year_3,NOT_ASKED,False,False,False,True,False,True,True
year_3_003003,year_3,TOP_PRIORITY_MAIN,,,,,,True,False
year_3_003004,year_3,NOT_ASKED,,,,,,True,False
year_3_003005,year_3,SECONDARY_INITIATIVE,,,,,,True,False
year_3_003006,year_3,NOT_ASKED,False,False,False,True,False,True,True
year_3_003007,year_3,SECONDARY_INITIATIVE,,,,,,True,False
year_3_003008,year_3,NOT_ASKED,False,False,False,True,True,True,True
year_3_003009,year_3,NOT_ASKED,False,True,False,False,False,True,True
year_3_003010,year_3,NOT_ASKED,,,,,,True,False
year_3_003011,year_3,NOT_ASKED,False,False,True,True,False,True,True
year_3_003012,year_3,NOT_ASKED,False,False,True,False,True,True,True
year_3_003013,year_3,NOT_ASKED,False,False,True,False,False,True,True
year_3_003014,year_3,NOT_ASKED,False,False,True,False,False,True,True
year_3_003015,year_3,NOT_ASKED,False,True,False,False,False,True,True
year_3_003016,year_3,NOT_ASKED,False,False,False,True,True,True,True
year_3_003017,year_3,NOT_ASKED,False,False,True,True,False,True,True
year_3_003018,year_3,NOT_ASKED,,,,,,True,False
year_3_003019,year_3,NOT_ASKED,,,,,,True,False
year_3_003020,year_3,NOT_ASKED,,,,,,True,False
year_3_003021,year_3,NOT_ASKED,False,False,True,True,False,True,True
year_3_003022,year_3,NOT_ASKED,False,False,True,False,False,True,True
year_3_003023,year_3,NOT_ASKED,False,False,True,False,False,True,True
year_3_003024,year_3,NOT_ASKED,False,True,False,False,False,True,True
year_3_003025,year_3,NOT_ASKED,False,True,False,False,False,True,True
year_3_003026,year_3,NOT_ASKED,False,False,False,False,True,True,True
year_3_003027,year_3,NOT_ASKED,False,True,False,False,True,True,True
year_3_003028,year_3,NOT_ASKED,False,False,False,True,False,True,True
year_3_003029,year_3,TOP_PRIORITY_MEDIUM_TERM,,,,,,True,False
year_3_003030,year_3,NOT_ASKED,False,False,False,True,False,True,True
year_3_003031,year_3,NOT_ASKED,,,,,,True,False
year_3_003032,year_3,NOT_ASKED,False,False,True,False,False,True,True
year_3_003033,year_3,NOT_ASKED,False,False,True,False,False,True,True
year_3_003034,year_3,NOT_ASKED,False,False,False,True,True,True,True
year_3_003035,year_3,NOT_ASKED,False,False,False,True,False,True,True
year_3_003036,year_3,NOT_ASKED,,,,,,True,False
year_3_003037,year_3,NOT_ASKED,False,False,False,False,True,True,True
year_3_003038,year_3,NOT_ASKED,False,False,True,False,False,True,True
year_3_003039,year_3,TOP_PRIORITY_MEDIUM_TERM,,,,,,True,False
year_3_003040,year_3,NOT_ASKED,,,,,,True,False
year_3_003041,year_3,NOT_ASKED,,,,,,True,False
year_3_003042,year_3,NOT_ASKED,False,True,False,False,False,True,True
year_3_003043,year_3,TOP_PRIORITY_MEDIUM_TERM,,,,,,True,False
year_3_003044,year_3,NOT_ASKED,False,False,False,True,True,True,True
year_3_003045,year_3,NOT_ASKED,False,False,True,False,False,True,True
year_3_003046,year_3,NOT_ASKED,False,False,True,False,True,True,True
year_3_003047,year_3,TOP_PRIORITY_MAIN,,,,,,True,False
year_3_003048,year_3,NOT_ASKED,False,True,False,False,False,True,True
year_3_003049,year_3,NOT_ASKED,,,,,,True,False
year_3_003050,year_3,NOT_ASKED,,,,,,True,False
year_3_003051,year_3,NOT_ASKED,False,False,True,False,False,True,True
year_3_003052,year_3,NOT_ASKED,,,,,,True,False
year_3_003053,year_3,NOT_ASKED,False,False,True,False,False,True,True
year_3_003054,year_3,NOT_ASKED,False,True,False,False,False,True,True
year_3_003055,year_3,NOT_ASKED,,,,,,True,False
year_3_003056,year_3,NOT_ASKED,False,False,False,True,False,True,True
year_3_003057,year_3,NOT_ASKED,False,True,False,False,False,True,True
year_3_003058,year_3,NOT_ASKED,False,False,False,True,False,True,True
year_3_003059,year_3,NOT_ASKED,,,,,,True,False
year_3_003060,year_3,NOT_ASKED,False,True,False,False,True,True,True
year_3_003061,year_3,NOT_ASKED,False,False,True,False,False,True,True
year_3_003062,year_3,NOT_ASKED,False,False,False,True,False,True,True
year_3_003063,year_3,NOT_ASKED,False,False,False,True,True,True,True
year_3_003064,year_3,NOT_ASKED,False,False,False,True,True,True,True
year_3_003065,year_3,NOT_ASKED,False,True,False,False,False,True,True
year_3_003066,year_3,NOT_ASKED,False,False,True,False,True,True,True
year_3_003067,year_3,TOP_PRIORITY_MEDIUM_TERM,,,,,,True,False
year_3_003068,year_3,NOT_ASKED,False,True,False,False,False,True,True
year_3_003069,year_3,TOP_PRIORITY_MEDIUM_TERM,,,,,,True,False
year_3_003070,year_3,NOT_ASKED,False,False,False,True,False,True,True
year_3_003071,year_3,NOT_ASKED,False,False,True,False,False,True,True
year_3_003072,year_3,SECONDARY_INITIATIVE,,,,,,True,False
year_3_003073,year_3,NOT_PRIORITY,,,,,,True,False
year_3_003074,year_3,NOT_PRIORITY,,,,,,True,False
year_3_003075,year_3,NOT_ASKED,False,False,False,True,False,True,True
year_3_003076,year_3,NOT_ASKED,,,,,,True,False
year_3_003077,year_3,NOT_ASKED,False,False,False,True,True,True,True
year_3_003078,year_3,NOT_ASKED,False,False,False,True,False,True,True
year_3_003079,year_3,NOT_ASKED,False,False,True,False,False,True,True
year_3_003080,year_3,SECONDARY_INITIATIVE,,,,,,True,False
year_3_003081,year_3,NOT_ASKED,False,False,True,False,False,True,True
year_3_003082,year_3,TOP_PRIORITY_MEDIUM_TERM,,,,,,True,False
year_3_003083,year_3,NOT_ASKED,,,,,,True,False
year_3_003084,year_3,NOT_ASKED,False,False,False,True,True,True,True
year_3_003085,year_3,NOT_ASKED,False,False,False,True,False,True,True
year_3_003086,year_3,TOP_PRIORITY_MEDIUM_TERM,,,,,,True,False
year_3_003087,year_3,NOT_ASKED,False,True,True,False,False,True,True
year_3_003088,year_3,NOT_ASKED,False,True,False,True,False,True,True
year_3_003089,year_3,TOP_PRIORITY_MEDIUM_TERM,,,,,,True,False
year_3_003090,year_3,NOT_ASKED,False,True,False,False,False,True,True
year_3_003091,year_3,NOT_ASKED,False,False,True,False,False,True,True
year_3_003092,year_3,NOT_ASKED,False,True,False,True,False,True,True
year_3_003093,year_3,NOT_ASKED,False,False,False,True,True,True,True
year_3_003094,year_3,NOT_ASKED,False,False,True,False,False,True,True
year_3_003095,year_3,NOT_PRIORITY,,,,,,True,False
year_3_003096,year_3,NOT_ASKED,False,False,True,False,False,True,True
year_3_003097,year_3,NOT_ASKED,False,True,False,False,False,True,True
year_3_003098,year_3,NOT_ASKED,False,True,False,False,False,True,True
year_3_003099,year_3,NOT_ASKED,,,,,,True,False
year_3_003100,year_3,NOT_ASKED,,,,,,True,False
year_3_003101,year_3,NOT_ASKED,,,,,,True,False
year_3_003102,year_3,NOT_ASKED,,,,,,True,False
year_3_003103,year_3,NOT_ASKED,,,,,,True,False
year_3_003104,year_3,NOT_ASKED,False,True,False,False,False,True,True
year_3_003105,year_3,NOT_ASKED,False,True,False,False,False,True,True
year_3_003106,year_3,NOT_ASKED,,,,,,True,False
year_3_003107,year_3,NOT_ASKED,False,False,False,True,True,True,True
year_3_003108,year_3,NOT_ASKED,False,False,True,False,False,True,True
year_3_003109,year_3,NOT_ASKED,False,True,False,False,True,True,True
year_3_003110,year_3,NOT_ASKED,False,True,False,False,False,True,True
year_3_003111,year_3,SECONDARY_INITIATIVE,,,,,,True,False
year_3_003112,year_3,NOT_ASKED,False,False,True,False,True,True,True
year_3_003113,year_3,NOT_ASKED,False,False,True,False,False,True,True
year_3_003114,year_3,NOT_ASKED,False,False,False,True,False,True,True
year_3_003115,year_3,NOT_ASKED,False,True,False,False,False,True,True
year_3_003116,year_3,NOT_ASKED,,,,,,True,False
year_3_003117,year_3,NOT_PRIORITY,,,,,,True,False
year_3_003118,year_3,NOT_ASKED,False,True,False,False,False,True,True
year_3_003119,year_3,NOT_ASKED,False,False,True,False,False,True,True
year_3_003120,year_3,NOT_ASKED,False,False,True,False,False,True,True
year_3_003121,year_3,NOT_ASKED,False,True,False,True,False,True,True
year_3_003122,year_3,TOP_PRIORITY_MEDIUM_TERM,,,,,,True,False
year_3_003123,year_3,NOT_ASKED,False,False,False,True,False,True,True
year_3_003124,year_3,NOT_ASKED,False,True,False,False,False,True,True
year_3_003125,year_3,NOT_ASKED,False,True,False,False,True,True,True
year_3_003126,year_3,NOT_ASKED,,,,,,True,False
year_3_003127,year_3,SECONDARY_INITIATIVE,,,,,,True,False
year_3_003128,year_3,NOT_ASKED,,,,,,True,False
year_3_003129,year_3,NOT_ASKED,False,False,False,True,False,True,True
year_3_003130,year_3,NOT_ASKED,False,False,False,True,True,True,True
year_3_003131,year_3,NOT_ASKED,False,False,False,True,False,True,True
year_3_003132,year_3,NOT_ASKED,False,False,False,True,False,True,True
year_3_003133,year_3,NOT_ASKED,False,False,True,False,False,True,True
year_3_003134,year_3,NOT_ASKED,,,,,,True,False
year_3_003135,year_3,NOT_ASKED,False,False,False,True,False,True,True
year_3_003136,year_3,NOT_ASKED,False,True,False,False,False,True,True
year_3_003137,year_3,NOT_ASKED,False,True,False,False,False,True,True
year_3_003138,year_3,NOT_ASKED,False,False,False,True,True,True,True
year_3_003139,year_3,NOT_ASKED,,,,,,True,False
year_3_003140,year_3,NOT_ASKED,False,False,False,True,False,True,True
year_3_003141,year_3,NOT_ASKED,False,True,False,True,False,True,True
year_3_003142,year_3,NOT_ASKED,,,,,,True,False
year_3_003143,year_3,NOT_ASKED,False,True,False,False,True,True,True
year_3_003144,year_3,TOP_PRIORITY_MAIN,,,,,,True,False
year_3_003145,year_3,SECONDARY_INITIATIVE,,,,,,True,False
year_3_003146,year_3,NOT_ASKED,False,False,True,False,False,True,True
year_3_003147,year_3,NOT_ASKED,,,,,,True,False
year_3_003148,year_3,NOT_ASKED,False,False,False,True,False,True,True
year_3_003149,year_3,NOT_ASKED,False,True,True,False,False,True,True
year_3_003150,year_3,NOT_ASKED,False,False,True,False,True,True,True
year_3_003151,year_3,NOT_ASKED,False,False,False,True,False,True,True
year_3_003152,year_3,NOT_ASKED,,,,,,True,False
year_3_003153,year_3,NOT_ASKED,False,False,False,True,False,True,True
year_3_003154,year_3,DONT_KNOW,,,,,,True,False
year_3_003155,year_3,NOT_ASKED,,,,,,True,False
year_3_003156,year_3,TOP_PRIORITY_MAIN,,,,,,True,False
year_3_003157,year_3,NOT_ASKED,False,False,False,True,False,True,True
year_3_003158,year_3,NOT_ASKED,,,,,,True,False
year_3_003159,year_3,NOT_ASKED,False,False,False,True,False,True,True
year_3_003160,year_3,NOT_ASKED,,,,,,True,False
year_3_003161,year_3,TOP_PRIORITY_MAIN,,,,,,True,False
year_3_003162,year_3,NOT_ASKED,False,False,False,True,True,True,True
year_3_003163,year_3,NOT_ASKED,False,False,True,False,False,True,True
year_3_003164,year_3,NOT_ASKED,False,True,False,False,False,True,True
year_3_003165,year_3,NOT_ASKED,False,False,True,False,False,True,True
year_3_003166,year_3,TOP_PRIORITY_MEDIUM_TERM,,,,,,True,False
year_3_003167,year_3,NOT_ASKED,False,False,True,True,False,True,True
year_3_003168,year_3,NOT_ASKED,False,False,False,True,True,True,True
year_3_003169,year_3,NOT_ASKED,False,False,False,True,True,True,True
year_3_003170,year_3,NOT_ASKED,False,False,True,False,False,True,True
year_3_003171,year_3,NOT_ASKED,False,True,False,False,False,True,True
year_3_003172,year_3,SECONDARY_INITIATIVE,,,,,,True,False
year_3_003173,year_3,NOT_PRIORITY,,,,,,True,False
year_3_003174,year_3,TOP_PRIORITY_MEDIUM_TERM,,,,,,True,False
year_3_003175,year_3,NOT_ASKED,False,True,False,False,False,True,True
year_3_003176,year_3,NOT_ASKED,False,False,False,True,False,True,True
year_3_003177,year_3,NOT_ASKED,,,,,,True,False
year_3_003178,year_3,NOT_ASKED,,,,,,True,False
year_3_003179,year_3,NOT_ASKED,,,,,,True,False
year_3_003180,year_3,NOT_ASKED,,,,,,True,False
year_3_003181,year_3,NOT_ASKED,,,,,,True,False
year_3_003182,year_3,NOT_ASKED,,,,,,True,False
year_3_003183,year_3,NOT_ASKED,,,,,,True,False
year_3_003184,year_3,NOT_ASKED,,,,,,True,False
year_3_003185,year_3,NOT_ASKED,,,,,,True,False
year_3_003186,year_3,NOT_ASKED,,,,,,True,False
year_3_003187,year_3,NOT_ASKED,,,,,,True,False
year_3_003188,year_3,NOT_ASKED,,,,,,True,False
year_3_003189,year_3,NOT_ASKED,,,,,,True,False
year_3_003190,year_3,NOT_ASKED,,,,,,True,False
year_3_003191,year_3,NOT_ASKED,,,,,,True,False
year_3_003192,year_3,NOT_ASKED,,,,,,True,False
year_3_003193,year_3,NOT_ASKED,,,,,,True,False
year_3_003194,year_3,NOT_ASKED,,,,,,True,False
year_3_003195,year_3,NOT_ASKED,,,,,,True,False
year_3_003196,year_3,NOT_ASKED,,,,,,True,False
year_3_003197,year_3,NOT_ASKED,,,,,,True,False
year_3_003198,year_3,NOT_ASKED,,,,,,True,False
year_3_003199,year_3,NOT_ASKED,,,,,,True,False
year_3_003200,year_3,NOT_ASKED,,,,,,True,False
year_3_003201,year_3,NOT_ASKED,,,,,,True,False
year_3_003202,year_3,NOT_ASKED,,,,,,True,False
year_3_003203,year_3,NOT_ASKED,,,,,,True,False
year_3_003204,year_3,NOT_ASKED,,,,,,True,False
year_3_003205,year_3,NOT_ASKED,,,,,,True,False
year_3_003206,year_3,NOT_ASKED,,,,,,True,False
year_3_003207,year_3,NOT_ASKED,,,,,,True,False
year_3_003208,year_3,NOT_ASKED,,,,,,True,False
year_3_003209,year_3,NOT_ASKED,,,,,,True,False
year_3_003210,year_3,NOT_ASKED,,,,,,True,False
year_3_003211,year_3,NOT_ASKED,,,,,,True,False
year_3_003212,year_3,NOT_ASKED,,,,,,True,False
year_3_003213,year_3,NOT_ASKED,,,,,,True,False
year_3_003214,year_3,NOT_ASKED,,,,,,True,False
year_3_003215,year_3,NOT_ASKED,,,,,,True,False
year_3_003216,year_3,NOT_ASKED,,,,,,True,False
year_3_003217,year_3,NOT_ASKED,,,,,,True,False
year_3_003218,year_3,NOT_ASKED,,,,,,True,False
year_3_003219,year_3,NOT_ASKED,,,,,,True,False
year_3_003220,year_3,NOT_ASKED,,,,,,True,False
year_3_003221,year_3,NOT_ASKED,,,,,,True,False
year_3_003222,year_3,NOT_ASKED,,,,,,True,False
year_3_003223,year_3,NOT_ASKED,,,,,,True,False
year_3_003224,year_3,NOT_ASKED,,,,,,True,False
year_3_003225,year_3,NOT_ASKED,,,,,,True,False
year_3_003226,year_3,NOT_ASKED,,,,,,True,False
year_3_003227,year_3,NOT_ASKED,,,,,,True,False
year_3_003228,year_3,NOT_ASKED,,,,,,True,False
year_3_003229,year_3,NOT_ASKED,,,,,,True,False
year_3_003230,year_3,NOT_ASKED,,,,,,True,False
year_3_003231,year_3,NOT_ASKED,,,,,,True,False
year_3_003232,year_3,NOT_ASKED,,,,,,True,False
year_3_003233,year_3,NOT_ASKED,,,,,,True,False
year_3_003234,year_3,NOT_ASKED,,,,,,True,False
year_3_003235,year_3,NOT_ASKED,,,,,,True,False
year_3_003236,year_3,NOT_ASKED,,,,,,True,False
year_3_003237,year_3,NOT_ASKED,,,,,,True,False
year_3_003238,year_3,NOT_ASKED,,,,,,True,False
year_3_003239,year_3,NOT_ASKED,,,,,,True,False
year_3_003240,year_3,NOT_ASKED,,,,,,True,False
year_3_003241,year_3,NOT_ASKED,,,,,,True,False
year_3_003242,year_3,NOT_ASKED,,,,,,True,False
year_3_003243,year_3,NOT_ASKED,,,,,,True,False
year_3_003244,year_3,NOT_ASKED,,,,,,True,False
year_3_003245,year_3,NOT_ASKED,,,,,,True,False
year_3_003246,year_3,NOT_ASKED,,,,,,True,False
year_3_003247,year_3,NOT_ASKED,,,,,,True,False
year_3_003248,year_3,NOT_ASKED,,,,,,True,False
year_3_003249,year_3,NOT_ASKED,,,,,,True,False
year_3_003250,year_3,NOT_ASKED,,,,,,True,False
year_3_003251,year_3,NOT_ASKED,,,,,,True,False
year_3_003252,year_3,NOT_ASKED,,,,,,True,False
year_3_003253,year_3,NOT_ASKED,,,,,,True,False
year_3_003254,year_3,NOT_ASKED,,,,,,True,False
year_3_003255,year_3,NOT_ASKED,,,,,,True,False
year_3_003256,year_3,NOT_ASKED,,,,,,True,False
year_3_003257,year_3,NOT_ASKED,,,,,,True,False
year_3_003258,year_3,NOT_ASKED,,,,,,True,False
year_3_003259,year_3,NOT_ASKED,,,,,,True,False
year_3_003260,year_3,NOT_ASKED,,,,,,True,False
year_3_003261,year_3,NOT_ASKED,,,,,,True,False
year_3_003262,year_3,NOT_ASKED,,,,,,True,False
year_3_003263,year_3,NOT_ASKED,,,,,,True,False
year_3_003264,year_3,NOT_ASKED,,,,,,True,False
year_3_003265,year_3,NOT_ASKED,,,,,,True,False
year_3_003266,year_3,NOT_ASKED,,,,,,True,False
year_3_003267,year_3,NOT_ASKED,,,,,,True,False
year_3_003268,year_3,NOT_ASKED,,,,,,True,False
year_3_003269,year_3,NOT_ASKED,,,,,,True,False
year_3_003270,year_3,NOT_ASKED,,,,,,True,False
year_3_003271,year_3,NOT_ASKED,,,,,,True,False
year_3_003272,year_3,NOT_ASKED,,,,,,True,False
year_3_003273,year_3,NOT_ASKED,,,,,,True,False
year_3_003274,year_3,NOT_ASKED,,,,,,True,False
year_3_003275,year_3,NOT_ASKED,,,,,,True,False
year_3_003276,year_3,NOT_ASKED,,,,,,True,False
year_3_003277,year_3,NOT_ASKED,,,,,,True,False
year_3_003278,year_3,NOT_ASKED,,,,,,True,False
year_3_003279,year_3,NOT_ASKED,,,,,,True,False
year_3_003280,year_3,NOT_ASKED,,,,,,True,False
year_3_003281,year_3,NOT_ASKED,,,,,,True,False
year_3_003282,year_3,NOT_ASKED,,,,,,True,False
year_3_003283,year_3,NOT_ASKED,,,,,,True,False
year_3_003284,year_3,NOT_ASKED,,,,,,True,False
year_3_003285,year_3,NOT_ASKED,,,,,,True,False
year_3_003286,year_3,NOT_ASKED,,,,,,True,False
year_3_003287,year_3,NOT_ASKED,,,,,,True,False
year_3_003288,year_3,NOT_ASKED,,,,,,True,False
year_3_003289,year_3,NOT_ASKED,,,,,,True,False
year_3_003290,year_3,NOT_ASKED,,,,,,True,False
year_3_003291,year_3,NOT_ASKED,,,,,,True,False
year_3_003292,year_3,NOT_ASKED,,,,,,True,False
year_3_003293,year_3,NOT_ASKED,,,,,,True,False
year_3_003294,year_3,NOT_ASKED,,,,,,True,False
year_3_003295,year_3,NOT_ASKED,,,,,,True,False
year_3_003296,year_3,NOT_ASKED,,,,,,True,False
year_3_003297,year_3,NOT_ASKED,,,,,,True,False
year_3_003298,year_3,NOT_ASKED,,,,,,True,False
year_3_003299,year_3,NOT_ASKED,,,,,,True,False
year_3_003300,year_3,NOT_ASKED,,,,,,True,False
year_3_003301,year_3,NOT_ASKED,,,,,,True,False
year_3_003302,year_3,NOT_ASKED,,,,,,True,False
year_3_003303,year_3,NOT_ASKED,,,,,,True,False
year_3_003304,year_3,NOT_ASKED,,,,,,True,False
year_3_003305,year_3,NOT_ASKED,,,,,,True,False
year_3_003306,year_3,NOT_ASKED,,,,,,True,False
year_3_003307,year_3,NOT_ASKED,,,,,,True,False
year_3_003308,year_3,NOT_ASKED,,,,,,True,False
year_3_003309,year_3,NOT_ASKED,,,,,,True,False
year_3_003310,year_3,NOT_ASKED,,,,,,True,False
year_3_003311,year_3,NOT_ASKED,,,,,,True,False
year_3_003312,year_3,NOT_ASKED,,,,,,True,False
year_3_003313,year_3,NOT_ASKED,,,,,,True,False
year_3_003314,year_3,NOT_ASKED,,,,,,True,False
year_3_003315,year_3,NOT_ASKED,,,,,,True,False
year_3_003316,year_3,NOT_ASKED,,,,,,True,False
year_3_003317,year_3,NOT_ASKED,,,,,,True,False
year_3_003318,year_3,NOT_ASKED,,,,,,True,False
year_3_003319,year_3,NOT_ASKED,,,,,,True,False
year_3_003320,year_3,NOT_ASKED,,,,,,True,False
year_3_003321,year_3,NOT_ASKED,,,,,,True,False
year_3_003322,year_3,NOT_ASKED,,,,,,True,False
year_3_003323,year_3,NOT_ASKED,,,,,,True,False
year_3_003324,year_3,NOT_ASKED,,,,,,True,False
year_3_003325,year_3,NOT_ASKED,,,,,,True,False
year_3_003326,year_3,NOT_ASKED,,,,,,True,False
year_3_003327,year_3,NOT_ASKED,,,,,,True,False
year_3_003328,year_3,NOT_ASKED,,,,,,True,False
year_3_003329,year_3,NOT_ASKED,,,,,,True,False
year_3_003330,year_3,NOT_ASKED,,,,,,True,False
year_3_003331,year_3,NOT_ASKED,,,,,,True,False
year_3_003332,year_3,NOT_ASKED,,,,,,True,False
year_3_003333,year_3,NOT_ASKED,,,,,,True,False
year_3_003334,year_3,NOT_ASKED,,,,,,True,False
year_3_003335,year_3,NOT_ASKED,,,,,,True,False
year_3_003336,year_3,NOT_ASKED,,,,,,True,False
year_3_003337,year_3,NOT_ASKED,,,,,,True,False
year_3_003338,year_3,NOT_ASKED,,,,,,True,False
year_3_003339,year_3,NOT_ASKED,,,,,,True,False
year_3_003340,year_3,NOT_ASKED,,,,,,True,False
year_3_003341,year_3,NOT_ASKED,,,,,,True,False
year_3_003342,year_3,NOT_ASKED,,,,,,True,False
year_3_003343,year_3,NOT_ASKED,,,,,,True,False
year_3_003344,year_3,NOT_ASKED,,,,,,True,False
year_3_003345,year_3,NOT_ASKED,,,,,,True,False
year_3_003346,year_3,NOT_ASKED,,,,,,True,False
year_3_003347,year_3,NOT_ASKED,,,,,,True,False
year_3_003348,year_3,NOT_ASKED,,,,,,True,False
year_3_003349,year_3,NOT_ASKED,,,,,,True,False
year_3_003350,year_3,NOT_ASKED,,,,,,True,False
year_3_003351,year_3,NOT_ASKED,,,,,,True,False
year_3_003352,year_3,NOT_ASKED,,,,,,True,False
year_3_003353,year_3,NOT_ASKED,,,,,,True,False
year_3_003354,year_3,NOT_ASKED,,,,,,True,False
year_3_003355,year_3,NOT_ASKED,,,,,,True,False
year_3_003356,year_3,NOT_ASKED,,,,,,True,False
year_3_003357,year_3,NOT_ASKED,,,,,,True,False
year_3_003358,year_3,NOT_ASKED,,,,,,True,False
year_3_003359,year_3,NOT_ASKED,,,,,,True,False
year_3_003360,year_3,NOT_ASKED,,,,,,True,False
year_3_003361,year_3,NOT_ASKED,,,,,,True,False
year_3_003362,year_3,NOT_ASKED,,,,,,True,False
year_3_003363,year_3,NOT_ASKED,,,,,,True,False
year_3_003364,year_3,NOT_ASKED,,,,,,True,False
year_3_003365,year_3,NOT_ASKED,,,,,,True,False
year_3_003366,year_3,NOT_ASKED,,,,,,True,False
year_3_003367,year_3,NOT_ASKED,,,,,,True,False
year_3_003368,year_3,NOT_ASKED,,,,,,True,False
year_3_003369,year_3,NOT_ASKED,,,,,,True,False
year_3_003370,year_3,NOT_ASKED,,,,,,True,False
year_3_003371,year_3,NOT_ASKED,,,,,,True,False
year_3_003372,year_3,NOT_ASKED,,,,,,True,False
year_3_003373,year_3,NOT_ASKED,,,,,,True,False
year_3_003374,year_3,NOT_ASKED,,,,,,True,False
year_3_003375,year_3,NOT_ASKED,,,,,,True,False
year_3_003376,year_3,NOT_ASKED,,,,,,True,False
year_3_003377,year_3,NOT_ASKED,,,,,,True,False
year_3_003378,year_3,NOT_ASKED,,,,,,True,False
year_3_003379,year_3,NOT_ASKED,,,,,,True,False
year_3_003380,year_3,NOT_ASKED,,,,,,True,False
year_3_003381,year_3,NOT_ASKED,,,,,,True,False
year_3_003382,year_3,NOT_ASKED,,,,,,True,False
year_3_003383,year_3,NOT_ASKED,,,,,,True,False
year_3_003384,year_3,NOT_ASKED,,,,,,True,False
year_3_003385,year_3,NOT_ASKED,,,,,,True,False
year_3_003386,year_3,NOT_ASKED,,,,,,True,False
year_3_003387,year_3,NOT_ASKED,,,,,,True,False
year_3_003388,year_3,NOT_ASKED,,,,,,True,False
year_3_003389,year_3,NOT_ASKED,,,,,,True,False
year_3_003390,year_3,NOT_ASKED,,,,,,True,False
year_3_003391,year_3,NOT_ASKED,,,,,,True,False
year_3_003392,year_3,NOT_ASKED,,,,,,True,False
year_3_003393,year_3,NOT_ASKED,,,,,,True,False
year_3_003394,year_3,NOT_ASKED,,,,,,True,False
year_3_003395,year_3,NOT_ASKED,,,,,,True,False
year_3_003396,year_3,NOT_ASKED,,,,,,True,False
year_3_003397,year_3,NOT_ASKED,,,,,,True,False
year_3_003398,year_3,NOT_ASKED,,,,,,True,False
year_3_003399,year_3,NOT_ASKED,,,,,,True,False
year_3_003400,year_3,NOT_ASKED,,,,,,True,False
year_3_003401,year_3,NOT_ASKED,,,,,,True,False
year_3_003402,year_3,NOT_ASKED,,,,,,True,False
year_3_003403,year_3,NOT_ASKED,,,,,,True,False
year_3_003404,year_3,NOT_ASKED,,,,,,True,False
year_3_003405,year_3,NOT_ASKED,,,,,,True,False
year_3_003406,year_3,NOT_ASKED,,,,,,True,False
year_3_003407,year_3,NOT_ASKED,,,,,,True,False
year_3_003408,year_3,NOT_ASKED,,,,,,True,False
year_3_003409,year_3,NOT_ASKED,,,,,,True,False
year_3_003410,year_3,NOT_ASKED,,,,,,True,False
year_3_003411,year_3,NOT_ASKED,,,,,,True,False
year_3_003412,year_3,NOT_ASKED,,,,,,True,False
year_3_003413,year_3,NOT_ASKED,,,,,,True,False
year_3_003414,year_3,NOT_ASKED,,,,,,True,False
year_3_003415,year_3,NOT_ASKED,,,,,,True,False
year_3_003416,year_3,NOT_ASKED,,,,,,True,False
year_3_003417,year_3,NOT_ASKED,,,,,,True,False
year_3_003418,year_3,NOT_ASKED,,,,,,True,False
year_3_003419,year_3,NOT_ASKED,,,,,,True,False
year_3_003420,year_3,NOT_ASKED,,,,,,True,False
year_3_003421,year_3,NOT_ASKED,,,,,,True,False
year_3_003422,year_3,NOT_ASKED,,,,,,True,False
year_3_003423,year_3,NOT_ASKED,,,,,,True,False
year_3_003424,year_3,NOT_ASKED,,,,,,True,False
year_3_003425,year_3,NOT_ASKED,,,,,,True,False
year_3_003426,year_3,NOT_ASKED,,,,,,True,False
year_3_003427,year_3,NOT_ASKED,,,,,,True,False
year_3_003428,year_3,NOT_ASKED,,,,,,True,False
year_3_003429,year_3,NOT_ASKED,,,,,,True,False
year_3_003430,year_3,NOT_ASKED,,,,,,True,False
year_3_003431,year_3,NOT_ASKED,,,,,,True,False
year_3_003432,year_3,NOT_ASKED,,,,,,True,False
year_3_003433,year_3,NOT_ASKED,,,,,,True,False
year_3_003434,year_3,NOT_ASKED,,,,,,True,False
year_3_003435,year_3,NOT_ASKED,,,,,,True,False
year_3_003436,year_3,NOT_ASKED,,,,,,True,False
year_3_003437,year_3,NOT_ASKED,,,,,,True,False
year_3_003438,year_3,NOT_ASKED,,,,,,True,False
year_3_003439,year_3,NOT_ASKED,,,,,,True,False
year_3_003440,year_3,NOT_ASKED,,,,,,True,False
year_3_003441,year_3,NOT_ASKED,,,,,,True,False
year_3_003442,year_3,NOT_ASKED,,,,,,True,False
year_3_003443,year_3,NOT_ASKED,,,,,,True,False
year_3_003444,year_3,NOT_ASKED,,,,,,True,False
year_3_003445,year_3,NOT_ASKED,,,,,,True,False
year_3_003446,year_3,NOT_ASKED,,,,,,True,False
year_3_003447,year_3,NOT_ASKED,,,,,,True,False
year_3_003448,year_3,NOT_ASKED,,,,,,True,False
year_3_003449,year_3,NOT_ASKED,,,,,,True,False
year_3_003450,year_3,NOT_ASKED,,,,,,True,False
year_3_003451,year_3,NOT_ASKED,,,,,,True,False
year_3_003452,year_3,NOT_ASKED,,,,,,True,False
year_3_003453,year_3,NOT_ASKED,,,,,,True,False
year_3_003454,year_3,NOT_ASKED,,,,,,True,False
year_3_003455,year_3,NOT_ASKED,,,,,,True,False
year_3_003456,year_3,NOT_ASKED,,,,,,True,False
year_3_003457,year_3,NOT_ASKED,,,,,,True,False
year_3_003458,year_3,NOT_ASKED,,,,,,True,False
year_3_003459,year_3,NOT_ASKED,,,,,,True,False
year_3_003460,year_3,NOT_ASKED,,,,,,True,False
year_3_003461,year_3,NOT_ASKED,,,,,,True,False
year_3_003462,year_3,NOT_ASKED,,,,,,True,False
year_3_003463,year_3,NOT_ASKED,,,,,,True,False
year_3_003464,year_3,NOT_ASKED,,,,,,True,False
year_3_003465,year_3,NOT_ASKED,,,,,,True,False
year_3_003466,year_3,NOT_ASKED,,,,,,True,False
year_3_003467,year_3,NOT_ASKED,,,,,,True,False
year_3_003468,year_3,NOT_ASKED,,,,,,True,False
year_3_003469,year_3,NOT_ASKED,,,,,,True,False
year_3_003470,year_3,NOT_ASKED,,,,,,True,False
year_3_003471,year_3,NOT_ASKED,,,,,,True,False
year_3_003472,year_3,NOT_ASKED,,,,,,True,False
year_3_003473,year_3,NOT_ASKED,,,,,,True,False
year_3_003474,year_3,NOT_ASKED,,,,,,True,False
year_3_003475,year_3,NOT_ASKED,,,,,,True,False
year_3_003476,year_3,NOT_ASKED,,,,,,True,False
year_3_003477,year_3,NOT_ASKED,,,,,,True,False
year_3_003478,year_3,NOT_ASKED,,,,,,True,False
year_3_003479,year_3,NOT_ASKED,,,,,,True,False
year_3_003480,year_3,NOT_ASKED,,,,,,True,False
year_3_003481,year_3,NOT_ASKED,,,,,,True,False
year_3_003482,year_3,NOT_ASKED,,,,,,True,False
year_3_003483,year_3,NOT_ASKED,,,,,,True,False
year_3_003484,year_3,NOT_ASKED,,,,,,True,False
year_3_003485,year_3,NOT_ASKED,,,,,,True,False
year_3_003486,year_3,NOT_ASKED,,,,,,True,False
year_3_003487,year_3,NOT_ASKED,,,,,,True,False
year_3_003488,year_3,NOT_ASKED,,,,,,True,False
year_3_003489,year_3,NOT_ASKED,,,,,,True,False
year_3_003490,year_3,NOT_ASKED,,,,,,True,False
year_3_003491,year_3,NOT_ASKED,,,,,,True,False
year_3_003492,year_3,NOT_ASKED,,,,,,True,False
year_3_003493,year_3,NOT_ASKED,,,,,,True,False
year_3_003494,year_3,NOT_ASKED,,,,,,True,False
